layer_idx,module_type,layer_name,max_val,min_val,mean_val,kurtosis
0,Attention,self_attn.q_proj,0.203125,-0.203125,0.021547394,0.0794909
0,Attention,self_attn.k_proj,0.203125,-0.203125,0.021547394,0.0794909
0,Attention,self_attn.v_proj,0.203125,-0.203125,0.021547394,0.0794909
0,Attention,self_attn.o_proj,0.40429688,-0.40234375,0.0036683262,202.54105
0,MLP,mlp.gate_proj,0.59765625,-0.41796875,0.018453151,21.40776
0,MLP,mlp.up_proj,0.59765625,-0.41796875,0.018453151,21.40776
0,MLP,mlp.down_proj,0.10839844,-0.03466797,0.00021427078,1746.9312
1,Attention,self_attn.q_proj,1.21875,-1.1640625,0.033995323,16.017002
1,Attention,self_attn.k_proj,1.21875,-1.1640625,0.033995323,16.017002
1,Attention,self_attn.v_proj,1.21875,-1.1640625,0.033995323,16.017002
1,Attention,self_attn.o_proj,0.5234375,-0.40039062,0.00587263,39.74873
1,MLP,mlp.gate_proj,1.28125,-1.203125,0.037934948,14.4814625
1,MLP,mlp.up_proj,1.28125,-1.203125,0.037934948,14.4814625
1,MLP,mlp.down_proj,0.55859375,-0.14550781,0.0005801071,15076.77
2,Attention,self_attn.q_proj,1.4375,-1.578125,0.052889425,9.468325
2,Attention,self_attn.k_proj,1.4375,-1.578125,0.052889425,9.468325
2,Attention,self_attn.v_proj,1.4375,-1.578125,0.052889425,9.468325
2,Attention,self_attn.o_proj,0.60546875,-1.3984375,0.007502468,467.17776
2,MLP,mlp.gate_proj,1.484375,-1.7578125,0.059077244,8.167628
2,MLP,mlp.up_proj,1.484375,-1.7578125,0.059077244,8.167628
2,MLP,mlp.down_proj,0.29296875,-2.09375,0.0011651464,132003.9
3,Attention,self_attn.q_proj,3.140625,-2.359375,0.07569202,7.001568
3,Attention,self_attn.k_proj,3.140625,-2.359375,0.07569202,7.001568
3,Attention,self_attn.v_proj,3.140625,-2.359375,0.07569202,7.001568
3,Attention,self_attn.o_proj,0.953125,-2.078125,0.009671015,1009.3954
3,MLP,mlp.gate_proj,3.34375,-2.59375,0.081890196,6.7815504
3,MLP,mlp.up_proj,3.34375,-2.59375,0.081890196,6.7815504
3,MLP,mlp.down_proj,0.6953125,-0.4765625,0.0021833675,970.19073
4,Attention,self_attn.q_proj,3.5625,-2.796875,0.103296615,5.7690268
4,Attention,self_attn.k_proj,3.5625,-2.796875,0.103296615,5.7690268
4,Attention,self_attn.v_proj,3.5625,-2.796875,0.103296615,5.7690268
4,Attention,self_attn.o_proj,1.15625,-0.890625,0.0135485735,105.81472
4,MLP,mlp.gate_proj,3.828125,-2.96875,0.11361494,5.3094034
4,MLP,mlp.up_proj,3.828125,-2.96875,0.11361494,5.3094034
4,MLP,mlp.down_proj,0.55859375,-1.328125,0.0037543112,700.20593
5,Attention,self_attn.q_proj,4.125,-3.03125,0.12986681,4.263628
5,Attention,self_attn.k_proj,4.125,-3.03125,0.12986681,4.263628
5,Attention,self_attn.v_proj,4.125,-3.03125,0.12986681,4.263628
5,Attention,self_attn.o_proj,1.3828125,-1.578125,0.02512221,31.194351
5,MLP,mlp.gate_proj,4.15625,-2.984375,0.14007933,4.729444
5,MLP,mlp.up_proj,4.15625,-2.984375,0.14007933,4.729444
5,MLP,mlp.down_proj,0.9140625,-1.8125,0.0074513787,300.7277
6,Attention,self_attn.q_proj,4.875,-3.21875,0.16275857,4.8477635
6,Attention,self_attn.k_proj,4.875,-3.21875,0.16275857,4.8477635
6,Attention,self_attn.v_proj,4.875,-3.21875,0.16275857,4.8477635
6,Attention,self_attn.o_proj,1.5703125,-1.7890625,0.04752928,11.635986
6,MLP,mlp.gate_proj,5.3125,-3.609375,0.18295303,5.640052
6,MLP,mlp.up_proj,5.3125,-3.609375,0.18295303,5.640052
6,MLP,mlp.down_proj,2.546875,-1.9609375,0.012133751,234.90851
7,Attention,self_attn.q_proj,5.875,-3.984375,0.19905293,5.3820868
7,Attention,self_attn.k_proj,5.875,-3.984375,0.19905293,5.3820868
7,Attention,self_attn.v_proj,5.875,-3.984375,0.19905293,5.3820868
7,Attention,self_attn.o_proj,1.8828125,-1.40625,0.050337054,11.752463
7,MLP,mlp.gate_proj,6.0625,-4.25,0.21932402,5.2875433
7,MLP,mlp.up_proj,6.0625,-4.25,0.21932402,5.2875433
7,MLP,mlp.down_proj,2.890625,-2.71875,0.01849075,140.42584
8,Attention,self_attn.q_proj,8.25,-4.5625,0.2255527,6.9018574
8,Attention,self_attn.k_proj,8.25,-4.5625,0.2255527,6.9018574
8,Attention,self_attn.v_proj,8.25,-4.5625,0.2255527,6.9018574
8,Attention,self_attn.o_proj,1.8671875,-1.8203125,0.064022206,8.649899
8,MLP,mlp.gate_proj,9.625,-4.84375,0.2376338,8.710751
8,MLP,mlp.up_proj,9.625,-4.84375,0.2376338,8.710751
8,MLP,mlp.down_proj,2.03125,-10.375,0.018963825,5269.133
9,Attention,self_attn.q_proj,17.75,-5.1875,0.24419385,24.868774
9,Attention,self_attn.k_proj,17.75,-5.1875,0.24419385,24.868774
9,Attention,self_attn.v_proj,17.75,-5.1875,0.24419385,24.868774
9,Attention,self_attn.o_proj,1.953125,-2.0,0.06604137,9.900507
9,MLP,mlp.gate_proj,26.125,-5.34375,0.26204258,73.4382
9,MLP,mlp.up_proj,26.125,-5.34375,0.26204258,73.4382
9,MLP,mlp.down_proj,17.375,-2.265625,0.023107152,15781.47
10,Attention,self_attn.q_proj,41.5,-5.53125,0.26324844,396.56427
10,Attention,self_attn.k_proj,41.5,-5.53125,0.26324844,396.56427
10,Attention,self_attn.v_proj,41.5,-5.53125,0.26324844,396.56427
10,Attention,self_attn.o_proj,2.359375,-1.8984375,0.06717533,9.663314
10,MLP,mlp.gate_proj,46.25,-5.625,0.27949962,484.75876
10,MLP,mlp.up_proj,46.25,-5.625,0.27949962,484.75876
10,MLP,mlp.down_proj,3.765625,-41.0,0.025668876,181040.75
11,Attention,self_attn.q_proj,60.25,-6.0625,0.27516925,1250.0687
11,Attention,self_attn.k_proj,60.25,-6.0625,0.27516925,1250.0687
11,Attention,self_attn.v_proj,60.25,-6.0625,0.27516925,1250.0687
11,Attention,self_attn.o_proj,1.859375,-2.671875,0.097097225,8.092239
11,MLP,mlp.gate_proj,60.75,-6.125,0.29160962,1062.4482
11,MLP,mlp.up_proj,60.75,-6.125,0.29160962,1062.4482
11,MLP,mlp.down_proj,10.8125,-14.8125,0.025105571,9441.511
12,Attention,self_attn.q_proj,63.5,-6.5,0.28825557,1256.3425
12,Attention,self_attn.k_proj,63.5,-6.5,0.28825557,1256.3425
12,Attention,self_attn.v_proj,63.5,-6.5,0.28825557,1256.3425
12,Attention,self_attn.o_proj,3.859375,-4.71875,0.07641708,17.639568
12,MLP,mlp.gate_proj,63.75,-6.5625,0.3069118,1027.9734
12,MLP,mlp.up_proj,63.75,-6.5625,0.3069118,1027.9734
12,MLP,mlp.down_proj,6.375,-15.125,0.028489294,7862.1055
13,Attention,self_attn.q_proj,68.5,-7.25,0.30575478,1257.1473
13,Attention,self_attn.k_proj,68.5,-7.25,0.30575478,1257.1473
13,Attention,self_attn.v_proj,68.5,-7.25,0.30575478,1257.1473
13,Attention,self_attn.o_proj,21.375,-14.8125,0.15388066,186.4112
13,MLP,mlp.gate_proj,68.0,-7.15625,0.31699738,1087.135
13,MLP,mlp.up_proj,68.0,-7.15625,0.31699738,1087.135
13,MLP,mlp.down_proj,19.375,-17.0,0.030565461,12632.846
14,Attention,self_attn.q_proj,70.0,-7.75,0.31262413,1221.8949
14,Attention,self_attn.k_proj,70.0,-7.75,0.31262413,1221.8949
14,Attention,self_attn.v_proj,70.0,-7.75,0.31262413,1221.8949
14,Attention,self_attn.o_proj,4.46875,-7.40625,0.11675451,14.89249
14,MLP,mlp.gate_proj,70.0,-7.8125,0.33368996,993.1406
14,MLP,mlp.up_proj,70.0,-7.8125,0.33368996,993.1406
14,MLP,mlp.down_proj,6.15625,-5.34375,0.03175268,225.22726
15,Attention,self_attn.q_proj,70.5,-8.0625,0.3256931,1090.2279
15,Attention,self_attn.k_proj,70.5,-8.0625,0.3256931,1090.2279
15,Attention,self_attn.v_proj,70.5,-8.0625,0.3256931,1090.2279
15,Attention,self_attn.o_proj,8.4375,-5.34375,0.09115695,52.45007
15,MLP,mlp.gate_proj,70.5,-8.125,0.34439063,910.0511
15,MLP,mlp.up_proj,70.5,-8.125,0.34439063,910.0511
15,MLP,mlp.down_proj,8.6875,-7.03125,0.033278186,700.93945
16,Attention,self_attn.q_proj,71.0,-8.125,0.3420099,927.9576
16,Attention,self_attn.k_proj,71.0,-8.125,0.3420099,927.9576
16,Attention,self_attn.v_proj,71.0,-8.125,0.3420099,927.9576
16,Attention,self_attn.o_proj,6.96875,-4.53125,0.07544922,28.149115
16,MLP,mlp.gate_proj,71.0,-8.1875,0.3622928,769.8922
16,MLP,mlp.up_proj,71.0,-8.1875,0.3622928,769.8922
16,MLP,mlp.down_proj,13.4375,-36.0,0.03571955,37640.016
17,Attention,self_attn.q_proj,71.0,-8.5,0.3619309,761.9965
17,Attention,self_attn.k_proj,71.0,-8.5,0.3619309,761.9965
17,Attention,self_attn.v_proj,71.0,-8.5,0.3619309,761.9965
17,Attention,self_attn.o_proj,26.25,-2.015625,0.07230612,3220.9866
17,MLP,mlp.gate_proj,71.0,-8.5,0.36837402,716.0037
17,MLP,mlp.up_proj,71.0,-8.5,0.36837402,716.0037
17,MLP,mlp.down_proj,43.75,-3.640625,0.035533037,57100.133
18,Attention,self_attn.q_proj,71.0,-8.3125,0.36988956,697.5692
18,Attention,self_attn.k_proj,71.0,-8.3125,0.36988956,697.5692
18,Attention,self_attn.v_proj,71.0,-8.3125,0.36988956,697.5692
18,Attention,self_attn.o_proj,4.6875,-3.90625,0.095294215,15.004545
18,MLP,mlp.gate_proj,71.0,-8.3125,0.3936659,565.3377
18,MLP,mlp.up_proj,71.0,-8.3125,0.3936659,565.3377
18,MLP,mlp.down_proj,22.125,-6.59375,0.042255625,5997.967
19,Attention,self_attn.q_proj,71.0,-8.1875,0.398869,533.7831
19,Attention,self_attn.k_proj,71.0,-8.1875,0.398869,533.7831
19,Attention,self_attn.v_proj,71.0,-8.1875,0.398869,533.7831
19,Attention,self_attn.o_proj,6.125,-12.3125,0.11666883,90.722206
19,MLP,mlp.gate_proj,71.0,-8.125,0.42113417,439.1049
19,MLP,mlp.up_proj,71.0,-8.125,0.42113417,439.1049
19,MLP,mlp.down_proj,6.1875,-26.875,0.04885146,6020.0566
20,Attention,self_attn.q_proj,70.5,-8.125,0.428854,397.5589
20,Attention,self_attn.k_proj,70.5,-8.125,0.428854,397.5589
20,Attention,self_attn.v_proj,70.5,-8.125,0.428854,397.5589
20,Attention,self_attn.o_proj,4.625,-10.25,0.11454064,40.75895
20,MLP,mlp.gate_proj,70.5,-8.625,0.44335228,346.9008
20,MLP,mlp.up_proj,70.5,-8.625,0.44335228,346.9008
20,MLP,mlp.down_proj,5.28125,-9.625,0.054053307,153.57376
21,Attention,self_attn.q_proj,67.5,-8.625,0.45439655,267.29614
21,Attention,self_attn.k_proj,67.5,-8.625,0.45439655,267.29614
21,Attention,self_attn.v_proj,67.5,-8.625,0.45439655,267.29614
21,Attention,self_attn.o_proj,7.53125,-5.375,0.1036372,67.15574
21,MLP,mlp.gate_proj,67.0,-9.0625,0.46873832,233.5004
21,MLP,mlp.up_proj,67.0,-9.0625,0.46873832,233.5004
21,MLP,mlp.down_proj,7.8125,-7.375,0.062148,112.697105
22,Attention,self_attn.q_proj,61.75,-9.0,0.48071507,156.4993
22,Attention,self_attn.k_proj,61.75,-9.0,0.48071507,156.4993
22,Attention,self_attn.v_proj,61.75,-9.0,0.48071507,156.4993
22,Attention,self_attn.o_proj,5.0,-4.125,0.12521613,12.774318
22,MLP,mlp.gate_proj,61.25,-9.25,0.49889743,133.73836
22,MLP,mlp.up_proj,61.25,-9.25,0.49889743,133.73836
22,MLP,mlp.down_proj,17.25,-9.8125,0.07229685,436.895
23,Attention,self_attn.q_proj,53.75,-9.3125,0.50711954,75.17485
23,Attention,self_attn.k_proj,53.75,-9.3125,0.50711954,75.17485
23,Attention,self_attn.v_proj,53.75,-9.3125,0.50711954,75.17485
23,Attention,self_attn.o_proj,4.21875,-7.75,0.17066297,8.081984
23,MLP,mlp.gate_proj,53.25,-9.75,0.5274563,62.935493
23,MLP,mlp.up_proj,53.25,-9.75,0.5274563,62.935493
23,MLP,mlp.down_proj,15.375,-15.4375,0.08767311,224.75095
24,Attention,self_attn.q_proj,48.75,-9.5625,0.55235004,35.646656
24,Attention,self_attn.k_proj,48.75,-9.5625,0.55235004,35.646656
24,Attention,self_attn.v_proj,48.75,-9.5625,0.55235004,35.646656
24,Attention,self_attn.o_proj,6.375,-9.0,0.08490348,69.004135
24,MLP,mlp.gate_proj,48.5,-9.8125,0.5820278,29.355907
24,MLP,mlp.up_proj,48.5,-9.8125,0.5820278,29.355907
24,MLP,mlp.down_proj,28.625,-25.125,0.09901072,612.0598
25,Attention,self_attn.q_proj,46.25,-9.5,0.6207745,19.964308
25,Attention,self_attn.k_proj,46.25,-9.5,0.6207745,19.964308
25,Attention,self_attn.v_proj,46.25,-9.5,0.6207745,19.964308
25,Attention,self_attn.o_proj,4.71875,-5.6875,0.08479318,28.82265
25,MLP,mlp.gate_proj,46.0,-9.6875,0.6399873,17.687128
25,MLP,mlp.up_proj,46.0,-9.6875,0.6399873,17.687128
25,MLP,mlp.down_proj,27.5,-21.25,0.11049408,458.197
26,Attention,self_attn.q_proj,44.25,-10.0625,0.6903359,11.938391
26,Attention,self_attn.k_proj,44.25,-10.0625,0.6903359,11.938391
26,Attention,self_attn.v_proj,44.25,-10.0625,0.6903359,11.938391
26,Attention,self_attn.o_proj,3.71875,-3.4375,0.0759607,18.969357
26,MLP,mlp.gate_proj,44.25,-10.25,0.7036674,11.183834
26,MLP,mlp.up_proj,44.25,-10.25,0.7036674,11.183834
26,MLP,mlp.down_proj,29.375,-40.75,0.1324887,596.84015
27,Attention,self_attn.q_proj,42.5,-10.1875,0.7532329,7.7760906
27,Attention,self_attn.k_proj,42.5,-10.1875,0.7532329,7.7760906
27,Attention,self_attn.v_proj,42.5,-10.1875,0.7532329,7.7760906
27,Attention,self_attn.o_proj,3.0625,-3.09375,0.077522285,21.175035
27,MLP,mlp.gate_proj,42.5,-10.0625,0.776439,6.85425
27,MLP,mlp.up_proj,42.5,-10.0625,0.776439,6.85425
27,MLP,mlp.down_proj,46.25,-69.5,0.16295238,1338.9
28,Attention,self_attn.q_proj,41.75,-10.125,0.8117072,5.4593306
28,Attention,self_attn.k_proj,41.75,-10.125,0.8117072,5.4593306
28,Attention,self_attn.v_proj,41.75,-10.125,0.8117072,5.4593306
28,Attention,self_attn.o_proj,3.296875,-3.421875,0.106358826,16.001165
28,MLP,mlp.gate_proj,41.75,-9.875,0.8390713,4.891615
28,MLP,mlp.up_proj,41.75,-9.875,0.8390713,4.891615
28,MLP,mlp.down_proj,131.0,-153.0,0.2888646,1940.8588
29,Attention,self_attn.q_proj,39.75,-9.125,0.8641911,4.433978
29,Attention,self_attn.k_proj,39.75,-9.125,0.8641911,4.433978
29,Attention,self_attn.v_proj,39.75,-9.125,0.8641911,4.433978
29,Attention,self_attn.o_proj,3.171875,-3.125,0.09356166,18.957788
29,MLP,mlp.gate_proj,39.25,-14.25,0.8717724,5.25183
29,MLP,mlp.up_proj,39.25,-14.25,0.8717724,5.25183
29,MLP,mlp.down_proj,30.625,-20.75,0.2617925,66.906715
0,Attention,self_attn.q_proj,0.203125,-0.203125,0.021724056,0.10776496
0,Attention,self_attn.k_proj,0.203125,-0.203125,0.021724056,0.10776496
0,Attention,self_attn.v_proj,0.203125,-0.203125,0.021724056,0.10776496
0,Attention,self_attn.o_proj,0.40234375,-0.40234375,0.0037014096,207.89069
0,MLP,mlp.gate_proj,0.62109375,-0.41796875,0.018351007,23.701378
0,MLP,mlp.up_proj,0.62109375,-0.41796875,0.018351007,23.701378
0,MLP,mlp.down_proj,0.10839844,-0.03466797,0.00021595026,1712.8414
1,Attention,self_attn.q_proj,1.1953125,-0.9921875,0.03399544,16.099037
1,Attention,self_attn.k_proj,1.1953125,-0.9921875,0.03399544,16.099037
1,Attention,self_attn.v_proj,1.1953125,-0.9921875,0.03399544,16.099037
1,Attention,self_attn.o_proj,0.46289062,-0.40039062,0.0059735137,38.181572
1,MLP,mlp.gate_proj,1.2734375,-1.0390625,0.03806408,14.149326
1,MLP,mlp.up_proj,1.2734375,-1.0390625,0.03806408,14.149326
1,MLP,mlp.down_proj,0.55859375,-0.14550781,0.00059745193,13254.886
2,Attention,self_attn.q_proj,1.5234375,-1.578125,0.053620875,9.025624
2,Attention,self_attn.k_proj,1.5234375,-1.578125,0.053620875,9.025624
2,Attention,self_attn.v_proj,1.5234375,-1.578125,0.053620875,9.025624
2,Attention,self_attn.o_proj,0.5078125,-1.3984375,0.0074858493,486.0605
2,MLP,mlp.gate_proj,1.546875,-1.7578125,0.059669893,7.755741
2,MLP,mlp.up_proj,1.546875,-1.7578125,0.059669893,7.755741
2,MLP,mlp.down_proj,0.29492188,-2.09375,0.0011781673,133429.03
3,Attention,self_attn.q_proj,3.140625,-2.359375,0.07613959,6.684354
3,Attention,self_attn.k_proj,3.140625,-2.359375,0.07613959,6.684354
3,Attention,self_attn.v_proj,3.140625,-2.359375,0.07613959,6.684354
3,Attention,self_attn.o_proj,0.953125,-2.078125,0.009635743,1020.0481
3,MLP,mlp.gate_proj,3.34375,-2.59375,0.08233694,6.4123087
3,MLP,mlp.up_proj,3.34375,-2.59375,0.08233694,6.4123087
3,MLP,mlp.down_proj,0.6953125,-0.4921875,0.0021876025,1159.3433
4,Attention,self_attn.q_proj,3.5625,-2.796875,0.104562305,5.3625317
4,Attention,self_attn.k_proj,3.5625,-2.796875,0.104562305,5.3625317
4,Attention,self_attn.v_proj,3.5625,-2.796875,0.104562305,5.3625317
4,Attention,self_attn.o_proj,1.15625,-0.890625,0.013517663,109.54749
4,MLP,mlp.gate_proj,3.828125,-2.96875,0.11470302,4.852871
4,MLP,mlp.up_proj,3.828125,-2.96875,0.11470302,4.852871
4,MLP,mlp.down_proj,0.640625,-1.328125,0.0038226072,658.302
5,Attention,self_attn.q_proj,4.125,-3.03125,0.13229607,3.7628126
5,Attention,self_attn.k_proj,4.125,-3.03125,0.13229607,3.7628126
5,Attention,self_attn.v_proj,4.125,-3.03125,0.13229607,3.7628126
5,Attention,self_attn.o_proj,1.3828125,-1.578125,0.025656205,29.18589
5,MLP,mlp.gate_proj,4.15625,-2.984375,0.14235748,4.1836543
5,MLP,mlp.up_proj,4.15625,-2.984375,0.14235748,4.1836543
5,MLP,mlp.down_proj,1.2578125,-1.8125,0.0076175793,272.44626
6,Attention,self_attn.q_proj,4.875,-3.328125,0.16575478,4.2939634
6,Attention,self_attn.k_proj,4.875,-3.328125,0.16575478,4.2939634
6,Attention,self_attn.v_proj,4.875,-3.328125,0.16575478,4.2939634
6,Attention,self_attn.o_proj,1.21875,-1.5234375,0.047093976,11.4703045
6,MLP,mlp.gate_proj,5.3125,-3.78125,0.18514432,4.885306
6,MLP,mlp.up_proj,5.3125,-3.78125,0.18514432,4.885306
6,MLP,mlp.down_proj,2.609375,-1.703125,0.012161524,229.75478
7,Attention,self_attn.q_proj,5.875,-4.125,0.20155577,4.690159
7,Attention,self_attn.k_proj,5.875,-4.125,0.20155577,4.690159
7,Attention,self_attn.v_proj,5.875,-4.125,0.20155577,4.690159
7,Attention,self_attn.o_proj,1.5625,-1.65625,0.051378496,11.465471
7,MLP,mlp.gate_proj,6.0625,-4.375,0.22097096,4.661939
7,MLP,mlp.up_proj,6.0625,-4.375,0.22097096,4.661939
7,MLP,mlp.down_proj,3.734375,-3.03125,0.018553179,180.39629
8,Attention,self_attn.q_proj,8.1875,-4.625,0.22753465,6.2012997
8,Attention,self_attn.k_proj,8.1875,-4.625,0.22753465,6.2012997
8,Attention,self_attn.v_proj,8.1875,-4.625,0.22753465,6.2012997
8,Attention,self_attn.o_proj,1.84375,-1.9453125,0.063909,10.190951
8,MLP,mlp.gate_proj,9.4375,-4.875,0.24049838,7.6906137
8,MLP,mlp.up_proj,9.4375,-4.875,0.24049838,7.6906137
8,MLP,mlp.down_proj,1.6328125,-12.375,0.01906397,5659.789
9,Attention,self_attn.q_proj,17.625,-5.09375,0.24797823,23.961899
9,Attention,self_attn.k_proj,17.625,-5.09375,0.24797823,23.961899
9,Attention,self_attn.v_proj,17.625,-5.09375,0.24797823,23.961899
9,Attention,self_attn.o_proj,2.09375,-1.890625,0.06638503,10.027975
9,MLP,mlp.gate_proj,26.125,-5.21875,0.26629555,73.49293
9,MLP,mlp.up_proj,26.125,-5.21875,0.26629555,73.49293
9,MLP,mlp.down_proj,17.0,-2.453125,0.023437822,11901.36
10,Attention,self_attn.q_proj,41.5,-5.21875,0.2650868,402.92014
10,Attention,self_attn.k_proj,41.5,-5.21875,0.2650868,402.92014
10,Attention,self_attn.v_proj,41.5,-5.21875,0.2650868,402.92014
10,Attention,self_attn.o_proj,2.21875,-1.7421875,0.0661501,10.308078
10,MLP,mlp.gate_proj,46.0,-5.25,0.2809914,493.47357
10,MLP,mlp.up_proj,46.0,-5.25,0.2809914,493.47357
10,MLP,mlp.down_proj,2.859375,-40.5,0.02557792,142726.0
11,Attention,self_attn.q_proj,59.5,-5.96875,0.27685076,1215.6061
11,Attention,self_attn.k_proj,59.5,-5.96875,0.27685076,1215.6061
11,Attention,self_attn.v_proj,59.5,-5.96875,0.27685076,1215.6061
11,Attention,self_attn.o_proj,2.015625,-2.21875,0.094424956,8.982718
11,MLP,mlp.gate_proj,60.25,-6.03125,0.29307842,1035.9868
11,MLP,mlp.up_proj,60.25,-6.03125,0.29307842,1035.9868
11,MLP,mlp.down_proj,10.1875,-15.0625,0.025080344,8181.3667
12,Attention,self_attn.q_proj,63.0,-6.4375,0.288651,1239.55
12,Attention,self_attn.k_proj,63.0,-6.4375,0.288651,1239.55
12,Attention,self_attn.v_proj,63.0,-6.4375,0.288651,1239.55
12,Attention,self_attn.o_proj,3.859375,-4.46875,0.07432117,17.966827
12,MLP,mlp.gate_proj,63.25,-6.53125,0.3087485,998.6905
12,MLP,mlp.up_proj,63.25,-6.53125,0.3087485,998.6905
12,MLP,mlp.down_proj,6.3125,-14.0,0.028625371,6256.5405
13,Attention,self_attn.q_proj,67.5,-7.1875,0.30729505,1216.1091
13,Attention,self_attn.k_proj,67.5,-7.1875,0.30729505,1216.1091
13,Attention,self_attn.v_proj,67.5,-7.1875,0.30729505,1216.1091
13,Attention,self_attn.o_proj,21.25,-14.75,0.15237567,188.84387
13,MLP,mlp.gate_proj,67.0,-7.09375,0.3182371,1054.9989
13,MLP,mlp.up_proj,67.0,-7.09375,0.3182371,1054.9989
13,MLP,mlp.down_proj,19.375,-16.375,0.0305795,11052.453
14,Attention,self_attn.q_proj,69.0,-7.6875,0.31287223,1198.5543
14,Attention,self_attn.k_proj,69.0,-7.6875,0.31287223,1198.5543
14,Attention,self_attn.v_proj,69.0,-7.6875,0.31287223,1198.5543
14,Attention,self_attn.o_proj,4.5,-7.40625,0.11499122,14.959055
14,MLP,mlp.gate_proj,69.0,-7.75,0.33416978,971.67303
14,MLP,mlp.up_proj,69.0,-7.75,0.33416978,971.67303
14,MLP,mlp.down_proj,6.0625,-5.59375,0.031558644,210.77986
15,Attention,self_attn.q_proj,69.5,-8.0,0.32674354,1062.4417
15,Attention,self_attn.k_proj,69.5,-8.0,0.32674354,1062.4417
15,Attention,self_attn.v_proj,69.5,-8.0,0.32674354,1062.4417
15,Attention,self_attn.o_proj,8.6875,-5.53125,0.08783978,53.68932
15,MLP,mlp.gate_proj,69.5,-8.0625,0.34468594,890.0773
15,MLP,mlp.up_proj,69.5,-8.0625,0.34468594,890.0773
15,MLP,mlp.down_proj,8.75,-6.90625,0.033070125,710.6314
16,Attention,self_attn.q_proj,70.0,-8.125,0.34138018,915.7966
16,Attention,self_attn.k_proj,70.0,-8.125,0.34138018,915.7966
16,Attention,self_attn.v_proj,70.0,-8.125,0.34138018,915.7966
16,Attention,self_attn.o_proj,5.96875,-4.75,0.07464229,28.993202
16,MLP,mlp.gate_proj,70.0,-8.1875,0.36096552,765.53625
16,MLP,mlp.up_proj,70.0,-8.1875,0.36096552,765.53625
16,MLP,mlp.down_proj,13.625,-35.0,0.034996703,36284.57
17,Attention,self_attn.q_proj,70.0,-8.5,0.3599602,760.98224
17,Attention,self_attn.k_proj,70.0,-8.5,0.3599602,760.98224
17,Attention,self_attn.v_proj,70.0,-8.5,0.3599602,760.98224
17,Attention,self_attn.o_proj,25.625,-2.03125,0.07076389,3428.141
17,MLP,mlp.gate_proj,70.0,-8.5,0.36608323,717.90875
17,MLP,mlp.up_proj,70.0,-8.5,0.36608323,717.90875
17,MLP,mlp.down_proj,42.5,-3.15625,0.034648173,54417.004
18,Attention,self_attn.q_proj,70.0,-8.3125,0.36747012,700.3013
18,Attention,self_attn.k_proj,70.0,-8.3125,0.36747012,700.3013
18,Attention,self_attn.v_proj,70.0,-8.3125,0.36747012,700.3013
18,Attention,self_attn.o_proj,4.53125,-3.8125,0.09309371,15.090683
18,MLP,mlp.gate_proj,70.0,-8.3125,0.39145434,565.111
18,MLP,mlp.up_proj,70.0,-8.3125,0.39145434,565.111
18,MLP,mlp.down_proj,22.0,-6.40625,0.0413621,5890.3706
19,Attention,self_attn.q_proj,70.0,-8.1875,0.395856,537.08264
19,Attention,self_attn.k_proj,70.0,-8.1875,0.395856,537.08264
19,Attention,self_attn.v_proj,70.0,-8.1875,0.395856,537.08264
19,Attention,self_attn.o_proj,5.875,-11.75,0.1132467,93.778984
19,MLP,mlp.gate_proj,70.0,-8.125,0.4183352,441.17957
19,MLP,mlp.up_proj,70.0,-8.125,0.4183352,441.17957
19,MLP,mlp.down_proj,6.1875,-27.125,0.04819802,6123.656
20,Attention,self_attn.q_proj,69.5,-8.0,0.4252377,401.93268
20,Attention,self_attn.k_proj,69.5,-8.0,0.4252377,401.93268
20,Attention,self_attn.v_proj,69.5,-8.0,0.4252377,401.93268
20,Attention,self_attn.o_proj,4.59375,-9.5625,0.114178576,36.707283
20,MLP,mlp.gate_proj,69.5,-8.0,0.4404237,349.1533
20,MLP,mlp.up_proj,69.5,-8.0,0.4404237,349.1533
20,MLP,mlp.down_proj,10.3125,-7.875,0.053214397,150.65796
21,Attention,self_attn.q_proj,67.0,-7.90625,0.45071357,268.2722
21,Attention,self_attn.k_proj,67.0,-7.90625,0.45071357,268.2722
21,Attention,self_attn.v_proj,67.0,-7.90625,0.45071357,268.2722
21,Attention,self_attn.o_proj,7.375,-5.28125,0.104416855,63.302124
21,MLP,mlp.gate_proj,66.5,-7.875,0.46532968,233.71858
21,MLP,mlp.up_proj,66.5,-7.875,0.46532968,233.71858
21,MLP,mlp.down_proj,10.0,-6.5625,0.060943607,116.69709
22,Attention,self_attn.q_proj,61.75,-7.5625,0.47577396,157.57921
22,Attention,self_attn.k_proj,61.75,-7.5625,0.47577396,157.57921
22,Attention,self_attn.v_proj,61.75,-7.5625,0.47577396,157.57921
22,Attention,self_attn.o_proj,4.90625,-4.0,0.124427676,11.790832
22,MLP,mlp.gate_proj,61.25,-7.59375,0.49417353,133.25044
22,MLP,mlp.up_proj,61.25,-7.59375,0.49417353,133.25044
22,MLP,mlp.down_proj,16.75,-10.25,0.07110827,452.09674
23,Attention,self_attn.q_proj,54.25,-7.53125,0.5026226,73.96598
23,Attention,self_attn.k_proj,54.25,-7.53125,0.5026226,73.96598
23,Attention,self_attn.v_proj,54.25,-7.53125,0.5026226,73.96598
23,Attention,self_attn.o_proj,4.09375,-7.625,0.16425864,8.44964
23,MLP,mlp.gate_proj,53.75,-7.84375,0.5217,62.279015
23,MLP,mlp.up_proj,53.75,-7.84375,0.5217,62.279015
23,MLP,mlp.down_proj,16.0,-13.9375,0.08594656,247.02995
24,Attention,self_attn.q_proj,49.0,-8.0625,0.5432918,35.55077
24,Attention,self_attn.k_proj,49.0,-8.0625,0.5432918,35.55077
24,Attention,self_attn.v_proj,49.0,-8.0625,0.5432918,35.55077
24,Attention,self_attn.o_proj,6.625,-9.0,0.08620236,57.400295
24,MLP,mlp.gate_proj,48.75,-8.4375,0.57338566,29.19109
24,MLP,mlp.up_proj,48.75,-8.4375,0.57338566,29.19109
24,MLP,mlp.down_proj,30.5,-22.125,0.09658619,646.5083
25,Attention,self_attn.q_proj,46.5,-9.1875,0.6075549,20.10444
25,Attention,self_attn.k_proj,46.5,-9.1875,0.6075549,20.10444
25,Attention,self_attn.v_proj,46.5,-9.1875,0.6075549,20.10444
25,Attention,self_attn.o_proj,4.5,-5.5,0.08681128,27.10382
25,MLP,mlp.gate_proj,46.25,-9.0625,0.6278879,17.695833
25,MLP,mlp.up_proj,46.25,-9.0625,0.6278879,17.695833
25,MLP,mlp.down_proj,27.125,-18.375,0.10764772,410.1327
26,Attention,self_attn.q_proj,44.5,-9.5625,0.6774365,11.910296
26,Attention,self_attn.k_proj,44.5,-9.5625,0.6774365,11.910296
26,Attention,self_attn.v_proj,44.5,-9.5625,0.6774365,11.910296
26,Attention,self_attn.o_proj,3.578125,-2.34375,0.07824185,18.063742
26,MLP,mlp.gate_proj,44.5,-9.75,0.69393045,10.974857
26,MLP,mlp.up_proj,44.5,-9.75,0.69393045,10.974857
26,MLP,mlp.down_proj,24.625,-40.75,0.12918526,515.2449
27,Attention,self_attn.q_proj,42.75,-9.9375,0.7439005,7.576623
27,Attention,self_attn.k_proj,42.75,-9.9375,0.7439005,7.576623
27,Attention,self_attn.v_proj,42.75,-9.9375,0.7439005,7.576623
27,Attention,self_attn.o_proj,2.9375,-4.0,0.076400675,22.029345
27,MLP,mlp.gate_proj,42.75,-9.8125,0.76590514,6.7173767
27,MLP,mlp.up_proj,42.75,-9.8125,0.76590514,6.7173767
27,MLP,mlp.down_proj,73.5,-70.5,0.15777242,1504.7145
28,Attention,self_attn.q_proj,42.0,-9.8125,0.8064764,5.219471
28,Attention,self_attn.k_proj,42.0,-9.8125,0.8064764,5.219471
28,Attention,self_attn.v_proj,42.0,-9.8125,0.8064764,5.219471
28,Attention,self_attn.o_proj,3.90625,-4.8125,0.107980795,15.782488
28,MLP,mlp.gate_proj,42.0,-9.5625,0.83372504,4.680455
28,MLP,mlp.up_proj,42.0,-9.5625,0.83372504,4.680455
28,MLP,mlp.down_proj,198.0,-160.0,0.27951595,3007.5693
29,Attention,self_attn.q_proj,40.0,-9.1875,0.8608488,4.4901514
29,Attention,self_attn.k_proj,40.0,-9.1875,0.8608488,4.4901514
29,Attention,self_attn.v_proj,40.0,-9.1875,0.8608488,4.4901514
29,Attention,self_attn.o_proj,3.015625,-2.9375,0.090388946,16.515406
29,MLP,mlp.gate_proj,39.75,-14.75,0.86653316,6.1088533
29,MLP,mlp.up_proj,39.75,-14.75,0.86653316,6.1088533
29,MLP,mlp.down_proj,48.25,-24.75,0.25662187,110.02677
0,Attention,self_attn.q_proj,0.203125,-0.203125,0.021594591,0.10981274
0,Attention,self_attn.k_proj,0.203125,-0.203125,0.021594591,0.10981274
0,Attention,self_attn.v_proj,0.203125,-0.203125,0.021594591,0.10981274
0,Attention,self_attn.o_proj,0.40625,-0.40234375,0.0036939175,198.76122
0,MLP,mlp.gate_proj,0.6171875,-0.41796875,0.018418435,20.646206
0,MLP,mlp.up_proj,0.6171875,-0.41796875,0.018418435,20.646206
0,MLP,mlp.down_proj,0.10839844,-0.034423828,0.00021403912,1751.7781
1,Attention,self_attn.q_proj,1.15625,-0.99609375,0.033747274,15.48798
1,Attention,self_attn.k_proj,1.15625,-0.99609375,0.033747274,15.48798
1,Attention,self_attn.v_proj,1.15625,-0.99609375,0.033747274,15.48798
1,Attention,self_attn.o_proj,0.5,-0.40039062,0.005883351,43.06125
1,MLP,mlp.gate_proj,1.2421875,-1.0390625,0.0379032,13.61978
1,MLP,mlp.up_proj,1.2421875,-1.0390625,0.0379032,13.61978
1,MLP,mlp.down_proj,0.55859375,-0.13183594,0.0005863678,14669.502
2,Attention,self_attn.q_proj,1.4453125,-1.578125,0.05298693,8.949878
2,Attention,self_attn.k_proj,1.4453125,-1.578125,0.05298693,8.949878
2,Attention,self_attn.v_proj,1.4453125,-1.578125,0.05298693,8.949878
2,Attention,self_attn.o_proj,0.4765625,-1.3984375,0.007546431,461.57767
2,MLP,mlp.gate_proj,1.484375,-1.7578125,0.059305016,7.6457796
2,MLP,mlp.up_proj,1.484375,-1.7578125,0.059305016,7.6457796
2,MLP,mlp.down_proj,0.33984375,-2.09375,0.0011695029,134065.64
3,Attention,self_attn.q_proj,3.140625,-2.359375,0.075772606,6.67358
3,Attention,self_attn.k_proj,3.140625,-2.359375,0.075772606,6.67358
3,Attention,self_attn.v_proj,3.140625,-2.359375,0.075772606,6.67358
3,Attention,self_attn.o_proj,0.953125,-2.078125,0.009877173,966.3274
3,MLP,mlp.gate_proj,3.34375,-2.59375,0.082419015,6.365814
3,MLP,mlp.up_proj,3.34375,-2.59375,0.082419015,6.365814
3,MLP,mlp.down_proj,0.6953125,-0.53515625,0.0022084587,1115.3657
4,Attention,self_attn.q_proj,3.5625,-2.796875,0.10465529,5.362239
4,Attention,self_attn.k_proj,3.5625,-2.796875,0.10465529,5.362239
4,Attention,self_attn.v_proj,3.5625,-2.796875,0.10465529,5.362239
4,Attention,self_attn.o_proj,1.15625,-0.890625,0.013330403,107.93176
4,MLP,mlp.gate_proj,3.828125,-2.96875,0.11474034,4.9117928
4,MLP,mlp.up_proj,3.828125,-2.96875,0.11474034,4.9117928
4,MLP,mlp.down_proj,0.55078125,-1.328125,0.0037835266,661.1776
5,Attention,self_attn.q_proj,4.125,-3.03125,0.13133864,3.9256845
5,Attention,self_attn.k_proj,4.125,-3.03125,0.13133864,3.9256845
5,Attention,self_attn.v_proj,4.125,-3.03125,0.13133864,3.9256845
5,Attention,self_attn.o_proj,1.3828125,-1.578125,0.02539192,30.884335
5,MLP,mlp.gate_proj,4.15625,-2.984375,0.14192314,4.282934
5,MLP,mlp.up_proj,4.15625,-2.984375,0.14192314,4.282934
5,MLP,mlp.down_proj,1.203125,-1.8125,0.007565703,274.36172
6,Attention,self_attn.q_proj,4.875,-3.296875,0.16551697,4.345335
6,Attention,self_attn.k_proj,4.875,-3.296875,0.16551697,4.345335
6,Attention,self_attn.v_proj,4.875,-3.296875,0.16551697,4.345335
6,Attention,self_attn.o_proj,1.4765625,-1.5390625,0.047539618,11.593271
6,MLP,mlp.gate_proj,5.3125,-3.84375,0.18551968,5.126251
6,MLP,mlp.up_proj,5.3125,-3.84375,0.18551968,5.126251
6,MLP,mlp.down_proj,2.609375,-1.7578125,0.012276796,204.17023
7,Attention,self_attn.q_proj,5.875,-4.125,0.20031227,4.9683
7,Attention,self_attn.k_proj,5.875,-4.125,0.20031227,4.9683
7,Attention,self_attn.v_proj,5.875,-4.125,0.20031227,4.9683
7,Attention,self_attn.o_proj,1.703125,-1.5859375,0.050717954,12.667003
7,MLP,mlp.gate_proj,6.0625,-4.40625,0.22094037,4.898001
7,MLP,mlp.up_proj,6.0625,-4.40625,0.22094037,4.898001
7,MLP,mlp.down_proj,2.15625,-3.296875,0.018665543,170.78165
8,Attention,self_attn.q_proj,8.1875,-4.75,0.22846375,6.355255
8,Attention,self_attn.k_proj,8.1875,-4.75,0.22846375,6.355255
8,Attention,self_attn.v_proj,8.1875,-4.75,0.22846375,6.355255
8,Attention,self_attn.o_proj,1.765625,-2.109375,0.0650228,9.948786
8,MLP,mlp.gate_proj,9.3125,-5.0,0.24095328,8.163654
8,MLP,mlp.up_proj,9.3125,-5.0,0.24095328,8.163654
8,MLP,mlp.down_proj,1.8984375,-8.6875,0.019363107,2754.8955
9,Attention,self_attn.q_proj,17.375,-5.09375,0.24762987,25.69517
9,Attention,self_attn.k_proj,17.375,-5.09375,0.24762987,25.69517
9,Attention,self_attn.v_proj,17.375,-5.09375,0.24762987,25.69517
9,Attention,self_attn.o_proj,1.953125,-1.9140625,0.06638983,10.079753
9,MLP,mlp.gate_proj,25.75,-5.25,0.26615795,79.91293
9,MLP,mlp.up_proj,25.75,-5.25,0.26615795,79.91293
9,MLP,mlp.down_proj,17.125,-3.5625,0.023529517,14355.688
10,Attention,self_attn.q_proj,41.25,-5.4375,0.26651564,433.04913
10,Attention,self_attn.k_proj,41.25,-5.4375,0.26651564,433.04913
10,Attention,self_attn.v_proj,41.25,-5.4375,0.26651564,433.04913
10,Attention,self_attn.o_proj,2.4375,-2.0,0.06639597,12.321124
10,MLP,mlp.gate_proj,45.75,-5.53125,0.28304538,531.10767
10,MLP,mlp.up_proj,45.75,-5.53125,0.28304538,531.10767
10,MLP,mlp.down_proj,2.46875,-43.25,0.026008707,180083.44
11,Attention,self_attn.q_proj,59.75,-6.0,0.27972022,1358.764
11,Attention,self_attn.k_proj,59.75,-6.0,0.27972022,1358.764
11,Attention,self_attn.v_proj,59.75,-6.0,0.27972022,1358.764
11,Attention,self_attn.o_proj,1.859375,-2.296875,0.09565704,8.9418545
11,MLP,mlp.gate_proj,60.25,-6.125,0.29474625,1175.5945
11,MLP,mlp.up_proj,60.25,-6.125,0.29474625,1175.5945
11,MLP,mlp.down_proj,11.375,-15.8125,0.025366152,9652.783
12,Attention,self_attn.q_proj,63.0,-6.46875,0.29150707,1376.4569
12,Attention,self_attn.k_proj,63.0,-6.46875,0.29150707,1376.4569
12,Attention,self_attn.v_proj,63.0,-6.46875,0.29150707,1376.4569
12,Attention,self_attn.o_proj,4.25,-4.46875,0.07573967,17.32181
12,MLP,mlp.gate_proj,63.25,-6.53125,0.31174558,1115.7141
12,MLP,mlp.up_proj,63.25,-6.53125,0.31174558,1115.7141
12,MLP,mlp.down_proj,7.25,-15.0,0.029131368,8016.075
13,Attention,self_attn.q_proj,68.0,-7.21875,0.31134754,1351.2893
13,Attention,self_attn.k_proj,68.0,-7.21875,0.31134754,1351.2893
13,Attention,self_attn.v_proj,68.0,-7.21875,0.31134754,1351.2893
13,Attention,self_attn.o_proj,21.125,-13.375,0.1530502,192.09822
13,MLP,mlp.gate_proj,67.5,-7.125,0.3219717,1175.0684
13,MLP,mlp.up_proj,67.5,-7.125,0.3219717,1175.0684
13,MLP,mlp.down_proj,19.5,-18.125,0.031191465,12009.587
14,Attention,self_attn.q_proj,69.5,-7.71875,0.3174506,1318.4286
14,Attention,self_attn.k_proj,69.5,-7.71875,0.3174506,1318.4286
14,Attention,self_attn.v_proj,69.5,-7.71875,0.3174506,1318.4286
14,Attention,self_attn.o_proj,4.5625,-7.375,0.11672111,15.372467
14,MLP,mlp.gate_proj,69.5,-7.78125,0.3382917,1077.5841
14,MLP,mlp.up_proj,69.5,-7.78125,0.3382917,1077.5841
14,MLP,mlp.down_proj,6.40625,-5.34375,0.03228374,228.70837
15,Attention,self_attn.q_proj,70.0,-8.0625,0.3310308,1168.1078
15,Attention,self_attn.k_proj,70.0,-8.0625,0.3310308,1168.1078
15,Attention,self_attn.v_proj,70.0,-8.0625,0.3310308,1168.1078
15,Attention,self_attn.o_proj,8.3125,-5.25,0.08948299,54.482
15,MLP,mlp.gate_proj,70.0,-8.125,0.34860653,986.7926
15,MLP,mlp.up_proj,70.0,-8.125,0.34860653,986.7926
15,MLP,mlp.down_proj,8.625,-7.15625,0.0338383,648.97845
16,Attention,self_attn.q_proj,70.0,-8.1875,0.3460693,1002.7527
16,Attention,self_attn.k_proj,70.0,-8.1875,0.3460693,1002.7527
16,Attention,self_attn.v_proj,70.0,-8.1875,0.3460693,1002.7527
16,Attention,self_attn.o_proj,5.78125,-4.4375,0.07481548,27.778135
16,MLP,mlp.gate_proj,70.0,-8.25,0.36541346,841.2584
16,MLP,mlp.up_proj,70.0,-8.25,0.36541346,841.2584
16,MLP,mlp.down_proj,13.375,-36.5,0.03598675,37968.816
17,Attention,self_attn.q_proj,70.0,-8.5625,0.36645576,822.42615
17,Attention,self_attn.k_proj,70.0,-8.5625,0.36645576,822.42615
17,Attention,self_attn.v_proj,70.0,-8.5625,0.36645576,822.42615
17,Attention,self_attn.o_proj,25.875,-2.15625,0.07207873,3326.5989
17,MLP,mlp.gate_proj,70.0,-8.5625,0.37304497,772.39056
17,MLP,mlp.up_proj,70.0,-8.5625,0.37304497,772.39056
17,MLP,mlp.down_proj,43.75,-3.6875,0.035961743,54029.35
18,Attention,self_attn.q_proj,70.0,-8.375,0.3741854,755.3581
18,Attention,self_attn.k_proj,70.0,-8.375,0.3741854,755.3581
18,Attention,self_attn.v_proj,70.0,-8.375,0.3741854,755.3581
18,Attention,self_attn.o_proj,4.65625,-3.90625,0.09438845,14.498039
18,MLP,mlp.gate_proj,70.0,-8.375,0.3957941,625.2218
18,MLP,mlp.up_proj,70.0,-8.375,0.3957941,625.2218
18,MLP,mlp.down_proj,22.625,-6.46875,0.04224429,6545.02
19,Attention,self_attn.q_proj,70.0,-8.25,0.40011448,594.2007
19,Attention,self_attn.k_proj,70.0,-8.25,0.40011448,594.2007
19,Attention,self_attn.v_proj,70.0,-8.25,0.40011448,594.2007
19,Attention,self_attn.o_proj,5.9375,-11.875,0.11242925,107.69442
19,MLP,mlp.gate_proj,70.0,-8.1875,0.42128098,493.14673
19,MLP,mlp.up_proj,70.0,-8.1875,0.42128098,493.14673
19,MLP,mlp.down_proj,6.0625,-26.75,0.048540242,6393.565
20,Attention,self_attn.q_proj,69.5,-8.125,0.42785764,450.58923
20,Attention,self_attn.k_proj,69.5,-8.125,0.42785764,450.58923
20,Attention,self_attn.v_proj,69.5,-8.125,0.42785764,450.58923
20,Attention,self_attn.o_proj,4.53125,-9.9375,0.1140818,39.7793
20,MLP,mlp.gate_proj,69.5,-8.5625,0.4413351,395.92932
20,MLP,mlp.up_proj,69.5,-8.5625,0.4413351,395.92932
20,MLP,mlp.down_proj,7.0,-10.5,0.053237148,201.02147
21,Attention,self_attn.q_proj,66.5,-8.75,0.45082703,306.91904
21,Attention,self_attn.k_proj,66.5,-8.75,0.45082703,306.91904
21,Attention,self_attn.v_proj,66.5,-8.75,0.45082703,306.91904
21,Attention,self_attn.o_proj,7.6875,-5.375,0.10286425,71.489555
21,MLP,mlp.gate_proj,66.0,-9.125,0.4644231,270.62772
21,MLP,mlp.up_proj,66.0,-9.125,0.4644231,270.62772
21,MLP,mlp.down_proj,6.15625,-6.34375,0.060520224,104.06391
22,Attention,self_attn.q_proj,61.0,-9.1875,0.47494,182.51524
22,Attention,self_attn.k_proj,61.0,-9.1875,0.47494,182.51524
22,Attention,self_attn.v_proj,61.0,-9.1875,0.47494,182.51524
22,Attention,self_attn.o_proj,4.96875,-4.09375,0.12222721,13.861477
22,MLP,mlp.gate_proj,60.5,-9.25,0.49161947,156.62349
22,MLP,mlp.up_proj,60.5,-9.25,0.49161947,156.62349
22,MLP,mlp.down_proj,16.875,-11.25,0.07030158,463.74844
23,Attention,self_attn.q_proj,53.25,-9.5,0.4998716,86.57472
23,Attention,self_attn.k_proj,53.25,-9.5,0.4998716,86.57472
23,Attention,self_attn.v_proj,53.25,-9.5,0.4998716,86.57472
23,Attention,self_attn.o_proj,4.1875,-7.625,0.16224585,9.161777
23,MLP,mlp.gate_proj,52.75,-9.625,0.5181576,73.040276
23,MLP,mlp.up_proj,52.75,-9.625,0.5181576,73.040276
23,MLP,mlp.down_proj,11.5,-16.875,0.08498188,242.0254
24,Attention,self_attn.q_proj,48.0,-9.5,0.54227096,40.794926
24,Attention,self_attn.k_proj,48.0,-9.5,0.54227096,40.794926
24,Attention,self_attn.v_proj,48.0,-9.5,0.54227096,40.794926
24,Attention,self_attn.o_proj,6.65625,-9.375,0.084680505,71.28669
24,MLP,mlp.gate_proj,47.75,-9.5,0.57253665,33.379314
24,MLP,mlp.up_proj,47.75,-9.5,0.57253665,33.379314
24,MLP,mlp.down_proj,28.625,-15.0625,0.09631659,600.3026
25,Attention,self_attn.q_proj,45.5,-9.5625,0.61222017,22.2889
25,Attention,self_attn.k_proj,45.5,-9.5625,0.61222017,22.2889
25,Attention,self_attn.v_proj,45.5,-9.5625,0.61222017,22.2889
25,Attention,self_attn.o_proj,4.6875,-5.5,0.08103922,33.167004
25,MLP,mlp.gate_proj,45.25,-9.5625,0.6291222,19.970715
25,MLP,mlp.up_proj,45.25,-9.5625,0.6291222,19.970715
25,MLP,mlp.down_proj,26.125,-16.625,0.107241414,414.5725
26,Attention,self_attn.q_proj,43.5,-10.1875,0.6774148,13.478092
26,Attention,self_attn.k_proj,43.5,-10.1875,0.6774148,13.478092
26,Attention,self_attn.v_proj,43.5,-10.1875,0.6774148,13.478092
26,Attention,self_attn.o_proj,3.671875,-2.453125,0.07649258,18.949337
26,MLP,mlp.gate_proj,43.5,-10.5625,0.6914157,12.5505705
26,MLP,mlp.up_proj,43.5,-10.5625,0.6914157,12.5505705
26,MLP,mlp.down_proj,20.0,-40.5,0.12653866,592.5504
27,Attention,self_attn.q_proj,41.75,-10.5625,0.73843044,8.747932
27,Attention,self_attn.k_proj,41.75,-10.5625,0.73843044,8.747932
27,Attention,self_attn.v_proj,41.75,-10.5625,0.73843044,8.747932
27,Attention,self_attn.o_proj,2.71875,-3.109375,0.07623984,22.185825
27,MLP,mlp.gate_proj,41.75,-10.4375,0.7600924,7.7705975
27,MLP,mlp.up_proj,41.75,-10.4375,0.7600924,7.7705975
27,MLP,mlp.down_proj,63.25,-68.5,0.15550399,1411.5844
28,Attention,self_attn.q_proj,41.0,-10.125,0.79816234,6.0855064
28,Attention,self_attn.k_proj,41.0,-10.125,0.79816234,6.0855064
28,Attention,self_attn.v_proj,41.0,-10.125,0.79816234,6.0855064
28,Attention,self_attn.o_proj,4.1875,-5.15625,0.101337396,19.236948
28,MLP,mlp.gate_proj,41.0,-9.9375,0.8237997,5.454649
28,MLP,mlp.up_proj,41.0,-9.9375,0.8237997,5.454649
28,MLP,mlp.down_proj,95.0,-149.0,0.27101323,1048.3308
29,Attention,self_attn.q_proj,39.0,-9.75,0.8504316,5.0068703
29,Attention,self_attn.k_proj,39.0,-9.75,0.8504316,5.0068703
29,Attention,self_attn.v_proj,39.0,-9.75,0.8504316,5.0068703
29,Attention,self_attn.o_proj,4.0,-2.921875,0.09097746,16.589378
29,MLP,mlp.gate_proj,38.75,-14.3125,0.85677856,6.255086
29,MLP,mlp.up_proj,38.75,-14.3125,0.85677856,6.255086
29,MLP,mlp.down_proj,31.25,-23.375,0.25243655,72.27502
0,Attention,self_attn.q_proj,0.203125,-0.203125,0.020704603,0.17535686
0,Attention,self_attn.k_proj,0.203125,-0.203125,0.020704603,0.17535686
0,Attention,self_attn.v_proj,0.203125,-0.203125,0.020704603,0.17535686
0,Attention,self_attn.o_proj,0.41210938,-0.40234375,0.003748296,197.25916
0,MLP,mlp.gate_proj,0.6875,-0.41796875,0.017219875,34.340042
0,MLP,mlp.up_proj,0.6875,-0.41796875,0.017219875,34.340042
0,MLP,mlp.down_proj,0.10839844,-0.034423828,0.00018377279,2604.0312
1,Attention,self_attn.q_proj,1.21875,-1.03125,0.030570706,18.210247
1,Attention,self_attn.k_proj,1.21875,-1.03125,0.030570706,18.210247
1,Attention,self_attn.v_proj,1.21875,-1.03125,0.030570706,18.210247
1,Attention,self_attn.o_proj,0.3125,-0.40039062,0.005747286,43.137726
1,MLP,mlp.gate_proj,1.3203125,-1.0390625,0.034788348,15.549013
1,MLP,mlp.up_proj,1.3203125,-1.0390625,0.034788348,15.549013
1,MLP,mlp.down_proj,0.55859375,-0.15136719,0.00049992173,21491.693
2,Attention,self_attn.q_proj,1.671875,-1.578125,0.04840181,10.521692
2,Attention,self_attn.k_proj,1.671875,-1.578125,0.04840181,10.521692
2,Attention,self_attn.v_proj,1.671875,-1.578125,0.04840181,10.521692
2,Attention,self_attn.o_proj,0.57421875,-1.3984375,0.007519419,480.82718
2,MLP,mlp.gate_proj,1.7109375,-1.7578125,0.054484393,8.762941
2,MLP,mlp.up_proj,1.7109375,-1.7578125,0.054484393,8.762941
2,MLP,mlp.down_proj,0.25976562,-2.09375,0.0010081634,193283.38
3,Attention,self_attn.q_proj,3.140625,-2.359375,0.06925924,8.197808
3,Attention,self_attn.k_proj,3.140625,-2.359375,0.06925924,8.197808
3,Attention,self_attn.v_proj,3.140625,-2.359375,0.06925924,8.197808
3,Attention,self_attn.o_proj,0.953125,-2.078125,0.010046537,907.12885
3,MLP,mlp.gate_proj,3.34375,-2.59375,0.07643429,7.3874636
3,MLP,mlp.up_proj,3.34375,-2.59375,0.07643429,7.3874636
3,MLP,mlp.down_proj,0.6953125,-0.5859375,0.0019261303,1331.9061
4,Attention,self_attn.q_proj,3.5625,-2.796875,0.09642236,6.5799828
4,Attention,self_attn.k_proj,3.5625,-2.796875,0.09642236,6.5799828
4,Attention,self_attn.v_proj,3.5625,-2.796875,0.09642236,6.5799828
4,Attention,self_attn.o_proj,1.15625,-0.890625,0.013553593,109.53933
4,MLP,mlp.gate_proj,3.828125,-2.96875,0.10640024,5.807741
4,MLP,mlp.up_proj,3.828125,-2.96875,0.10640024,5.807741
4,MLP,mlp.down_proj,0.58203125,-1.328125,0.0033753533,927.57513
5,Attention,self_attn.q_proj,4.125,-3.03125,0.122714065,4.4638186
5,Attention,self_attn.k_proj,4.125,-3.03125,0.122714065,4.4638186
5,Attention,self_attn.v_proj,4.125,-3.03125,0.122714065,4.4638186
5,Attention,self_attn.o_proj,1.3828125,-1.578125,0.024814093,31.264557
5,MLP,mlp.gate_proj,4.15625,-2.984375,0.1324323,4.637521
5,MLP,mlp.up_proj,4.15625,-2.984375,0.1324323,4.637521
5,MLP,mlp.down_proj,0.94921875,-1.8125,0.0067420746,366.61542
6,Attention,self_attn.q_proj,4.875,-3.21875,0.15424243,4.9720945
6,Attention,self_attn.k_proj,4.875,-3.21875,0.15424243,4.9720945
6,Attention,self_attn.v_proj,4.875,-3.21875,0.15424243,4.9720945
6,Attention,self_attn.o_proj,1.515625,-1.2734375,0.04453925,11.686369
6,MLP,mlp.gate_proj,5.3125,-3.5,0.17231134,5.371051
6,MLP,mlp.up_proj,5.3125,-3.5,0.17231134,5.371051
6,MLP,mlp.down_proj,2.90625,-4.4375,0.010764145,706.19855
7,Attention,self_attn.q_proj,5.875,-3.828125,0.18757388,5.6110716
7,Attention,self_attn.k_proj,5.875,-3.828125,0.18757388,5.6110716
7,Attention,self_attn.v_proj,5.875,-3.828125,0.18757388,5.6110716
7,Attention,self_attn.o_proj,1.796875,-1.5,0.050099637,11.530331
7,MLP,mlp.gate_proj,6.0625,-4.03125,0.20676734,5.111125
7,MLP,mlp.up_proj,6.0625,-4.03125,0.20676734,5.111125
7,MLP,mlp.down_proj,4.0,-3.203125,0.01652431,250.1385
8,Attention,self_attn.q_proj,8.375,-4.21875,0.21306993,7.411066
8,Attention,self_attn.k_proj,8.375,-4.21875,0.21306993,7.411066
8,Attention,self_attn.v_proj,8.375,-4.21875,0.21306993,7.411066
8,Attention,self_attn.o_proj,1.9765625,-1.90625,0.06074937,9.857944
8,MLP,mlp.gate_proj,9.8125,-4.40625,0.22458288,8.92916
8,MLP,mlp.up_proj,9.8125,-4.40625,0.22458288,8.92916
8,MLP,mlp.down_proj,2.6875,-13.125,0.017160648,7411.938
9,Attention,self_attn.q_proj,18.0,-4.65625,0.23067261,33.97799
9,Attention,self_attn.k_proj,18.0,-4.65625,0.23067261,33.97799
9,Attention,self_attn.v_proj,18.0,-4.65625,0.23067261,33.97799
9,Attention,self_attn.o_proj,2.4375,-1.875,0.064009346,9.350876
9,MLP,mlp.gate_proj,26.25,-4.875,0.24934505,101.389626
9,MLP,mlp.up_proj,26.25,-4.875,0.24934505,101.389626
9,MLP,mlp.down_proj,18.0,-2.609375,0.020873124,23935.422
10,Attention,self_attn.q_proj,42.0,-5.0,0.25029978,551.24286
10,Attention,self_attn.k_proj,42.0,-5.0,0.25029978,551.24286
10,Attention,self_attn.v_proj,42.0,-5.0,0.25029978,551.24286
10,Attention,self_attn.o_proj,2.578125,-2.125,0.063466385,10.334894
10,MLP,mlp.gate_proj,46.5,-5.34375,0.26524442,685.6459
10,MLP,mlp.up_proj,46.5,-5.34375,0.26524442,685.6459
10,MLP,mlp.down_proj,1.890625,-45.25,0.0230155,254963.69
11,Attention,self_attn.q_proj,60.5,-6.0625,0.26196966,1673.5693
11,Attention,self_attn.k_proj,60.5,-6.0625,0.26196966,1673.5693
11,Attention,self_attn.v_proj,60.5,-6.0625,0.26196966,1673.5693
11,Attention,self_attn.o_proj,2.046875,-2.125,0.08903745,8.765802
11,MLP,mlp.gate_proj,61.0,-6.125,0.27645668,1446.1257
11,MLP,mlp.up_proj,61.0,-6.125,0.27645668,1446.1257
11,MLP,mlp.down_proj,11.375,-15.8125,0.022576503,13990.172
12,Attention,self_attn.q_proj,63.75,-6.5625,0.27487332,1659.9982
12,Attention,self_attn.k_proj,63.75,-6.5625,0.27487332,1659.9982
12,Attention,self_attn.v_proj,63.75,-6.5625,0.27487332,1659.9982
12,Attention,self_attn.o_proj,3.828125,-5.125,0.06931369,29.683105
12,MLP,mlp.gate_proj,64.0,-6.625,0.29076526,1391.966
12,MLP,mlp.up_proj,64.0,-6.625,0.29076526,1391.966
12,MLP,mlp.down_proj,7.0,-15.8125,0.025688982,13029.585
13,Attention,self_attn.q_proj,69.0,-7.3125,0.28888395,1700.2809
13,Attention,self_attn.k_proj,69.0,-7.3125,0.28888395,1700.2809
13,Attention,self_attn.v_proj,69.0,-7.3125,0.28888395,1700.2809
13,Attention,self_attn.o_proj,21.375,-14.9375,0.14530562,272.6724
13,MLP,mlp.gate_proj,68.5,-7.21875,0.30028683,1471.3573
13,MLP,mlp.up_proj,68.5,-7.21875,0.30028683,1471.3573
13,MLP,mlp.down_proj,19.75,-18.125,0.027573945,17861.896
14,Attention,self_attn.q_proj,71.0,-7.75,0.29586828,1646.443
14,Attention,self_attn.k_proj,71.0,-7.75,0.29586828,1646.443
14,Attention,self_attn.v_proj,71.0,-7.75,0.29586828,1646.443
14,Attention,self_attn.o_proj,4.53125,-7.375,0.11142067,17.101805
14,MLP,mlp.gate_proj,71.0,-7.84375,0.31622133,1338.6321
14,MLP,mlp.up_proj,71.0,-7.84375,0.31622133,1338.6321
14,MLP,mlp.down_proj,6.34375,-5.375,0.028646868,294.74188
15,Attention,self_attn.q_proj,71.5,-8.125,0.31029376,1439.1731
15,Attention,self_attn.k_proj,71.5,-8.125,0.31029376,1439.1731
15,Attention,self_attn.v_proj,71.5,-8.125,0.31029376,1439.1731
15,Attention,self_attn.o_proj,8.8125,-5.375,0.08133244,111.66709
15,MLP,mlp.gate_proj,71.5,-8.1875,0.32667342,1224.286
15,MLP,mlp.up_proj,71.5,-8.1875,0.32667342,1224.286
15,MLP,mlp.down_proj,8.875,-7.71875,0.03008015,982.9232
16,Attention,self_attn.q_proj,72.0,-8.1875,0.3236953,1249.527
16,Attention,self_attn.k_proj,72.0,-8.1875,0.3236953,1249.527
16,Attention,self_attn.v_proj,72.0,-8.1875,0.3236953,1249.527
16,Attention,self_attn.o_proj,7.1875,-4.9375,0.07405196,41.37503
16,MLP,mlp.gate_proj,72.0,-8.1875,0.34526643,1023.3751
16,MLP,mlp.up_proj,72.0,-8.1875,0.34526643,1023.3751
16,MLP,mlp.down_proj,13.75,-36.5,0.032840412,49280.254
17,Attention,self_attn.q_proj,72.0,-8.5,0.34512296,1009.0786
17,Attention,self_attn.k_proj,72.0,-8.5,0.34512296,1009.0786
17,Attention,self_attn.v_proj,72.0,-8.5,0.34512296,1009.0786
17,Attention,self_attn.o_proj,26.5,-2.046875,0.074410826,3819.8071
17,MLP,mlp.gate_proj,72.0,-8.5,0.353819,929.85486
17,MLP,mlp.up_proj,72.0,-8.5,0.353819,929.85486
17,MLP,mlp.down_proj,44.0,-2.859375,0.032857716,77553.24
18,Attention,self_attn.q_proj,72.0,-8.3125,0.35697538,892.3606
18,Attention,self_attn.k_proj,72.0,-8.3125,0.35697538,892.3606
18,Attention,self_attn.v_proj,72.0,-8.3125,0.35697538,892.3606
18,Attention,self_attn.o_proj,4.8125,-4.0625,0.092694685,20.594894
18,MLP,mlp.gate_proj,72.0,-8.3125,0.37949973,728.2221
18,MLP,mlp.up_proj,72.0,-8.3125,0.37949973,728.2221
18,MLP,mlp.down_proj,22.5,-6.40625,0.039043937,8841.711
19,Attention,self_attn.q_proj,72.0,-8.1875,0.3843073,687.9061
19,Attention,self_attn.k_proj,72.0,-8.1875,0.3843073,687.9061
19,Attention,self_attn.v_proj,72.0,-8.1875,0.3843073,687.9061
19,Attention,self_attn.o_proj,6.15625,-12.5625,0.10891814,161.70865
19,MLP,mlp.gate_proj,72.0,-8.125,0.40491942,572.1472
19,MLP,mlp.up_proj,72.0,-8.125,0.40491942,572.1472
19,MLP,mlp.down_proj,5.9375,-27.0,0.045089923,8846.378
20,Attention,self_attn.q_proj,71.5,-8.0,0.41576132,504.06842
20,Attention,self_attn.k_proj,71.5,-8.0,0.41576132,504.06842
20,Attention,self_attn.v_proj,71.5,-8.0,0.41576132,504.06842
20,Attention,self_attn.o_proj,4.625,-10.5,0.1180647,48.205906
20,MLP,mlp.gate_proj,71.5,-8.0,0.43165323,434.229
20,MLP,mlp.up_proj,71.5,-8.0,0.43165323,434.229
20,MLP,mlp.down_proj,5.875,-9.125,0.050540745,194.21692
21,Attention,self_attn.q_proj,68.5,-7.9375,0.4442742,328.6481
21,Attention,self_attn.k_proj,68.5,-7.9375,0.4442742,328.6481
21,Attention,self_attn.v_proj,68.5,-7.9375,0.4442742,328.6481
21,Attention,self_attn.o_proj,7.71875,-5.40625,0.107487865,69.94091
21,MLP,mlp.gate_proj,68.0,-7.90625,0.46050036,282.34103
21,MLP,mlp.up_proj,68.0,-7.90625,0.46050036,282.34103
21,MLP,mlp.down_proj,9.375,-6.5625,0.058802776,111.93011
22,Attention,self_attn.q_proj,63.0,-7.5,0.47400388,185.97986
22,Attention,self_attn.k_proj,63.0,-7.5,0.47400388,185.97986
22,Attention,self_attn.v_proj,63.0,-7.5,0.47400388,185.97986
22,Attention,self_attn.o_proj,5.03125,-4.125,0.12422608,12.859049
22,MLP,mlp.gate_proj,62.5,-7.5,0.49219856,157.64746
22,MLP,mlp.up_proj,62.5,-7.5,0.49219856,157.64746
22,MLP,mlp.down_proj,17.875,-13.0,0.068663,556.6394
23,Attention,self_attn.q_proj,54.75,-8.375,0.50085396,87.05068
23,Attention,self_attn.k_proj,54.75,-8.375,0.50085396,87.05068
23,Attention,self_attn.v_proj,54.75,-8.375,0.50085396,87.05068
23,Attention,self_attn.o_proj,4.15625,-7.6875,0.17019744,8.537531
23,MLP,mlp.gate_proj,54.25,-8.5625,0.52101505,72.38384
23,MLP,mlp.up_proj,54.25,-8.5625,0.52101505,72.38384
23,MLP,mlp.down_proj,11.5,-13.75,0.08274278,225.8049
24,Attention,self_attn.q_proj,48.5,-9.0625,0.5429206,40.904926
24,Attention,self_attn.k_proj,48.5,-9.0625,0.5429206,40.904926
24,Attention,self_attn.v_proj,48.5,-9.0625,0.5429206,40.904926
24,Attention,self_attn.o_proj,6.65625,-9.375,0.09274879,69.64779
24,MLP,mlp.gate_proj,48.25,-9.375,0.57506835,32.879715
24,MLP,mlp.up_proj,48.25,-9.375,0.57506835,32.879715
24,MLP,mlp.down_proj,30.75,-29.0,0.09115104,917.2194
25,Attention,self_attn.q_proj,46.0,-9.5,0.611683,22.215048
25,Attention,self_attn.k_proj,46.0,-9.5,0.611683,22.215048
25,Attention,self_attn.v_proj,46.0,-9.5,0.611683,22.215048
25,Attention,self_attn.o_proj,4.4375,-5.5,0.09142035,26.84172
25,MLP,mlp.gate_proj,45.75,-9.5,0.63289046,19.302193
25,MLP,mlp.up_proj,45.75,-9.5,0.63289046,19.302193
25,MLP,mlp.down_proj,26.5,-16.625,0.10240798,557.3833
26,Attention,self_attn.q_proj,44.0,-9.875,0.67949015,12.910677
26,Attention,self_attn.k_proj,44.0,-9.875,0.67949015,12.910677
26,Attention,self_attn.v_proj,44.0,-9.875,0.67949015,12.910677
26,Attention,self_attn.o_proj,3.671875,-2.390625,0.08265559,17.11238
26,MLP,mlp.gate_proj,44.0,-10.1875,0.6961584,11.8281355
26,MLP,mlp.up_proj,44.0,-10.1875,0.6961584,11.8281355
26,MLP,mlp.down_proj,19.875,-40.75,0.12024973,758.05804
27,Attention,self_attn.q_proj,42.25,-10.375,0.74737513,8.0411625
27,Attention,self_attn.k_proj,42.25,-10.375,0.74737513,8.0411625
27,Attention,self_attn.v_proj,42.25,-10.375,0.74737513,8.0411625
27,Attention,self_attn.o_proj,2.96875,-3.484375,0.07347054,22.002531
27,MLP,mlp.gate_proj,42.25,-10.25,0.7714686,7.066105
27,MLP,mlp.up_proj,42.25,-10.25,0.7714686,7.066105
27,MLP,mlp.down_proj,23.75,-69.0,0.1487251,1710.9489
28,Attention,self_attn.q_proj,41.5,-10.0,0.8151976,5.425729
28,Attention,self_attn.k_proj,41.5,-10.0,0.8151976,5.425729
28,Attention,self_attn.v_proj,41.5,-10.0,0.8151976,5.425729
28,Attention,self_attn.o_proj,4.34375,-4.40625,0.106136344,18.88302
28,MLP,mlp.gate_proj,41.5,-9.75,0.84478384,4.806938
28,MLP,mlp.up_proj,41.5,-9.75,0.84478384,4.806938
28,MLP,mlp.down_proj,134.0,-130.0,0.28287637,1535.5906
29,Attention,self_attn.q_proj,39.5,-10.5,0.86928165,4.33494
29,Attention,self_attn.k_proj,39.5,-10.5,0.86928165,4.33494
29,Attention,self_attn.v_proj,39.5,-10.5,0.86928165,4.33494
29,Attention,self_attn.o_proj,2.96875,-3.171875,0.086489424,17.86656
29,MLP,mlp.gate_proj,39.0,-13.6875,0.8782667,5.1634884
29,MLP,mlp.up_proj,39.0,-13.6875,0.8782667,5.1634884
29,MLP,mlp.down_proj,32.0,-28.875,0.26584604,121.40583
0,Attention,self_attn.q_proj,0.203125,-0.203125,0.01891034,0.59118915
0,Attention,self_attn.k_proj,0.203125,-0.203125,0.01891034,0.59118915
0,Attention,self_attn.v_proj,0.203125,-0.203125,0.01891034,0.59118915
0,Attention,self_attn.o_proj,0.40234375,-0.40234375,0.0034259995,195.71066
0,MLP,mlp.gate_proj,0.69921875,-0.41796875,0.016543262,73.4904
0,MLP,mlp.up_proj,0.69921875,-0.41796875,0.016543262,73.4904
0,MLP,mlp.down_proj,0.10839844,-0.034423828,0.0002185857,2239.869
1,Attention,self_attn.q_proj,1.109375,-0.9765625,0.032248817,21.767136
1,Attention,self_attn.k_proj,1.109375,-0.9765625,0.032248817,21.767136
1,Attention,self_attn.v_proj,1.109375,-0.9765625,0.032248817,21.767136
1,Attention,self_attn.o_proj,0.32617188,-0.40039062,0.005199178,48.29828
1,MLP,mlp.gate_proj,1.2109375,-1.0390625,0.035387952,20.074333
1,MLP,mlp.up_proj,1.2109375,-1.0390625,0.035387952,20.074333
1,MLP,mlp.down_proj,0.55859375,-0.12451172,0.00049276755,26834.057
2,Attention,self_attn.q_proj,1.40625,-1.578125,0.048337657,13.276899
2,Attention,self_attn.k_proj,1.40625,-1.578125,0.048337657,13.276899
2,Attention,self_attn.v_proj,1.40625,-1.578125,0.048337657,13.276899
2,Attention,self_attn.o_proj,0.63671875,-1.3984375,0.006270736,799.9437
2,MLP,mlp.gate_proj,1.484375,-1.7578125,0.052753553,11.685447
2,MLP,mlp.up_proj,1.484375,-1.7578125,0.052753553,11.685447
2,MLP,mlp.down_proj,0.28710938,-2.09375,0.00091649895,242557.17
3,Attention,self_attn.q_proj,3.140625,-2.359375,0.066943996,10.504118
3,Attention,self_attn.k_proj,3.140625,-2.359375,0.066943996,10.504118
3,Attention,self_attn.v_proj,3.140625,-2.359375,0.066943996,10.504118
3,Attention,self_attn.o_proj,0.953125,-2.078125,0.008307338,1419.2632
3,MLP,mlp.gate_proj,3.34375,-2.59375,0.0718075,10.115304
3,MLP,mlp.up_proj,3.34375,-2.59375,0.0718075,10.115304
3,MLP,mlp.down_proj,0.6953125,-0.421875,0.0017162239,1655.3524
4,Attention,self_attn.q_proj,3.5625,-2.796875,0.09331317,9.215533
4,Attention,self_attn.k_proj,3.5625,-2.796875,0.09331317,9.215533
4,Attention,self_attn.v_proj,3.5625,-2.796875,0.09331317,9.215533
4,Attention,self_attn.o_proj,1.15625,-0.890625,0.011291466,174.73323
4,MLP,mlp.gate_proj,3.828125,-2.96875,0.100321606,8.47438
4,MLP,mlp.up_proj,3.828125,-2.96875,0.100321606,8.47438
4,MLP,mlp.down_proj,0.4765625,-1.328125,0.0029005045,1250.9131
5,Attention,self_attn.q_proj,4.125,-3.03125,0.11597598,6.211092
5,Attention,self_attn.k_proj,4.125,-3.03125,0.11597598,6.211092
5,Attention,self_attn.v_proj,4.125,-3.03125,0.11597598,6.211092
5,Attention,self_attn.o_proj,1.3828125,-1.578125,0.021602653,42.10171
5,MLP,mlp.gate_proj,4.15625,-2.984375,0.12395842,6.2090178
5,MLP,mlp.up_proj,4.15625,-2.984375,0.12395842,6.2090178
5,MLP,mlp.down_proj,1.296875,-1.8125,0.00583915,548.0571
6,Attention,self_attn.q_proj,4.875,-3.375,0.15410143,6.03494
6,Attention,self_attn.k_proj,4.875,-3.375,0.15410143,6.03494
6,Attention,self_attn.v_proj,4.875,-3.375,0.15410143,6.03494
6,Attention,self_attn.o_proj,1.515625,-1.40625,0.0383853,15.410891
6,MLP,mlp.gate_proj,5.3125,-3.6875,0.16946681,6.120902
6,MLP,mlp.up_proj,5.3125,-3.6875,0.16946681,6.120902
6,MLP,mlp.down_proj,2.4375,-2.515625,0.009780898,450.45856
7,Attention,self_attn.q_proj,5.875,-4.1875,0.19138694,6.9637184
7,Attention,self_attn.k_proj,5.875,-4.1875,0.19138694,6.9637184
7,Attention,self_attn.v_proj,5.875,-4.1875,0.19138694,6.9637184
7,Attention,self_attn.o_proj,1.703125,-1.390625,0.044908624,12.915088
7,MLP,mlp.gate_proj,6.0625,-4.40625,0.20766461,6.2445803
7,MLP,mlp.up_proj,6.0625,-4.40625,0.20766461,6.2445803
7,MLP,mlp.down_proj,2.921875,-2.625,0.015455452,204.932
8,Attention,self_attn.q_proj,8.4375,-4.84375,0.22003956,7.628563
8,Attention,self_attn.k_proj,8.4375,-4.84375,0.22003956,7.628563
8,Attention,self_attn.v_proj,8.4375,-4.84375,0.22003956,7.628563
8,Attention,self_attn.o_proj,1.875,-1.8671875,0.05418372,14.194815
8,MLP,mlp.gate_proj,9.625,-5.0625,0.23124735,8.491957
8,MLP,mlp.up_proj,9.625,-5.0625,0.23124735,8.491957
8,MLP,mlp.down_proj,1.8046875,-11.375,0.017089691,4257.651
9,Attention,self_attn.q_proj,17.75,-5.25,0.24502945,26.565763
9,Attention,self_attn.k_proj,17.75,-5.25,0.24502945,26.565763
9,Attention,self_attn.v_proj,17.75,-5.25,0.24502945,26.565763
9,Attention,self_attn.o_proj,1.859375,-1.96875,0.059299484,13.066614
9,MLP,mlp.gate_proj,26.25,-5.4375,0.26049897,76.764114
9,MLP,mlp.up_proj,26.25,-5.4375,0.26049897,76.764114
9,MLP,mlp.down_proj,17.875,-2.546875,0.0204159,23150.91
10,Attention,self_attn.q_proj,41.5,-5.5625,0.2614401,412.62567
10,Attention,self_attn.k_proj,41.5,-5.5625,0.2614401,412.62567
10,Attention,self_attn.v_proj,41.5,-5.5625,0.2614401,412.62567
10,Attention,self_attn.o_proj,2.046875,-1.6875,0.05958692,12.924694
10,MLP,mlp.gate_proj,46.0,-5.6875,0.27747154,514.2406
10,MLP,mlp.up_proj,46.0,-5.6875,0.27747154,514.2406
10,MLP,mlp.down_proj,1.8125,-44.25,0.022793423,248398.92
11,Attention,self_attn.q_proj,60.0,-6.0,0.27716038,1258.5092
11,Attention,self_attn.k_proj,60.0,-6.0,0.27716038,1258.5092
11,Attention,self_attn.v_proj,60.0,-6.0,0.27716038,1258.5092
11,Attention,self_attn.o_proj,2.78125,-2.0625,0.08890956,15.935862
11,MLP,mlp.gate_proj,61.0,-6.0625,0.2899458,1125.0514
11,MLP,mlp.up_proj,61.0,-6.0625,0.2899458,1125.0514
11,MLP,mlp.down_proj,11.4375,-15.9375,0.022769408,13629.075
12,Attention,self_attn.q_proj,63.75,-6.5625,0.28984547,1270.114
12,Attention,self_attn.k_proj,63.75,-6.5625,0.28984547,1270.114
12,Attention,self_attn.v_proj,63.75,-6.5625,0.28984547,1270.114
12,Attention,self_attn.o_proj,4.09375,-4.46875,0.06498198,26.032732
12,MLP,mlp.gate_proj,64.0,-6.65625,0.3050376,1087.9348
12,MLP,mlp.up_proj,64.0,-6.65625,0.3050376,1087.9348
12,MLP,mlp.down_proj,6.6875,-15.0,0.025775407,11068.795
13,Attention,self_attn.q_proj,68.5,-7.34375,0.306445,1292.642
13,Attention,self_attn.k_proj,68.5,-7.34375,0.306445,1292.642
13,Attention,self_attn.v_proj,68.5,-7.34375,0.306445,1292.642
13,Attention,self_attn.o_proj,21.25,-13.6875,0.16032372,252.95654
13,MLP,mlp.gate_proj,68.0,-7.25,0.32050335,1097.6017
13,MLP,mlp.up_proj,68.0,-7.25,0.32050335,1097.6017
13,MLP,mlp.down_proj,19.875,-18.125,0.027937217,16537.611
14,Attention,self_attn.q_proj,70.0,-7.75,0.31950903,1181.7993
14,Attention,self_attn.k_proj,70.0,-7.75,0.31950903,1181.7993
14,Attention,self_attn.v_proj,70.0,-7.75,0.31950903,1181.7993
14,Attention,self_attn.o_proj,4.53125,-7.40625,0.103779264,19.36318
14,MLP,mlp.gate_proj,70.0,-7.78125,0.3362994,1007.8114
14,MLP,mlp.up_proj,70.0,-7.78125,0.3362994,1007.8114
14,MLP,mlp.down_proj,6.34375,-5.34375,0.028688826,278.40042
15,Attention,self_attn.q_proj,70.5,-8.0625,0.33370343,1049.3368
15,Attention,self_attn.k_proj,70.5,-8.0625,0.33370343,1049.3368
15,Attention,self_attn.v_proj,70.5,-8.0625,0.33370343,1049.3368
15,Attention,self_attn.o_proj,9.0,-5.59375,0.07946488,91.48395
15,MLP,mlp.gate_proj,70.5,-8.125,0.34724793,925.4236
15,MLP,mlp.up_proj,70.5,-8.125,0.34724793,925.4236
15,MLP,mlp.down_proj,8.6875,-7.5625,0.029601254,933.9579
16,Attention,self_attn.q_proj,71.0,-8.125,0.34484148,933.8049
16,Attention,self_attn.k_proj,71.0,-8.125,0.34484148,933.8049
16,Attention,self_attn.v_proj,71.0,-8.125,0.34484148,933.8049
16,Attention,self_attn.o_proj,6.28125,-4.65625,0.067470506,41.966225
16,MLP,mlp.gate_proj,71.0,-8.1875,0.3609435,811.25586
16,MLP,mlp.up_proj,71.0,-8.1875,0.3609435,811.25586
16,MLP,mlp.down_proj,13.6875,-36.5,0.031043448,47257.484
17,Attention,self_attn.q_proj,71.0,-8.5,0.3601827,801.9502
17,Attention,self_attn.k_proj,71.0,-8.5,0.3601827,801.9502
17,Attention,self_attn.v_proj,71.0,-8.5,0.3601827,801.9502
17,Attention,self_attn.o_proj,25.5,-1.9921875,0.0700088,3618.8596
17,MLP,mlp.gate_proj,71.0,-8.5,0.36798975,745.30005
17,MLP,mlp.up_proj,71.0,-8.5,0.36798975,745.30005
17,MLP,mlp.down_proj,43.75,-7.3125,0.031404484,67241.58
18,Attention,self_attn.q_proj,71.0,-8.3125,0.374685,695.8245
18,Attention,self_attn.k_proj,71.0,-8.3125,0.374685,695.8245
18,Attention,self_attn.v_proj,71.0,-8.3125,0.374685,695.8245
18,Attention,self_attn.o_proj,4.625,-3.890625,0.08852548,18.311264
18,MLP,mlp.gate_proj,71.0,-8.3125,0.39224583,599.4823
18,MLP,mlp.up_proj,71.0,-8.3125,0.39224583,599.4823
18,MLP,mlp.down_proj,22.5,-6.3125,0.036738012,9150.277
19,Attention,self_attn.q_proj,71.0,-8.1875,0.39736834,566.79285
19,Attention,self_attn.k_proj,71.0,-8.1875,0.39736834,566.79285
19,Attention,self_attn.v_proj,71.0,-8.1875,0.39736834,566.79285
19,Attention,self_attn.o_proj,5.9375,-11.875,0.098549016,155.484
19,MLP,mlp.gate_proj,71.0,-8.125,0.41368946,491.25635
19,MLP,mlp.up_proj,71.0,-8.125,0.41368946,491.25635
19,MLP,mlp.down_proj,5.71875,-26.625,0.04227411,9561.348
20,Attention,self_attn.q_proj,70.5,-8.0,0.4266053,427.0336
20,Attention,self_attn.k_proj,70.5,-8.0,0.4266053,427.0336
20,Attention,self_attn.v_proj,70.5,-8.0,0.4266053,427.0336
20,Attention,self_attn.o_proj,4.53125,-10.5625,0.1148361,40.856663
20,MLP,mlp.gate_proj,70.5,-8.0,0.440247,377.90717
20,MLP,mlp.up_proj,70.5,-8.0,0.440247,377.90717
20,MLP,mlp.down_proj,4.6875,-8.9375,0.04831684,163.04167
21,Attention,self_attn.q_proj,67.5,-7.9375,0.45665094,279.4969
21,Attention,self_attn.k_proj,67.5,-7.9375,0.45665094,279.4969
21,Attention,self_attn.v_proj,67.5,-7.9375,0.45665094,279.4969
21,Attention,self_attn.o_proj,7.5,-5.375,0.10433287,70.080124
21,MLP,mlp.gate_proj,67.0,-7.90625,0.46971372,246.0147
21,MLP,mlp.up_proj,67.0,-7.90625,0.46971372,246.0147
21,MLP,mlp.down_proj,6.375,-6.21875,0.05641178,98.62161
22,Attention,self_attn.q_proj,62.0,-7.53125,0.48477915,160.76396
22,Attention,self_attn.k_proj,62.0,-7.53125,0.48477915,160.76396
22,Attention,self_attn.v_proj,62.0,-7.53125,0.48477915,160.76396
22,Attention,self_attn.o_proj,5.0625,-4.09375,0.106169365,16.4617
22,MLP,mlp.gate_proj,61.5,-7.71875,0.5027382,137.2281
22,MLP,mlp.up_proj,61.5,-7.71875,0.5027382,137.2281
22,MLP,mlp.down_proj,20.0,-10.375,0.06661235,628.59735
23,Attention,self_attn.q_proj,53.75,-8.25,0.5177078,72.6718
23,Attention,self_attn.k_proj,53.75,-8.25,0.5177078,72.6718
23,Attention,self_attn.v_proj,53.75,-8.25,0.5177078,72.6718
23,Attention,self_attn.o_proj,4.21875,-7.75,0.14149985,12.587329
23,MLP,mlp.gate_proj,53.25,-8.125,0.5352537,62.09485
23,MLP,mlp.up_proj,53.25,-8.125,0.5352537,62.09485
23,MLP,mlp.down_proj,13.125,-13.25,0.08078495,247.81964
24,Attention,self_attn.q_proj,48.5,-8.375,0.5619675,34.556225
24,Attention,self_attn.k_proj,48.5,-8.375,0.5619675,34.556225
24,Attention,self_attn.v_proj,48.5,-8.375,0.5619675,34.556225
24,Attention,self_attn.o_proj,6.65625,-9.375,0.08766879,81.319855
24,MLP,mlp.gate_proj,48.25,-8.3125,0.5874994,29.17352
24,MLP,mlp.up_proj,48.25,-8.3125,0.5874994,29.17352
24,MLP,mlp.down_proj,29.0,-17.625,0.08748031,843.8456
25,Attention,self_attn.q_proj,46.0,-8.6875,0.61025476,21.760698
25,Attention,self_attn.k_proj,46.0,-8.6875,0.61025476,21.760698
25,Attention,self_attn.v_proj,46.0,-8.6875,0.61025476,21.760698
25,Attention,self_attn.o_proj,4.78125,-5.6875,0.081194535,36.002296
25,MLP,mlp.gate_proj,45.75,-8.6875,0.62661177,19.503132
25,MLP,mlp.up_proj,45.75,-8.6875,0.62661177,19.503132
25,MLP,mlp.down_proj,48.75,-23.375,0.09489316,1082.5312
26,Attention,self_attn.q_proj,44.0,-8.9375,0.66322756,13.886978
26,Attention,self_attn.k_proj,44.0,-8.9375,0.66322756,13.886978
26,Attention,self_attn.v_proj,44.0,-8.9375,0.66322756,13.886978
26,Attention,self_attn.o_proj,3.578125,-2.484375,0.0798778,17.128857
26,MLP,mlp.gate_proj,44.0,-8.875,0.6790902,12.740736
26,MLP,mlp.up_proj,44.0,-8.875,0.6790902,12.740736
26,MLP,mlp.down_proj,28.75,-40.75,0.11120676,918.2608
27,Attention,self_attn.q_proj,42.25,-9.375,0.7255237,8.946774
27,Attention,self_attn.k_proj,42.25,-9.375,0.7255237,8.946774
27,Attention,self_attn.v_proj,42.25,-9.375,0.7255237,8.946774
27,Attention,self_attn.o_proj,3.28125,-2.8125,0.07845617,19.327085
27,MLP,mlp.gate_proj,42.25,-9.3125,0.75249755,7.7067194
27,MLP,mlp.up_proj,42.25,-9.3125,0.75249755,7.7067194
27,MLP,mlp.down_proj,37.75,-69.0,0.13794465,1900.1366
28,Attention,self_attn.q_proj,41.5,-9.3125,0.78933644,6.1058865
28,Attention,self_attn.k_proj,41.5,-9.3125,0.78933644,6.1058865
28,Attention,self_attn.v_proj,41.5,-9.3125,0.78933644,6.1058865
28,Attention,self_attn.o_proj,3.46875,-4.03125,0.098468535,20.537716
28,MLP,mlp.gate_proj,41.5,-9.125,0.8179877,5.377407
28,MLP,mlp.up_proj,41.5,-9.125,0.8179877,5.377407
28,MLP,mlp.down_proj,146.0,-117.0,0.25180304,2035.9768
29,Attention,self_attn.q_proj,39.5,-8.9375,0.84436643,4.521189
29,Attention,self_attn.k_proj,39.5,-8.9375,0.84436643,4.521189
29,Attention,self_attn.v_proj,39.5,-8.9375,0.84436643,4.521189
29,Attention,self_attn.o_proj,2.953125,-3.4375,0.077848844,23.335485
29,MLP,mlp.gate_proj,39.0,-13.25,0.85901535,4.828585
29,MLP,mlp.up_proj,39.0,-13.25,0.85901535,4.828585
29,MLP,mlp.down_proj,28.125,-31.625,0.23736975,162.37122
0,Attention,self_attn.q_proj,0.203125,-0.203125,0.02142816,0.07180214
0,Attention,self_attn.k_proj,0.203125,-0.203125,0.02142816,0.07180214
0,Attention,self_attn.v_proj,0.203125,-0.203125,0.02142816,0.07180214
0,Attention,self_attn.o_proj,0.40429688,-0.40234375,0.0036888144,170.16661
0,MLP,mlp.gate_proj,0.6171875,-0.41796875,0.018170146,22.269495
0,MLP,mlp.up_proj,0.6171875,-0.41796875,0.018170146,22.269495
0,MLP,mlp.down_proj,0.10839844,-0.034423828,0.00020110409,2055.795
1,Attention,self_attn.q_proj,1.1875,-0.9765625,0.032577273,16.328926
1,Attention,self_attn.k_proj,1.1875,-0.9765625,0.032577273,16.328926
1,Attention,self_attn.v_proj,1.1875,-0.9765625,0.032577273,16.328926
1,Attention,self_attn.o_proj,0.30078125,-0.40039062,0.0059915846,35.42555
1,MLP,mlp.gate_proj,1.2734375,-1.0390625,0.036588807,14.367201
1,MLP,mlp.up_proj,1.2734375,-1.0390625,0.036588807,14.367201
1,MLP,mlp.down_proj,0.55859375,-0.20898438,0.0005512904,15778.166
2,Attention,self_attn.q_proj,1.4609375,-1.578125,0.05139813,9.253111
2,Attention,self_attn.k_proj,1.4609375,-1.578125,0.05139813,9.253111
2,Attention,self_attn.v_proj,1.4609375,-1.578125,0.05139813,9.253111
2,Attention,self_attn.o_proj,0.62109375,-1.3984375,0.007548577,487.33078
2,MLP,mlp.gate_proj,1.4921875,-1.7578125,0.057653647,7.9149427
2,MLP,mlp.up_proj,1.4921875,-1.7578125,0.057653647,7.9149427
2,MLP,mlp.down_proj,0.29101562,-2.09375,0.0011151804,157142.1
3,Attention,self_attn.q_proj,3.140625,-2.359375,0.07370685,7.0047865
3,Attention,self_attn.k_proj,3.140625,-2.359375,0.07370685,7.0047865
3,Attention,self_attn.v_proj,3.140625,-2.359375,0.07370685,7.0047865
3,Attention,self_attn.o_proj,0.953125,-2.078125,0.009601913,1047.8932
3,MLP,mlp.gate_proj,3.34375,-2.59375,0.0797796,6.7983723
3,MLP,mlp.up_proj,3.34375,-2.59375,0.0797796,6.7983723
3,MLP,mlp.down_proj,0.6953125,-0.4609375,0.0020747937,1187.8375
4,Attention,self_attn.q_proj,3.5625,-2.796875,0.10081777,5.8422604
4,Attention,self_attn.k_proj,3.5625,-2.796875,0.10081777,5.8422604
4,Attention,self_attn.v_proj,3.5625,-2.796875,0.10081777,5.8422604
4,Attention,self_attn.o_proj,1.15625,-0.890625,0.013599746,114.723694
4,MLP,mlp.gate_proj,3.828125,-2.96875,0.1107367,5.361411
4,MLP,mlp.up_proj,3.828125,-2.96875,0.1107367,5.361411
4,MLP,mlp.down_proj,0.5078125,-1.328125,0.0036370868,738.595
5,Attention,self_attn.q_proj,4.125,-3.03125,0.12863152,4.0597334
5,Attention,self_attn.k_proj,4.125,-3.03125,0.12863152,4.0597334
5,Attention,self_attn.v_proj,4.125,-3.03125,0.12863152,4.0597334
5,Attention,self_attn.o_proj,1.3828125,-1.578125,0.025292242,31.146004
5,MLP,mlp.gate_proj,4.15625,-2.984375,0.13844925,4.488218
5,MLP,mlp.up_proj,4.15625,-2.984375,0.13844925,4.488218
5,MLP,mlp.down_proj,1.1328125,-1.8125,0.0072626052,302.4335
6,Attention,self_attn.q_proj,4.875,-3.4375,0.16098422,4.7019567
6,Attention,self_attn.k_proj,4.875,-3.4375,0.16098422,4.7019567
6,Attention,self_attn.v_proj,4.875,-3.4375,0.16098422,4.7019567
6,Attention,self_attn.o_proj,1.3671875,-1.3203125,0.046251234,11.9839945
6,MLP,mlp.gate_proj,5.3125,-3.75,0.18027686,5.288907
6,MLP,mlp.up_proj,5.3125,-3.75,0.18027686,5.288907
6,MLP,mlp.down_proj,2.765625,-3.96875,0.01156017,539.5714
7,Attention,self_attn.q_proj,5.875,-4.21875,0.19659325,5.0824127
7,Attention,self_attn.k_proj,5.875,-4.21875,0.19659325,5.0824127
7,Attention,self_attn.v_proj,5.875,-4.21875,0.19659325,5.0824127
7,Attention,self_attn.o_proj,1.75,-1.6796875,0.05054068,11.208366
7,MLP,mlp.gate_proj,6.0625,-4.46875,0.21631126,4.8988743
7,MLP,mlp.up_proj,6.0625,-4.46875,0.21631126,4.8988743
7,MLP,mlp.down_proj,2.484375,-3.0625,0.01778582,168.55565
8,Attention,self_attn.q_proj,8.0625,-4.875,0.22177003,6.789197
8,Attention,self_attn.k_proj,8.0625,-4.875,0.22177003,6.789197
8,Attention,self_attn.v_proj,8.0625,-4.875,0.22177003,6.789197
8,Attention,self_attn.o_proj,1.8125,-1.8359375,0.063462615,9.019229
8,MLP,mlp.gate_proj,9.4375,-5.0625,0.23455095,8.356885
8,MLP,mlp.up_proj,9.4375,-5.0625,0.23455095,8.356885
8,MLP,mlp.down_proj,1.4609375,-9.125,0.01830302,4298.7754
9,Attention,self_attn.q_proj,17.5,-5.1875,0.24082758,28.896332
9,Attention,self_attn.k_proj,17.5,-5.1875,0.24082758,28.896332
9,Attention,self_attn.v_proj,17.5,-5.1875,0.24082758,28.896332
9,Attention,self_attn.o_proj,2.234375,-1.96875,0.06590459,9.71662
9,MLP,mlp.gate_proj,26.0,-5.375,0.25898913,91.16207
9,MLP,mlp.up_proj,26.0,-5.375,0.25898913,91.16207
9,MLP,mlp.down_proj,18.0,-2.625,0.022216648,21513.854
10,Attention,self_attn.q_proj,41.5,-5.5,0.25910568,520.6368
10,Attention,self_attn.k_proj,41.5,-5.5,0.25910568,520.6368
10,Attention,self_attn.v_proj,41.5,-5.5,0.25910568,520.6368
10,Attention,self_attn.o_proj,2.859375,-3.34375,0.064651676,10.424669
10,MLP,mlp.gate_proj,46.25,-5.625,0.27413216,650.875
10,MLP,mlp.up_proj,46.25,-5.625,0.27413216,650.875
10,MLP,mlp.down_proj,2.046875,-45.0,0.02443752,233313.95
11,Attention,self_attn.q_proj,60.0,-5.96875,0.27051154,1584.1616
11,Attention,self_attn.k_proj,60.0,-5.96875,0.27051154,1584.1616
11,Attention,self_attn.v_proj,60.0,-5.96875,0.27051154,1584.1616
11,Attention,self_attn.o_proj,2.34375,-2.421875,0.093752146,9.359766
11,MLP,mlp.gate_proj,61.0,-6.03125,0.2858721,1361.3037
11,MLP,mlp.up_proj,61.0,-6.03125,0.2858721,1361.3037
11,MLP,mlp.down_proj,11.4375,-15.9375,0.023875207,13199.854
12,Attention,self_attn.q_proj,63.75,-6.59375,0.28326502,1591.125
12,Attention,self_attn.k_proj,63.75,-6.59375,0.28326502,1591.125
12,Attention,self_attn.v_proj,63.75,-6.59375,0.28326502,1591.125
12,Attention,self_attn.o_proj,4.46875,-5.28125,0.07350006,25.490446
12,MLP,mlp.gate_proj,64.0,-6.65625,0.30051365,1320.4592
12,MLP,mlp.up_proj,64.0,-6.65625,0.30051365,1320.4592
12,MLP,mlp.down_proj,6.84375,-15.6875,0.027154734,11354.859
13,Attention,self_attn.q_proj,69.0,-7.375,0.29969078,1593.5826
13,Attention,self_attn.k_proj,69.0,-7.375,0.29969078,1593.5826
13,Attention,self_attn.v_proj,69.0,-7.375,0.29969078,1593.5826
13,Attention,self_attn.o_proj,21.375,-14.8125,0.15050109,259.30426
13,MLP,mlp.gate_proj,68.5,-7.25,0.31032655,1391.6525
13,MLP,mlp.up_proj,68.5,-7.25,0.31032655,1391.6525
13,MLP,mlp.down_proj,19.75,-17.875,0.028919695,15166.295
14,Attention,self_attn.q_proj,71.0,-7.78125,0.30628362,1553.8093
14,Attention,self_attn.k_proj,71.0,-7.78125,0.30628362,1553.8093
14,Attention,self_attn.v_proj,71.0,-7.78125,0.30628362,1553.8093
14,Attention,self_attn.o_proj,4.5,-7.375,0.11532364,16.803036
14,MLP,mlp.gate_proj,71.0,-7.8125,0.327555,1259.1873
14,MLP,mlp.up_proj,71.0,-7.8125,0.327555,1259.1873
14,MLP,mlp.down_proj,6.28125,-5.375,0.03032952,277.7947
15,Attention,self_attn.q_proj,71.5,-8.0,0.32091016,1363.125
15,Attention,self_attn.k_proj,71.5,-8.0,0.32091016,1363.125
15,Attention,self_attn.v_proj,71.5,-8.0,0.32091016,1363.125
15,Attention,self_attn.o_proj,8.8125,-5.40625,0.08590726,80.93919
15,MLP,mlp.gate_proj,71.5,-8.0625,0.33680296,1168.5275
15,MLP,mlp.up_proj,71.5,-8.0625,0.33680296,1168.5275
15,MLP,mlp.down_proj,8.5625,-7.84375,0.03172208,853.90393
16,Attention,self_attn.q_proj,72.0,-8.125,0.3323471,1216.2628
16,Attention,self_attn.k_proj,72.0,-8.125,0.3323471,1216.2628
16,Attention,self_attn.v_proj,72.0,-8.125,0.3323471,1216.2628
16,Attention,self_attn.o_proj,6.96875,-4.90625,0.07602311,40.452007
16,MLP,mlp.gate_proj,72.0,-8.1875,0.3525997,1011.5218
16,MLP,mlp.up_proj,72.0,-8.1875,0.3525997,1011.5218
16,MLP,mlp.down_proj,13.6875,-36.25,0.03374037,48177.867
17,Attention,self_attn.q_proj,72.0,-8.4375,0.35137883,1006.6664
17,Attention,self_attn.k_proj,72.0,-8.4375,0.35137883,1006.6664
17,Attention,self_attn.v_proj,72.0,-8.4375,0.35137883,1006.6664
17,Attention,self_attn.o_proj,26.5,-2.140625,0.073260404,4161.664
17,MLP,mlp.gate_proj,72.0,-8.4375,0.35857588,939.73425
17,MLP,mlp.up_proj,72.0,-8.4375,0.35857588,939.73425
17,MLP,mlp.down_proj,44.75,-3.65625,0.033575792,74209.34
18,Attention,self_attn.q_proj,72.0,-8.25,0.36091512,910.18665
18,Attention,self_attn.k_proj,72.0,-8.25,0.36091512,910.18665
18,Attention,self_attn.v_proj,72.0,-8.25,0.36091512,910.18665
18,Attention,self_attn.o_proj,4.78125,-4.03125,0.092823185,19.565077
18,MLP,mlp.gate_proj,72.0,-8.25,0.3840551,741.6281
18,MLP,mlp.up_proj,72.0,-8.25,0.3840551,741.6281
18,MLP,mlp.down_proj,22.5,-6.4375,0.03976798,8621.378
19,Attention,self_attn.q_proj,72.0,-8.125,0.389375,698.8372
19,Attention,self_attn.k_proj,72.0,-8.125,0.389375,698.8372
19,Attention,self_attn.v_proj,72.0,-8.125,0.389375,698.8372
19,Attention,self_attn.o_proj,6.125,-12.375,0.114347845,132.94733
19,MLP,mlp.gate_proj,72.0,-8.0625,0.41160986,573.37866
19,MLP,mlp.up_proj,72.0,-8.0625,0.41160986,573.37866
19,MLP,mlp.down_proj,6.3125,-27.25,0.04656042,8087.834
20,Attention,self_attn.q_proj,71.5,-7.96875,0.42044398,513.9868
20,Attention,self_attn.k_proj,71.5,-7.96875,0.42044398,513.9868
20,Attention,self_attn.v_proj,71.5,-7.96875,0.42044398,513.9868
20,Attention,self_attn.o_proj,4.59375,-10.25,0.1176223,44.59582
20,MLP,mlp.gate_proj,71.5,-7.96875,0.43589935,444.56284
20,MLP,mlp.up_proj,71.5,-7.96875,0.43589935,444.56284
20,MLP,mlp.down_proj,6.21875,-9.625,0.051818356,191.12006
21,Attention,self_attn.q_proj,68.5,-7.90625,0.4483166,337.6599
21,Attention,self_attn.k_proj,68.5,-7.90625,0.4483166,337.6599
21,Attention,self_attn.v_proj,68.5,-7.90625,0.4483166,337.6599
21,Attention,self_attn.o_proj,7.65625,-5.28125,0.106944636,68.89626
21,MLP,mlp.gate_proj,68.0,-7.875,0.46494207,289.8972
21,MLP,mlp.up_proj,68.0,-7.875,0.46494207,289.8972
21,MLP,mlp.down_proj,7.78125,-6.875,0.060231365,113.76424
22,Attention,self_attn.q_proj,63.0,-7.5,0.47789282,191.18442
22,Attention,self_attn.k_proj,63.0,-7.5,0.47789282,191.18442
22,Attention,self_attn.v_proj,63.0,-7.5,0.47789282,191.18442
22,Attention,self_attn.o_proj,5.0625,-4.125,0.1256428,12.313586
22,MLP,mlp.gate_proj,62.5,-7.75,0.497546,160.48648
22,MLP,mlp.up_proj,62.5,-7.75,0.497546,160.48648
22,MLP,mlp.down_proj,18.25,-18.5,0.070627294,570.3028
23,Attention,self_attn.q_proj,54.75,-7.75,0.5062944,88.42856
23,Attention,self_attn.k_proj,54.75,-7.75,0.5062944,88.42856
23,Attention,self_attn.v_proj,54.75,-7.75,0.5062944,88.42856
23,Attention,self_attn.o_proj,4.125,-7.6875,0.17010592,8.2924
23,MLP,mlp.gate_proj,54.25,-7.8125,0.5280702,72.94178
23,MLP,mlp.up_proj,54.25,-7.8125,0.5280702,72.94178
23,MLP,mlp.down_proj,12.25,-14.125,0.08591621,225.21162
24,Attention,self_attn.q_proj,48.25,-8.5,0.54998064,40.827553
24,Attention,self_attn.k_proj,48.25,-8.5,0.54998064,40.827553
24,Attention,self_attn.v_proj,48.25,-8.5,0.54998064,40.827553
24,Attention,self_attn.o_proj,6.5625,-9.0625,0.08990418,65.87147
24,MLP,mlp.gate_proj,48.0,-8.5,0.5804215,33.15949
24,MLP,mlp.up_proj,48.0,-8.5,0.5804215,33.15949
24,MLP,mlp.down_proj,30.375,-16.625,0.09517587,762.12305
25,Attention,self_attn.q_proj,45.75,-8.8125,0.61605436,22.44185
25,Attention,self_attn.k_proj,45.75,-8.8125,0.61605436,22.44185
25,Attention,self_attn.v_proj,45.75,-8.8125,0.61605436,22.44185
25,Attention,self_attn.o_proj,4.53125,-5.53125,0.08975324,26.891983
25,MLP,mlp.gate_proj,45.5,-8.6875,0.6354754,19.702803
25,MLP,mlp.up_proj,45.5,-8.6875,0.6354754,19.702803
25,MLP,mlp.down_proj,29.125,-16.75,0.10699907,489.0798
26,Attention,self_attn.q_proj,43.75,-9.125,0.68885046,12.784721
26,Attention,self_attn.k_proj,43.75,-9.125,0.68885046,12.784721
26,Attention,self_attn.v_proj,43.75,-9.125,0.68885046,12.784721
26,Attention,self_attn.o_proj,3.625,-3.765625,0.08272663,16.243477
26,MLP,mlp.gate_proj,43.75,-9.1875,0.7033474,11.826719
26,MLP,mlp.up_proj,43.75,-9.1875,0.7033474,11.826719
26,MLP,mlp.down_proj,26.5,-41.5,0.12926352,666.6601
27,Attention,self_attn.q_proj,42.0,-9.375,0.75397706,8.059412
27,Attention,self_attn.k_proj,42.0,-9.375,0.75397706,8.059412
27,Attention,self_attn.v_proj,42.0,-9.375,0.75397706,8.059412
27,Attention,self_attn.o_proj,3.03125,-2.9375,0.07863838,20.375122
27,MLP,mlp.gate_proj,42.0,-9.3125,0.7778965,7.092675
27,MLP,mlp.up_proj,42.0,-9.3125,0.7778965,7.092675
27,MLP,mlp.down_proj,43.5,-69.5,0.15609628,1581.0555
28,Attention,self_attn.q_proj,41.25,-9.0,0.82028216,5.4733334
28,Attention,self_attn.k_proj,41.25,-9.0,0.82028216,5.4733334
28,Attention,self_attn.v_proj,41.25,-9.0,0.82028216,5.4733334
28,Attention,self_attn.o_proj,3.796875,-3.8125,0.11149483,16.231104
28,MLP,mlp.gate_proj,41.25,-8.625,0.8507368,4.8371572
28,MLP,mlp.up_proj,41.25,-8.625,0.8507368,4.8371572
28,MLP,mlp.down_proj,118.0,-228.0,0.29185155,6416.525
29,Attention,self_attn.q_proj,39.25,-9.4375,0.8757801,4.3845334
29,Attention,self_attn.k_proj,39.25,-9.4375,0.8757801,4.3845334
29,Attention,self_attn.v_proj,39.25,-9.4375,0.8757801,4.3845334
29,Attention,self_attn.o_proj,3.34375,-2.9375,0.089936525,16.637527
29,MLP,mlp.gate_proj,39.0,-13.625,0.8841319,5.0837
29,MLP,mlp.up_proj,39.0,-13.625,0.8841319,5.0837
29,MLP,mlp.down_proj,26.375,-53.75,0.2633001,108.436844
0,Attention,self_attn.q_proj,0.203125,-0.203125,0.021086026,0.13600445
0,Attention,self_attn.k_proj,0.203125,-0.203125,0.021086026,0.13600445
0,Attention,self_attn.v_proj,0.203125,-0.203125,0.021086026,0.13600445
0,Attention,self_attn.o_proj,0.40820312,-0.40234375,0.003634018,211.06271
0,MLP,mlp.gate_proj,0.6875,-0.41796875,0.018164955,31.817245
0,MLP,mlp.up_proj,0.6875,-0.41796875,0.018164955,31.817245
0,MLP,mlp.down_proj,0.10839844,-0.034179688,0.00022042671,1702.3971
1,Attention,self_attn.q_proj,1.375,-0.9765625,0.034137182,17.172468
1,Attention,self_attn.k_proj,1.375,-0.9765625,0.034137182,17.172468
1,Attention,self_attn.v_proj,1.375,-0.9765625,0.034137182,17.172468
1,Attention,self_attn.o_proj,0.32226562,-0.40039062,0.0056231553,38.21321
1,MLP,mlp.gate_proj,1.4453125,-1.0390625,0.0379225,15.568607
1,MLP,mlp.up_proj,1.4453125,-1.0390625,0.0379225,15.568607
1,MLP,mlp.down_proj,0.55859375,-0.13964844,0.0005798463,15010.152
2,Attention,self_attn.q_proj,1.6640625,-1.578125,0.053029843,10.0534725
2,Attention,self_attn.k_proj,1.6640625,-1.578125,0.053029843,10.0534725
2,Attention,self_attn.v_proj,1.6640625,-1.578125,0.053029843,10.0534725
2,Attention,self_attn.o_proj,0.4765625,-1.3984375,0.007285106,504.60052
2,MLP,mlp.gate_proj,1.703125,-1.7578125,0.059209917,8.547942
2,MLP,mlp.up_proj,1.703125,-1.7578125,0.059209917,8.547942
2,MLP,mlp.down_proj,0.29882812,-2.09375,0.0011536749,139590.2
3,Attention,self_attn.q_proj,3.140625,-2.359375,0.07606549,7.290127
3,Attention,self_attn.k_proj,3.140625,-2.359375,0.07606549,7.290127
3,Attention,self_attn.v_proj,3.140625,-2.359375,0.07606549,7.290127
3,Attention,self_attn.o_proj,0.953125,-2.078125,0.00920582,1112.4282
3,MLP,mlp.gate_proj,3.34375,-2.59375,0.08229766,7.066124
3,MLP,mlp.up_proj,3.34375,-2.59375,0.08229766,7.066124
3,MLP,mlp.down_proj,0.6953125,-0.5,0.002191289,1052.0638
4,Attention,self_attn.q_proj,3.5625,-2.796875,0.10405802,6.2991724
4,Attention,self_attn.k_proj,3.5625,-2.796875,0.10405802,6.2991724
4,Attention,self_attn.v_proj,3.5625,-2.796875,0.10405802,6.2991724
4,Attention,self_attn.o_proj,1.15625,-0.890625,0.012859281,124.307915
4,MLP,mlp.gate_proj,3.828125,-2.96875,0.11345317,5.773323
4,MLP,mlp.up_proj,3.828125,-2.96875,0.11345317,5.773323
4,MLP,mlp.down_proj,0.7109375,-1.328125,0.0036923746,724.8989
5,Attention,self_attn.q_proj,4.125,-3.03125,0.13023706,4.4853935
5,Attention,self_attn.k_proj,4.125,-3.03125,0.13023706,4.4853935
5,Attention,self_attn.v_proj,4.125,-3.03125,0.13023706,4.4853935
5,Attention,self_attn.o_proj,1.3828125,-1.578125,0.024192883,32.989597
5,MLP,mlp.gate_proj,4.15625,-2.984375,0.14013371,4.9287243
5,MLP,mlp.up_proj,4.15625,-2.984375,0.14013371,4.9287243
5,MLP,mlp.down_proj,1.1328125,-1.8125,0.0073825857,285.72778
6,Attention,self_attn.q_proj,4.875,-3.21875,0.16429856,5.1049356
6,Attention,self_attn.k_proj,4.875,-3.21875,0.16429856,5.1049356
6,Attention,self_attn.v_proj,4.875,-3.21875,0.16429856,5.1049356
6,Attention,self_attn.o_proj,1.4296875,-1.609375,0.046655834,12.078431
6,MLP,mlp.gate_proj,5.3125,-3.53125,0.18330958,5.555023
6,MLP,mlp.up_proj,5.3125,-3.53125,0.18330958,5.555023
6,MLP,mlp.down_proj,3.296875,-1.703125,0.0119363135,279.71753
7,Attention,self_attn.q_proj,5.875,-3.765625,0.20015924,5.560087
7,Attention,self_attn.k_proj,5.875,-3.765625,0.20015924,5.560087
7,Attention,self_attn.v_proj,5.875,-3.765625,0.20015924,5.560087
7,Attention,self_attn.o_proj,1.734375,-1.5234375,0.049532402,11.688562
7,MLP,mlp.gate_proj,6.0625,-3.90625,0.21967348,5.2949142
7,MLP,mlp.up_proj,6.0625,-3.90625,0.21967348,5.2949142
7,MLP,mlp.down_proj,2.671875,-3.1875,0.018184574,178.02779
8,Attention,self_attn.q_proj,8.125,-4.21875,0.22548614,6.646837
8,Attention,self_attn.k_proj,8.125,-4.21875,0.22548614,6.646837
8,Attention,self_attn.v_proj,8.125,-4.21875,0.22548614,6.646837
8,Attention,self_attn.o_proj,1.90625,-1.703125,0.0616548,9.578047
8,MLP,mlp.gate_proj,9.5,-4.71875,0.23750262,8.098722
8,MLP,mlp.up_proj,9.5,-4.71875,0.23750262,8.098722
8,MLP,mlp.down_proj,2.71875,-11.6875,0.018808926,4808.7017
9,Attention,self_attn.q_proj,17.75,-4.90625,0.24375986,21.162937
9,Attention,self_attn.k_proj,17.75,-4.90625,0.24375986,21.162937
9,Attention,self_attn.v_proj,17.75,-4.90625,0.24375986,21.162937
9,Attention,self_attn.o_proj,1.984375,-1.828125,0.062698,9.514034
9,MLP,mlp.gate_proj,26.25,-5.25,0.2610783,59.359673
9,MLP,mlp.up_proj,26.25,-5.25,0.2610783,59.359673
9,MLP,mlp.down_proj,17.25,-3.734375,0.022418384,9926.782
10,Attention,self_attn.q_proj,41.5,-5.28125,0.26075935,341.00168
10,Attention,self_attn.k_proj,41.5,-5.28125,0.26075935,341.00168
10,Attention,self_attn.v_proj,41.5,-5.28125,0.26075935,341.00168
10,Attention,self_attn.o_proj,2.140625,-1.7265625,0.06396657,8.991029
10,MLP,mlp.gate_proj,46.25,-5.46875,0.2764269,420.11353
10,MLP,mlp.up_proj,46.25,-5.46875,0.2764269,420.11353
10,MLP,mlp.down_proj,2.15625,-43.0,0.024661526,116975.445
11,Attention,self_attn.q_proj,60.5,-6.0625,0.27199048,1155.4865
11,Attention,self_attn.k_proj,60.5,-6.0625,0.27199048,1155.4865
11,Attention,self_attn.v_proj,60.5,-6.0625,0.27199048,1155.4865
11,Attention,self_attn.o_proj,2.21875,-2.640625,0.091128856,11.071288
11,MLP,mlp.gate_proj,61.5,-6.125,0.28723228,995.6798
11,MLP,mlp.up_proj,61.5,-6.125,0.28723228,995.6798
11,MLP,mlp.down_proj,11.1875,-15.3125,0.024152284,6427.544
12,Attention,self_attn.q_proj,64.0,-6.625,0.28402758,1181.3322
12,Attention,self_attn.k_proj,64.0,-6.625,0.28402758,1181.3322
12,Attention,self_attn.v_proj,64.0,-6.625,0.28402758,1181.3322
12,Attention,self_attn.o_proj,3.34375,-4.40625,0.07034223,15.059137
12,MLP,mlp.gate_proj,64.0,-6.71875,0.30222577,970.42847
12,MLP,mlp.up_proj,64.0,-6.71875,0.30222577,970.42847
12,MLP,mlp.down_proj,7.0625,-14.6875,0.027453281,6323.7827
13,Attention,self_attn.q_proj,69.0,-7.4375,0.30195203,1202.828
13,Attention,self_attn.k_proj,69.0,-7.4375,0.30195203,1202.828
13,Attention,self_attn.v_proj,69.0,-7.4375,0.30195203,1202.828
13,Attention,self_attn.o_proj,21.375,-13.75,0.14637183,169.56291
13,MLP,mlp.gate_proj,68.5,-7.3125,0.31371382,1034.4501
13,MLP,mlp.up_proj,68.5,-7.3125,0.31371382,1034.4501
13,MLP,mlp.down_proj,19.5,-17.75,0.029637668,8541.687
14,Attention,self_attn.q_proj,71.0,-7.84375,0.30925298,1180.9286
14,Attention,self_attn.k_proj,71.0,-7.84375,0.30925298,1180.9286
14,Attention,self_attn.v_proj,71.0,-7.84375,0.30925298,1180.9286
14,Attention,self_attn.o_proj,4.125,-7.375,0.111530095,14.97333
14,MLP,mlp.gate_proj,71.0,-7.875,0.33110362,952.5079
14,MLP,mlp.up_proj,71.0,-7.875,0.33110362,952.5079
14,MLP,mlp.down_proj,6.03125,-5.375,0.031028816,162.39159
15,Attention,self_attn.q_proj,71.5,-8.0625,0.32301244,1044.3684
15,Attention,self_attn.k_proj,71.5,-8.0625,0.32301244,1044.3684
15,Attention,self_attn.v_proj,71.5,-8.0625,0.32301244,1044.3684
15,Attention,self_attn.o_proj,8.5625,-5.40625,0.085051164,56.223186
15,MLP,mlp.gate_proj,71.5,-8.125,0.34132072,875.1999
15,MLP,mlp.up_proj,71.5,-8.125,0.34132072,875.1999
15,MLP,mlp.down_proj,8.375,-7.75,0.032465465,553.4725
16,Attention,self_attn.q_proj,72.0,-8.1875,0.33809784,907.6489
16,Attention,self_attn.k_proj,72.0,-8.1875,0.33809784,907.6489
16,Attention,self_attn.v_proj,72.0,-8.1875,0.33809784,907.6489
16,Attention,self_attn.o_proj,6.25,-4.5625,0.0726993,27.085623
16,MLP,mlp.gate_proj,72.0,-8.25,0.35874945,752.1502
16,MLP,mlp.up_proj,72.0,-8.25,0.35874945,752.1502
16,MLP,mlp.down_proj,13.5,-35.5,0.034673296,38629.586
17,Attention,self_attn.q_proj,72.0,-8.5,0.35697126,751.69
17,Attention,self_attn.k_proj,72.0,-8.5,0.35697126,751.69
17,Attention,self_attn.v_proj,72.0,-8.5,0.35697126,751.69
17,Attention,self_attn.o_proj,25.5,-2.328125,0.07020936,2625.9644
17,MLP,mlp.gate_proj,72.0,-8.5,0.36297923,708.8767
17,MLP,mlp.up_proj,72.0,-8.5,0.36297923,708.8767
17,MLP,mlp.down_proj,43.75,-3.125,0.03437726,57627.438
18,Attention,self_attn.q_proj,72.0,-8.3125,0.36518028,686.76807
18,Attention,self_attn.k_proj,72.0,-8.3125,0.36518028,686.76807
18,Attention,self_attn.v_proj,72.0,-8.3125,0.36518028,686.76807
18,Attention,self_attn.o_proj,4.59375,-3.890625,0.09022201,14.690813
18,MLP,mlp.gate_proj,72.0,-8.3125,0.39022982,551.5812
18,MLP,mlp.up_proj,72.0,-8.3125,0.39022982,551.5812
18,MLP,mlp.down_proj,22.125,-6.5625,0.041129064,5905.9097
19,Attention,self_attn.q_proj,72.0,-8.1875,0.39540878,520.0622
19,Attention,self_attn.k_proj,72.0,-8.1875,0.39540878,520.0622
19,Attention,self_attn.v_proj,72.0,-8.1875,0.39540878,520.0622
19,Attention,self_attn.o_proj,6.03125,-12.0625,0.10946643,88.251625
19,MLP,mlp.gate_proj,72.0,-8.125,0.41710466,429.88443
19,MLP,mlp.up_proj,72.0,-8.125,0.41710466,429.88443
19,MLP,mlp.down_proj,7.75,-27.375,0.047954563,5980.8906
20,Attention,self_attn.q_proj,71.5,-8.0,0.42558488,386.3425
20,Attention,self_attn.k_proj,71.5,-8.0,0.42558488,386.3425
20,Attention,self_attn.v_proj,71.5,-8.0,0.42558488,386.3425
20,Attention,self_attn.o_proj,4.59375,-9.75,0.1155424,29.921627
20,MLP,mlp.gate_proj,71.5,-8.3125,0.4405269,335.95944
20,MLP,mlp.up_proj,71.5,-8.3125,0.4405269,335.95944
20,MLP,mlp.down_proj,6.84375,-8.3125,0.053304292,151.86694
21,Attention,self_attn.q_proj,68.5,-8.625,0.4528032,252.59877
21,Attention,self_attn.k_proj,68.5,-8.625,0.4528032,252.59877
21,Attention,self_attn.v_proj,68.5,-8.625,0.4528032,252.59877
21,Attention,self_attn.o_proj,7.625,-5.46875,0.105677575,55.133163
21,MLP,mlp.gate_proj,68.0,-8.5625,0.46903265,218.33444
21,MLP,mlp.up_proj,68.0,-8.5625,0.46903265,218.33444
21,MLP,mlp.down_proj,7.84375,-6.375,0.06204408,93.47789
22,Attention,self_attn.q_proj,62.75,-8.625,0.48355934,141.6785
22,Attention,self_attn.k_proj,62.75,-8.625,0.48355934,141.6785
22,Attention,self_attn.v_proj,62.75,-8.625,0.48355934,141.6785
22,Attention,self_attn.o_proj,5.0625,-4.125,0.12206394,11.227491
22,MLP,mlp.gate_proj,62.25,-8.6875,0.5040904,118.93328
22,MLP,mlp.up_proj,62.25,-8.6875,0.5040904,118.93328
22,MLP,mlp.down_proj,19.125,-11.125,0.07288643,489.7955
23,Attention,self_attn.q_proj,54.5,-9.5,0.51303583,65.425354
23,Attention,self_attn.k_proj,54.5,-9.5,0.51303583,65.425354
23,Attention,self_attn.v_proj,54.5,-9.5,0.51303583,65.425354
23,Attention,self_attn.o_proj,4.28125,-7.875,0.16643247,7.4751654
23,MLP,mlp.gate_proj,54.0,-9.5,0.5348555,54.330643
23,MLP,mlp.up_proj,54.0,-9.5,0.5348555,54.330643
23,MLP,mlp.down_proj,12.75,-14.1875,0.08903661,213.27876
24,Attention,self_attn.q_proj,48.25,-9.6875,0.56050074,30.158989
24,Attention,self_attn.k_proj,48.25,-9.6875,0.56050074,30.158989
24,Attention,self_attn.v_proj,48.25,-9.6875,0.56050074,30.158989
24,Attention,self_attn.o_proj,6.59375,-9.0625,0.0872369,58.59705
24,MLP,mlp.gate_proj,48.0,-9.4375,0.5902985,24.851576
24,MLP,mlp.up_proj,48.0,-9.4375,0.5902985,24.851576
24,MLP,mlp.down_proj,28.625,-30.625,0.09973946,699.54504
25,Attention,self_attn.q_proj,45.75,-9.9375,0.62650543,17.045502
25,Attention,self_attn.k_proj,45.75,-9.9375,0.62650543,17.045502
25,Attention,self_attn.v_proj,45.75,-9.9375,0.62650543,17.045502
25,Attention,self_attn.o_proj,4.71875,-5.65625,0.08753681,24.83738
25,MLP,mlp.gate_proj,45.5,-9.4375,0.6460611,15.0429535
25,MLP,mlp.up_proj,45.5,-9.4375,0.6460611,15.0429535
25,MLP,mlp.down_proj,30.125,-24.25,0.11160846,460.44498
26,Attention,self_attn.q_proj,43.75,-10.3125,0.6949535,10.276566
26,Attention,self_attn.k_proj,43.75,-10.3125,0.6949535,10.276566
26,Attention,self_attn.v_proj,43.75,-10.3125,0.6949535,10.276566
26,Attention,self_attn.o_proj,3.484375,-2.640625,0.08044674,17.110626
26,MLP,mlp.gate_proj,43.75,-10.75,0.70814806,9.598602
26,MLP,mlp.up_proj,43.75,-10.75,0.70814806,9.598602
26,MLP,mlp.down_proj,22.125,-41.5,0.13144316,483.03653
27,Attention,self_attn.q_proj,42.0,-10.625,0.7551734,6.805517
27,Attention,self_attn.k_proj,42.0,-10.625,0.7551734,6.805517
27,Attention,self_attn.v_proj,42.0,-10.625,0.7551734,6.805517
27,Attention,self_attn.o_proj,3.4375,-3.03125,0.08132351,21.002272
27,MLP,mlp.gate_proj,42.0,-10.5,0.78184414,5.9013805
27,MLP,mlp.up_proj,42.0,-10.5,0.78184414,5.9013805
27,MLP,mlp.down_proj,48.5,-69.5,0.15963079,1248.3743
28,Attention,self_attn.q_proj,41.25,-10.4375,0.81761116,4.705248
28,Attention,self_attn.k_proj,41.25,-10.4375,0.81761116,4.705248
28,Attention,self_attn.v_proj,41.25,-10.4375,0.81761116,4.705248
28,Attention,self_attn.o_proj,3.6875,-6.65625,0.110589765,16.995771
28,MLP,mlp.gate_proj,41.25,-10.0625,0.84732723,4.1901693
28,MLP,mlp.up_proj,41.25,-10.0625,0.84732723,4.1901693
28,MLP,mlp.down_proj,142.0,-123.0,0.2886392,2394.3904
29,Attention,self_attn.q_proj,39.25,-9.5,0.8731981,4.389315
29,Attention,self_attn.k_proj,39.25,-9.5,0.8731981,4.389315
29,Attention,self_attn.v_proj,39.25,-9.5,0.8731981,4.389315
29,Attention,self_attn.o_proj,3.203125,-3.5,0.09085075,17.031004
29,MLP,mlp.gate_proj,38.75,-13.9375,0.88065857,5.8998566
29,MLP,mlp.up_proj,38.75,-13.9375,0.88065857,5.8998566
29,MLP,mlp.down_proj,35.0,-26.25,0.26499432,78.24257
0,Attention,self_attn.q_proj,0.203125,-0.203125,0.021284077,0.08078027
0,Attention,self_attn.k_proj,0.203125,-0.203125,0.021284077,0.08078027
0,Attention,self_attn.v_proj,0.203125,-0.203125,0.021284077,0.08078027
0,Attention,self_attn.o_proj,0.40429688,-0.40234375,0.0036537617,202.00809
0,MLP,mlp.gate_proj,0.69921875,-0.41796875,0.018302044,21.263275
0,MLP,mlp.up_proj,0.69921875,-0.41796875,0.018302044,21.263275
0,MLP,mlp.down_proj,0.10839844,-0.034423828,0.00020681761,1908.8601
1,Attention,self_attn.q_proj,1.296875,-0.9765625,0.033284523,16.445198
1,Attention,self_attn.k_proj,1.296875,-0.9765625,0.033284523,16.445198
1,Attention,self_attn.v_proj,1.296875,-0.9765625,0.033284523,16.445198
1,Attention,self_attn.o_proj,0.296875,-0.40039062,0.0059111905,35.327168
1,MLP,mlp.gate_proj,1.375,-1.0390625,0.037296373,14.5539055
1,MLP,mlp.up_proj,1.375,-1.0390625,0.037296373,14.5539055
1,MLP,mlp.down_proj,0.55859375,-0.15136719,0.0005684281,15772.626
2,Attention,self_attn.q_proj,1.546875,-1.578125,0.051687367,9.604316
2,Attention,self_attn.k_proj,1.546875,-1.578125,0.051687367,9.604316
2,Attention,self_attn.v_proj,1.546875,-1.578125,0.051687367,9.604316
2,Attention,self_attn.o_proj,0.703125,-1.3984375,0.007645278,447.305
2,MLP,mlp.gate_proj,1.578125,-1.7578125,0.058380224,8.107197
2,MLP,mlp.up_proj,1.578125,-1.7578125,0.058380224,8.107197
2,MLP,mlp.down_proj,0.33789062,-2.09375,0.0011459627,137663.39
3,Attention,self_attn.q_proj,3.140625,-2.359375,0.0748309,7.0996456
3,Attention,self_attn.k_proj,3.140625,-2.359375,0.0748309,7.0996456
3,Attention,self_attn.v_proj,3.140625,-2.359375,0.0748309,7.0996456
3,Attention,self_attn.o_proj,0.953125,-2.078125,0.009609001,972.5246
3,MLP,mlp.gate_proj,3.34375,-2.59375,0.0812064,6.908864
3,MLP,mlp.up_proj,3.34375,-2.59375,0.0812064,6.908864
3,MLP,mlp.down_proj,0.6953125,-0.49414062,0.0021489386,1145.036
4,Attention,self_attn.q_proj,3.5625,-2.796875,0.10259162,5.9012365
4,Attention,self_attn.k_proj,3.5625,-2.796875,0.10259162,5.9012365
4,Attention,self_attn.v_proj,3.5625,-2.796875,0.10259162,5.9012365
4,Attention,self_attn.o_proj,1.15625,-0.890625,0.013605559,103.76207
4,MLP,mlp.gate_proj,3.828125,-2.96875,0.11317275,5.3950233
4,MLP,mlp.up_proj,3.828125,-2.96875,0.11317275,5.3950233
4,MLP,mlp.down_proj,0.6953125,-1.328125,0.00374059,705.9109
5,Attention,self_attn.q_proj,4.125,-3.03125,0.1303642,4.226392
5,Attention,self_attn.k_proj,4.125,-3.03125,0.1303642,4.226392
5,Attention,self_attn.v_proj,4.125,-3.03125,0.1303642,4.226392
5,Attention,self_attn.o_proj,1.3828125,-1.578125,0.025537355,30.124119
5,MLP,mlp.gate_proj,4.15625,-2.984375,0.14043601,4.787332
5,MLP,mlp.up_proj,4.15625,-2.984375,0.14043601,4.787332
5,MLP,mlp.down_proj,0.953125,-1.8125,0.007390674,275.5553
6,Attention,self_attn.q_proj,4.875,-3.296875,0.162401,4.940208
6,Attention,self_attn.k_proj,4.875,-3.296875,0.162401,4.940208
6,Attention,self_attn.v_proj,4.875,-3.296875,0.162401,4.940208
6,Attention,self_attn.o_proj,1.5234375,-1.6796875,0.046573453,11.615416
6,MLP,mlp.gate_proj,5.3125,-3.765625,0.18170625,5.697633
6,MLP,mlp.up_proj,5.3125,-3.765625,0.18170625,5.697633
6,MLP,mlp.down_proj,2.5625,-2.28125,0.011776779,259.6184
7,Attention,self_attn.q_proj,5.875,-4.1875,0.19702184,5.5279427
7,Attention,self_attn.k_proj,5.875,-4.1875,0.19702184,5.5279427
7,Attention,self_attn.v_proj,5.875,-4.1875,0.19702184,5.5279427
7,Attention,self_attn.o_proj,1.828125,-1.3984375,0.050634194,10.885314
7,MLP,mlp.gate_proj,6.0625,-4.4375,0.21785645,5.281583
7,MLP,mlp.up_proj,6.0625,-4.4375,0.21785645,5.281583
7,MLP,mlp.down_proj,2.6875,-2.84375,0.018149111,171.68301
8,Attention,self_attn.q_proj,7.9375,-4.71875,0.22325955,7.0636034
8,Attention,self_attn.k_proj,7.9375,-4.71875,0.22325955,7.0636034
8,Attention,self_attn.v_proj,7.9375,-4.71875,0.22325955,7.0636034
8,Attention,self_attn.o_proj,1.90625,-1.8671875,0.064294815,8.444981
8,MLP,mlp.gate_proj,9.375,-5.0,0.23629692,8.652999
8,MLP,mlp.up_proj,9.375,-5.0,0.23629692,8.652999
8,MLP,mlp.down_proj,1.34375,-10.875,0.018776651,3800.7798
9,Attention,self_attn.q_proj,17.5,-5.15625,0.24183135,28.534487
9,Attention,self_attn.k_proj,17.5,-5.15625,0.24183135,28.534487
9,Attention,self_attn.v_proj,17.5,-5.15625,0.24183135,28.534487
9,Attention,self_attn.o_proj,2.1875,-1.9765625,0.064485714,9.4151125
9,MLP,mlp.gate_proj,26.0,-5.28125,0.26037088,88.73668
9,MLP,mlp.up_proj,26.0,-5.28125,0.26037088,88.73668
9,MLP,mlp.down_proj,17.75,-2.859375,0.022555307,17366.432
10,Attention,self_attn.q_proj,41.5,-5.46875,0.25936663,472.9815
10,Attention,self_attn.k_proj,41.5,-5.46875,0.25936663,472.9815
10,Attention,self_attn.v_proj,41.5,-5.46875,0.25936663,472.9815
10,Attention,self_attn.o_proj,2.53125,-2.015625,0.06404699,10.168477
10,MLP,mlp.gate_proj,46.0,-5.53125,0.27457365,590.3081
10,MLP,mlp.up_proj,46.0,-5.53125,0.27457365,590.3081
10,MLP,mlp.down_proj,2.765625,-43.25,0.02461394,201346.75
11,Attention,self_attn.q_proj,60.0,-5.90625,0.27045146,1488.7852
11,Attention,self_attn.k_proj,60.0,-5.90625,0.27045146,1488.7852
11,Attention,self_attn.v_proj,60.0,-5.90625,0.27045146,1488.7852
11,Attention,self_attn.o_proj,2.21875,-2.0625,0.09329159,8.950887
11,MLP,mlp.gate_proj,60.5,-5.96875,0.28616956,1275.4802
11,MLP,mlp.up_proj,60.5,-5.96875,0.28616956,1275.4802
11,MLP,mlp.down_proj,11.375,-15.8125,0.024121327,11856.16
12,Attention,self_attn.q_proj,63.25,-6.40625,0.28162232,1522.81
12,Attention,self_attn.k_proj,63.25,-6.40625,0.28162232,1522.81
12,Attention,self_attn.v_proj,63.25,-6.40625,0.28162232,1522.81
12,Attention,self_attn.o_proj,3.875,-4.53125,0.07170557,23.560867
12,MLP,mlp.gate_proj,63.5,-6.46875,0.30146453,1230.7579
12,MLP,mlp.up_proj,63.5,-6.46875,0.30146453,1230.7579
12,MLP,mlp.down_proj,6.75,-15.0,0.02732342,9460.043
13,Attention,self_attn.q_proj,68.0,-7.1875,0.30179656,1486.6846
13,Attention,self_attn.k_proj,68.0,-7.1875,0.30179656,1486.6846
13,Attention,self_attn.v_proj,68.0,-7.1875,0.30179656,1486.6846
13,Attention,self_attn.o_proj,21.25,-14.9375,0.14459367,250.86311
13,MLP,mlp.gate_proj,67.5,-7.0625,0.31205755,1298.5054
13,MLP,mlp.up_proj,67.5,-7.0625,0.31205755,1298.5054
13,MLP,mlp.down_proj,19.5,-18.125,0.029461881,14547.284
14,Attention,self_attn.q_proj,69.5,-7.65625,0.30580673,1485.4281
14,Attention,self_attn.k_proj,69.5,-7.65625,0.30580673,1485.4281
14,Attention,self_attn.v_proj,69.5,-7.65625,0.30580673,1485.4281
14,Attention,self_attn.o_proj,4.5625,-7.4375,0.11405078,16.798637
14,MLP,mlp.gate_proj,69.5,-7.71875,0.32844886,1184.7402
14,MLP,mlp.up_proj,69.5,-7.71875,0.32844886,1184.7402
14,MLP,mlp.down_proj,6.34375,-5.4375,0.030724598,241.30974
15,Attention,self_attn.q_proj,70.0,-8.0,0.32064533,1295.7258
15,Attention,self_attn.k_proj,70.0,-8.0,0.32064533,1295.7258
15,Attention,self_attn.v_proj,70.0,-8.0,0.32064533,1295.7258
15,Attention,self_attn.o_proj,8.625,-5.40625,0.084599026,89.47399
15,MLP,mlp.gate_proj,70.0,-8.0625,0.33845076,1088.045
15,MLP,mlp.up_proj,70.0,-8.0625,0.33845076,1088.045
15,MLP,mlp.down_proj,8.5625,-7.21875,0.03212645,747.5977
16,Attention,self_attn.q_proj,70.5,-8.125,0.3359715,1110.5304
16,Attention,self_attn.k_proj,70.5,-8.125,0.3359715,1110.5304
16,Attention,self_attn.v_proj,70.5,-8.125,0.3359715,1110.5304
16,Attention,self_attn.o_proj,6.8125,-4.5625,0.075032696,35.87958
16,MLP,mlp.gate_proj,70.5,-8.1875,0.35726696,913.08997
16,MLP,mlp.up_proj,70.5,-8.1875,0.35726696,913.08997
16,MLP,mlp.down_proj,13.5,-36.5,0.03488497,43315.426
17,Attention,self_attn.q_proj,70.5,-8.5,0.3564276,906.6078
17,Attention,self_attn.k_proj,70.5,-8.5,0.3564276,906.6078
17,Attention,self_attn.v_proj,70.5,-8.5,0.3564276,906.6078
17,Attention,self_attn.o_proj,25.875,-2.09375,0.07191155,3613.533
17,MLP,mlp.gate_proj,70.5,-8.5,0.36168352,860.5973
17,MLP,mlp.up_proj,70.5,-8.5,0.36168352,860.5973
17,MLP,mlp.down_proj,43.75,-3.0,0.034587804,67334.77
18,Attention,self_attn.q_proj,70.5,-8.3125,0.36391026,834.09766
18,Attention,self_attn.k_proj,70.5,-8.3125,0.36391026,834.09766
18,Attention,self_attn.v_proj,70.5,-8.3125,0.36391026,834.09766
18,Attention,self_attn.o_proj,4.625,-3.890625,0.08995779,19.560045
18,MLP,mlp.gate_proj,70.5,-8.3125,0.38764495,676.0996
18,MLP,mlp.up_proj,70.5,-8.3125,0.38764495,676.0996
18,MLP,mlp.down_proj,22.5,-6.40625,0.04126272,6939.6523
19,Attention,self_attn.q_proj,70.5,-8.1875,0.39437056,628.8747
19,Attention,self_attn.k_proj,70.5,-8.1875,0.39437056,628.8747
19,Attention,self_attn.v_proj,70.5,-8.1875,0.39437056,628.8747
19,Attention,self_attn.o_proj,6.0,-12.0,0.112280145,120.407906
19,MLP,mlp.gate_proj,70.5,-8.125,0.4159975,517.7606
19,MLP,mlp.up_proj,70.5,-8.125,0.4159975,517.7606
19,MLP,mlp.down_proj,6.3125,-26.625,0.04787099,7068.294
20,Attention,self_attn.q_proj,70.0,-8.0,0.4237958,468.504
20,Attention,self_attn.k_proj,70.0,-8.0,0.4237958,468.504
20,Attention,self_attn.v_proj,70.0,-8.0,0.4237958,468.504
20,Attention,self_attn.o_proj,4.5625,-10.4375,0.113063365,47.912342
20,MLP,mlp.gate_proj,70.0,-8.0,0.4381187,408.6615
20,MLP,mlp.up_proj,70.0,-8.0,0.4381187,408.6615
20,MLP,mlp.down_proj,5.15625,-10.1875,0.052536376,174.1651
21,Attention,self_attn.q_proj,67.0,-7.90625,0.44983834,312.4295
21,Attention,self_attn.k_proj,67.0,-7.90625,0.44983834,312.4295
21,Attention,self_attn.v_proj,67.0,-7.90625,0.44983834,312.4295
21,Attention,self_attn.o_proj,7.5,-5.40625,0.10649523,67.43608
21,MLP,mlp.gate_proj,66.5,-7.90625,0.4650737,271.32104
21,MLP,mlp.up_proj,66.5,-7.90625,0.4650737,271.32104
21,MLP,mlp.down_proj,10.5,-5.125,0.06074776,108.638596
22,Attention,self_attn.q_proj,61.25,-8.3125,0.4774315,179.73944
22,Attention,self_attn.k_proj,61.25,-8.3125,0.4774315,179.73944
22,Attention,self_attn.v_proj,61.25,-8.3125,0.4774315,179.73944
22,Attention,self_attn.o_proj,4.96875,-4.03125,0.12264075,12.414726
22,MLP,mlp.gate_proj,61.0,-8.4375,0.496024,152.42105
22,MLP,mlp.up_proj,61.0,-8.4375,0.496024,152.42105
22,MLP,mlp.down_proj,17.375,-12.375,0.07103855,484.74472
23,Attention,self_attn.q_proj,54.0,-8.25,0.5057644,83.38016
23,Attention,self_attn.k_proj,54.0,-8.25,0.5057644,83.38016
23,Attention,self_attn.v_proj,54.0,-8.25,0.5057644,83.38016
23,Attention,self_attn.o_proj,4.28125,-7.8125,0.1649133,9.283705
23,MLP,mlp.gate_proj,53.5,-8.5,0.5279433,68.49966
23,MLP,mlp.up_proj,53.5,-8.5,0.5279433,68.49966
23,MLP,mlp.down_proj,12.1875,-13.875,0.086948134,198.27438
24,Attention,self_attn.q_proj,48.75,-9.375,0.55368495,37.820473
24,Attention,self_attn.k_proj,48.75,-9.375,0.55368495,37.820473
24,Attention,self_attn.v_proj,48.75,-9.375,0.55368495,37.820473
24,Attention,self_attn.o_proj,6.65625,-9.375,0.08516861,82.641205
24,MLP,mlp.gate_proj,48.5,-9.375,0.5804785,31.560013
24,MLP,mlp.up_proj,48.5,-9.375,0.5804785,31.560013
24,MLP,mlp.down_proj,28.75,-18.25,0.095976174,667.2467
25,Attention,self_attn.q_proj,46.25,-9.75,0.61450154,21.786753
25,Attention,self_attn.k_proj,46.25,-9.75,0.61450154,21.786753
25,Attention,self_attn.v_proj,46.25,-9.75,0.61450154,21.786753
25,Attention,self_attn.o_proj,4.6875,-5.65625,0.08554867,31.773285
25,MLP,mlp.gate_proj,46.0,-9.6875,0.63123846,19.51326
25,MLP,mlp.up_proj,46.0,-9.6875,0.63123846,19.51326
25,MLP,mlp.down_proj,40.25,-17.25,0.107215025,672.0861
26,Attention,self_attn.q_proj,44.25,-10.25,0.6798004,13.137663
26,Attention,self_attn.k_proj,44.25,-10.25,0.6798004,13.137663
26,Attention,self_attn.v_proj,44.25,-10.25,0.6798004,13.137663
26,Attention,self_attn.o_proj,3.578125,-2.46875,0.078338444,18.650492
26,MLP,mlp.gate_proj,44.25,-10.4375,0.6925667,12.32742
26,MLP,mlp.up_proj,44.25,-10.4375,0.6925667,12.32742
26,MLP,mlp.down_proj,21.625,-41.0,0.12785493,581.8359
27,Attention,self_attn.q_proj,42.5,-10.5,0.7384346,8.648661
27,Attention,self_attn.k_proj,42.5,-10.5,0.7384346,8.648661
27,Attention,self_attn.v_proj,42.5,-10.5,0.7384346,8.648661
27,Attention,self_attn.o_proj,3.0,-3.484375,0.07720944,20.032461
27,MLP,mlp.gate_proj,42.5,-10.375,0.76134396,7.642148
27,MLP,mlp.up_proj,42.5,-10.375,0.76134396,7.642148
27,MLP,mlp.down_proj,51.25,-69.5,0.15392643,1540.1478
28,Attention,self_attn.q_proj,41.75,-10.1875,0.7992687,5.9880123
28,Attention,self_attn.k_proj,41.75,-10.1875,0.7992687,5.9880123
28,Attention,self_attn.v_proj,41.75,-10.1875,0.7992687,5.9880123
28,Attention,self_attn.o_proj,4.4375,-4.6875,0.107514665,18.131948
28,MLP,mlp.gate_proj,41.75,-9.9375,0.82869965,5.303459
28,MLP,mlp.up_proj,41.75,-9.9375,0.82869965,5.303459
28,MLP,mlp.down_proj,129.0,-151.0,0.2793258,1615.4698
29,Attention,self_attn.q_proj,39.75,-9.6875,0.85467815,4.5194106
29,Attention,self_attn.k_proj,39.75,-9.6875,0.85467815,4.5194106
29,Attention,self_attn.v_proj,39.75,-9.6875,0.85467815,4.5194106
29,Attention,self_attn.o_proj,3.546875,-3.46875,0.08698357,17.989777
29,MLP,mlp.gate_proj,39.25,-14.0,0.86126375,4.909205
29,MLP,mlp.up_proj,39.25,-14.0,0.86126375,4.909205
29,MLP,mlp.down_proj,40.5,-27.625,0.25606525,96.416176
0,Attention,self_attn.q_proj,0.203125,-0.203125,0.021443272,0.13345098
0,Attention,self_attn.k_proj,0.203125,-0.203125,0.021443272,0.13345098
0,Attention,self_attn.v_proj,0.203125,-0.203125,0.021443272,0.13345098
0,Attention,self_attn.o_proj,0.40429688,-0.40234375,0.0037540176,185.81471
0,MLP,mlp.gate_proj,0.69921875,-0.41796875,0.018044777,22.48296
0,MLP,mlp.up_proj,0.69921875,-0.41796875,0.018044777,22.48296
0,MLP,mlp.down_proj,0.10839844,-0.03466797,0.0001988584,2061.97
1,Attention,self_attn.q_proj,1.1875,-1.0,0.032420393,16.757431
1,Attention,self_attn.k_proj,1.1875,-1.0,0.032420393,16.757431
1,Attention,self_attn.v_proj,1.1875,-1.0,0.032420393,16.757431
1,Attention,self_attn.o_proj,0.49609375,-0.40039062,0.005952645,39.254448
1,MLP,mlp.gate_proj,1.234375,-1.0390625,0.03658704,14.453911
1,MLP,mlp.up_proj,1.234375,-1.0390625,0.03658704,14.453911
1,MLP,mlp.down_proj,0.55859375,-0.17089844,0.0005550738,16257.937
2,Attention,self_attn.q_proj,1.453125,-1.578125,0.050970748,9.51024
2,Attention,self_attn.k_proj,1.453125,-1.578125,0.050970748,9.51024
2,Attention,self_attn.v_proj,1.453125,-1.578125,0.050970748,9.51024
2,Attention,self_attn.o_proj,0.4765625,-1.3984375,0.007518001,489.40982
2,MLP,mlp.gate_proj,1.484375,-1.7578125,0.05691384,8.206324
2,MLP,mlp.up_proj,1.484375,-1.7578125,0.05691384,8.206324
2,MLP,mlp.down_proj,0.296875,-2.09375,0.0010909799,153191.78
3,Attention,self_attn.q_proj,3.140625,-2.359375,0.07262616,7.3282843
3,Attention,self_attn.k_proj,3.140625,-2.359375,0.07262616,7.3282843
3,Attention,self_attn.v_proj,3.140625,-2.359375,0.07262616,7.3282843
3,Attention,self_attn.o_proj,0.953125,-2.078125,0.009655055,990.0975
3,MLP,mlp.gate_proj,3.34375,-2.59375,0.07927825,6.9589033
3,MLP,mlp.up_proj,3.34375,-2.59375,0.07927825,6.9589033
3,MLP,mlp.down_proj,0.6953125,-0.59765625,0.0020666178,1196.1799
4,Attention,self_attn.q_proj,3.5625,-2.796875,0.099815175,5.9269133
4,Attention,self_attn.k_proj,3.5625,-2.796875,0.099815175,5.9269133
4,Attention,self_attn.v_proj,3.5625,-2.796875,0.099815175,5.9269133
4,Attention,self_attn.o_proj,1.15625,-0.890625,0.013401846,112.91523
4,MLP,mlp.gate_proj,3.828125,-2.96875,0.10993073,5.4283867
4,MLP,mlp.up_proj,3.828125,-2.96875,0.10993073,5.4283867
4,MLP,mlp.down_proj,0.60546875,-1.328125,0.0035598988,786.6543
5,Attention,self_attn.q_proj,4.125,-3.03125,0.12688905,4.241708
5,Attention,self_attn.k_proj,4.125,-3.03125,0.12688905,4.241708
5,Attention,self_attn.v_proj,4.125,-3.03125,0.12688905,4.241708
5,Attention,self_attn.o_proj,1.3828125,-1.578125,0.025045494,33.070732
5,MLP,mlp.gate_proj,4.15625,-2.984375,0.13703069,4.6890264
5,MLP,mlp.up_proj,4.15625,-2.984375,0.13703069,4.6890264
5,MLP,mlp.down_proj,1.390625,-1.8125,0.007186102,312.0545
6,Attention,self_attn.q_proj,4.875,-3.21875,0.158779,4.839313
6,Attention,self_attn.k_proj,4.875,-3.21875,0.158779,4.839313
6,Attention,self_attn.v_proj,4.875,-3.21875,0.158779,4.839313
6,Attention,self_attn.o_proj,1.359375,-1.46875,0.046404798,11.977154
6,MLP,mlp.gate_proj,5.3125,-3.65625,0.17878611,5.4646845
6,MLP,mlp.up_proj,5.3125,-3.65625,0.17878611,5.4646845
6,MLP,mlp.down_proj,2.46875,-1.703125,0.011583117,236.90703
7,Attention,self_attn.q_proj,5.875,-3.90625,0.19381341,5.291793
7,Attention,self_attn.k_proj,5.875,-3.90625,0.19381341,5.291793
7,Attention,self_attn.v_proj,5.875,-3.90625,0.19381341,5.291793
7,Attention,self_attn.o_proj,1.8046875,-1.4296875,0.050646406,11.074095
7,MLP,mlp.gate_proj,6.0625,-4.09375,0.21407712,5.044132
7,MLP,mlp.up_proj,6.0625,-4.09375,0.21407712,5.044132
7,MLP,mlp.down_proj,2.59375,-2.75,0.017713714,170.35614
8,Attention,self_attn.q_proj,7.96875,-4.375,0.21964704,6.8324842
8,Attention,self_attn.k_proj,7.96875,-4.375,0.21964704,6.8324842
8,Attention,self_attn.v_proj,7.96875,-4.375,0.21964704,6.8324842
8,Attention,self_attn.o_proj,1.8671875,-1.796875,0.062740326,8.860659
8,MLP,mlp.gate_proj,9.25,-4.65625,0.2324952,8.356912
8,MLP,mlp.up_proj,9.25,-4.65625,0.2324952,8.356912
8,MLP,mlp.down_proj,1.7890625,-10.625,0.018295351,5475.4146
9,Attention,self_attn.q_proj,17.75,-4.9375,0.23888327,27.397453
9,Attention,self_attn.k_proj,17.75,-4.9375,0.23888327,27.397453
9,Attention,self_attn.v_proj,17.75,-4.9375,0.23888327,27.397453
9,Attention,self_attn.o_proj,2.171875,-1.890625,0.06500194,9.162571
9,MLP,mlp.gate_proj,26.125,-5.25,0.2578674,82.17883
9,MLP,mlp.up_proj,26.125,-5.25,0.2578674,82.17883
9,MLP,mlp.down_proj,18.0,-2.453125,0.02248969,18125.352
10,Attention,self_attn.q_proj,41.5,-5.21875,0.25677982,461.87756
10,Attention,self_attn.k_proj,41.5,-5.21875,0.25677982,461.87756
10,Attention,self_attn.v_proj,41.5,-5.21875,0.25677982,461.87756
10,Attention,self_attn.o_proj,2.34375,-1.8984375,0.06463033,10.213497
10,MLP,mlp.gate_proj,46.25,-5.40625,0.27306652,561.6145
10,MLP,mlp.up_proj,46.25,-5.40625,0.27306652,561.6145
10,MLP,mlp.down_proj,2.265625,-45.25,0.024824787,215660.86
11,Attention,self_attn.q_proj,60.5,-5.90625,0.26824027,1473.2334
11,Attention,self_attn.k_proj,60.5,-5.90625,0.26824027,1473.2334
11,Attention,self_attn.v_proj,60.5,-5.90625,0.26824027,1473.2334
11,Attention,self_attn.o_proj,1.7578125,-2.5625,0.0927715,9.51249
11,MLP,mlp.gate_proj,61.5,-6.0,0.28476712,1249.2921
11,MLP,mlp.up_proj,61.5,-6.0,0.28476712,1249.2921
11,MLP,mlp.down_proj,10.9375,-15.1875,0.02435316,10723.29
12,Attention,self_attn.q_proj,64.5,-6.625,0.2808744,1491.5806
12,Attention,self_attn.k_proj,64.5,-6.625,0.2808744,1491.5806
12,Attention,self_attn.v_proj,64.5,-6.625,0.2808744,1491.5806
12,Attention,self_attn.o_proj,3.84375,-4.5625,0.07352185,19.661308
12,MLP,mlp.gate_proj,65.0,-6.71875,0.29985064,1214.8641
12,MLP,mlp.up_proj,65.0,-6.71875,0.29985064,1214.8641
12,MLP,mlp.down_proj,6.71875,-15.75,0.02755456,10824.16
13,Attention,self_attn.q_proj,70.0,-7.46875,0.29681876,1528.5626
13,Attention,self_attn.k_proj,70.0,-7.46875,0.29681876,1528.5626
13,Attention,self_attn.v_proj,70.0,-7.46875,0.29681876,1528.5626
13,Attention,self_attn.o_proj,21.5,-14.5,0.14894126,227.37503
13,MLP,mlp.gate_proj,69.5,-7.375,0.30827865,1320.3336
13,MLP,mlp.up_proj,69.5,-7.375,0.30827865,1320.3336
13,MLP,mlp.down_proj,19.375,-17.5,0.029378073,14052.898
14,Attention,self_attn.q_proj,72.0,-7.90625,0.30215025,1520.9191
14,Attention,self_attn.k_proj,72.0,-7.90625,0.30215025,1520.9191
14,Attention,self_attn.v_proj,72.0,-7.90625,0.30215025,1520.9191
14,Attention,self_attn.o_proj,4.5625,-7.34375,0.11520393,16.045544
14,MLP,mlp.gate_proj,72.0,-7.9375,0.32464647,1213.2162
14,MLP,mlp.up_proj,72.0,-7.9375,0.32464647,1213.2162
14,MLP,mlp.down_proj,6.0625,-5.5625,0.030678915,315.69608
15,Attention,self_attn.q_proj,72.5,-8.125,0.31640235,1339.2776
15,Attention,self_attn.k_proj,72.5,-8.125,0.31640235,1339.2776
15,Attention,self_attn.v_proj,72.5,-8.125,0.31640235,1339.2776
15,Attention,self_attn.o_proj,8.75,-5.46875,0.087936565,58.514923
15,MLP,mlp.gate_proj,72.5,-8.1875,0.33466098,1115.864
15,MLP,mlp.up_proj,72.5,-8.1875,0.33466098,1115.864
15,MLP,mlp.down_proj,8.75,-8.0,0.031917732,869.1946
16,Attention,self_attn.q_proj,73.0,-8.25,0.32868767,1178.6821
16,Attention,self_attn.k_proj,73.0,-8.25,0.32868767,1178.6821
16,Attention,self_attn.v_proj,73.0,-8.25,0.32868767,1178.6821
16,Attention,self_attn.o_proj,6.84375,-5.0,0.07371853,33.837612
16,MLP,mlp.gate_proj,73.0,-8.3125,0.3505656,963.35425
16,MLP,mlp.up_proj,73.0,-8.3125,0.3505656,963.35425
16,MLP,mlp.down_proj,13.6875,-35.75,0.0340858,44950.746
17,Attention,self_attn.q_proj,73.0,-8.5625,0.34961092,956.54724
17,Attention,self_attn.k_proj,73.0,-8.5625,0.34961092,956.54724
17,Attention,self_attn.v_proj,73.0,-8.5625,0.34961092,956.54724
17,Attention,self_attn.o_proj,26.5,-2.328125,0.07228737,3752.0144
17,MLP,mlp.gate_proj,73.0,-8.5625,0.35708597,890.8286
17,MLP,mlp.up_proj,73.0,-8.5625,0.35708597,890.8286
17,MLP,mlp.down_proj,44.0,-2.453125,0.033975225,70482.26
18,Attention,self_attn.q_proj,73.0,-8.375,0.3582458,870.92
18,Attention,self_attn.k_proj,73.0,-8.375,0.3582458,870.92
18,Attention,self_attn.v_proj,73.0,-8.375,0.3582458,870.92
18,Attention,self_attn.o_proj,4.8125,-4.0625,0.09299868,16.357365
18,MLP,mlp.gate_proj,73.0,-8.375,0.3835433,694.2471
18,MLP,mlp.up_proj,73.0,-8.375,0.3835433,694.2471
18,MLP,mlp.down_proj,22.125,-6.59375,0.04081146,7294.769
19,Attention,self_attn.q_proj,73.0,-8.1875,0.387554,660.60767
19,Attention,self_attn.k_proj,73.0,-8.1875,0.387554,660.60767
19,Attention,self_attn.v_proj,73.0,-8.1875,0.387554,660.60767
19,Attention,self_attn.o_proj,6.125,-12.375,0.11578616,98.277596
19,MLP,mlp.gate_proj,73.0,-8.125,0.41114134,535.4538
19,MLP,mlp.up_proj,73.0,-8.125,0.41114134,535.4538
19,MLP,mlp.down_proj,6.0,-26.875,0.04769885,7077.675
20,Attention,self_attn.q_proj,72.5,-8.0,0.41955706,481.90198
20,Attention,self_attn.k_proj,72.5,-8.0,0.41955706,481.90198
20,Attention,self_attn.v_proj,72.5,-8.0,0.41955706,481.90198
20,Attention,self_attn.o_proj,4.65625,-10.0625,0.11782614,34.189144
20,MLP,mlp.gate_proj,72.5,-8.6875,0.4355323,414.86618
20,MLP,mlp.up_proj,72.5,-8.6875,0.4355323,414.86618
20,MLP,mlp.down_proj,7.1875,-9.0,0.0528249,164.72276
21,Attention,self_attn.q_proj,69.5,-9.0625,0.4467338,318.05798
21,Attention,self_attn.k_proj,69.5,-9.0625,0.4467338,318.05798
21,Attention,self_attn.v_proj,69.5,-9.0625,0.4467338,318.05798
21,Attention,self_attn.o_proj,7.9375,-5.53125,0.10604437,65.16725
21,MLP,mlp.gate_proj,69.0,-8.9375,0.46328962,273.1914
21,MLP,mlp.up_proj,69.0,-8.9375,0.46328962,273.1914
21,MLP,mlp.down_proj,7.65625,-6.0,0.061127648,102.738045
22,Attention,self_attn.q_proj,64.0,-9.0625,0.4753154,182.9408
22,Attention,self_attn.k_proj,64.0,-9.0625,0.4753154,182.9408
22,Attention,self_attn.v_proj,64.0,-9.0625,0.4753154,182.9408
22,Attention,self_attn.o_proj,5.0625,-4.125,0.12659225,12.62367
22,MLP,mlp.gate_proj,63.5,-9.0625,0.49566352,153.21205
22,MLP,mlp.up_proj,63.5,-9.0625,0.49566352,153.21205
22,MLP,mlp.down_proj,18.125,-8.375,0.07189771,496.08704
23,Attention,self_attn.q_proj,55.75,-9.6875,0.50442815,85.871895
23,Attention,self_attn.k_proj,55.75,-9.6875,0.50442815,85.871895
23,Attention,self_attn.v_proj,55.75,-9.6875,0.50442815,85.871895
23,Attention,self_attn.o_proj,4.3125,-8.0,0.1704157,7.860079
23,MLP,mlp.gate_proj,55.25,-9.625,0.52510196,71.50296
23,MLP,mlp.up_proj,55.25,-9.625,0.52510196,71.50296
23,MLP,mlp.down_proj,13.9375,-16.125,0.086878695,261.9457
24,Attention,self_attn.q_proj,49.25,-10.25,0.54888934,40.292545
24,Attention,self_attn.k_proj,49.25,-10.25,0.54888934,40.292545
24,Attention,self_attn.v_proj,49.25,-10.25,0.54888934,40.292545
24,Attention,self_attn.o_proj,6.625,-9.0625,0.0894397,60.672848
24,MLP,mlp.gate_proj,49.0,-9.875,0.57978296,32.83018
24,MLP,mlp.up_proj,49.0,-9.875,0.57978296,32.83018
24,MLP,mlp.down_proj,30.875,-18.625,0.09738812,737.36505
25,Attention,self_attn.q_proj,46.5,-10.3125,0.61529815,22.580967
25,Attention,self_attn.k_proj,46.5,-10.3125,0.61529815,22.580967
25,Attention,self_attn.v_proj,46.5,-10.3125,0.61529815,22.580967
25,Attention,self_attn.o_proj,4.625,-5.53125,0.08766018,27.428352
25,MLP,mlp.gate_proj,46.25,-9.8125,0.6343613,19.969683
25,MLP,mlp.up_proj,46.25,-9.8125,0.6343613,19.969683
25,MLP,mlp.down_proj,29.875,-19.125,0.10850491,506.70645
26,Attention,self_attn.q_proj,44.25,-10.4375,0.68673503,13.20755
26,Attention,self_attn.k_proj,44.25,-10.4375,0.68673503,13.20755
26,Attention,self_attn.v_proj,44.25,-10.4375,0.68673503,13.20755
26,Attention,self_attn.o_proj,3.65625,-2.703125,0.0833014,16.924057
26,MLP,mlp.gate_proj,44.25,-10.375,0.70210654,12.2333555
26,MLP,mlp.up_proj,44.25,-10.375,0.70210654,12.2333555
26,MLP,mlp.down_proj,18.0,-42.25,0.13004787,613.626
27,Attention,self_attn.q_proj,42.5,-11.0,0.751468,8.452335
27,Attention,self_attn.k_proj,42.5,-11.0,0.751468,8.452335
27,Attention,self_attn.v_proj,42.5,-11.0,0.751468,8.452335
27,Attention,self_attn.o_proj,2.765625,-3.296875,0.076430306,21.729902
27,MLP,mlp.gate_proj,42.5,-10.875,0.77555376,7.4410086
27,MLP,mlp.up_proj,42.5,-10.875,0.77555376,7.4410086
27,MLP,mlp.down_proj,112.0,-72.5,0.15755421,2577.3684
28,Attention,self_attn.q_proj,41.75,-10.1875,0.8167873,5.781435
28,Attention,self_attn.k_proj,41.75,-10.1875,0.8167873,5.781435
28,Attention,self_attn.v_proj,41.75,-10.1875,0.8167873,5.781435
28,Attention,self_attn.o_proj,4.03125,-5.875,0.10852065,16.203827
28,MLP,mlp.gate_proj,41.75,-10.3125,0.8465112,5.124899
28,MLP,mlp.up_proj,41.75,-10.3125,0.8465112,5.124899
28,MLP,mlp.down_proj,165.0,-98.0,0.28781027,2053.702
29,Attention,self_attn.q_proj,39.75,-10.0,0.87253034,4.834091
29,Attention,self_attn.k_proj,39.75,-10.0,0.87253034,4.834091
29,Attention,self_attn.v_proj,39.75,-10.0,0.87253034,4.834091
29,Attention,self_attn.o_proj,3.46875,-3.265625,0.09354998,17.00271
29,MLP,mlp.gate_proj,39.5,-14.375,0.884249,5.6617346
29,MLP,mlp.up_proj,39.5,-14.375,0.884249,5.6617346
29,MLP,mlp.down_proj,35.0,-41.5,0.26582465,110.10693
0,Attention,self_attn.q_proj,0.203125,-0.203125,0.021508267,0.115965605
0,Attention,self_attn.k_proj,0.203125,-0.203125,0.021508267,0.115965605
0,Attention,self_attn.v_proj,0.203125,-0.203125,0.021508267,0.115965605
0,Attention,self_attn.o_proj,0.40625,-0.40234375,0.0036147146,203.56143
0,MLP,mlp.gate_proj,0.703125,-0.41796875,0.018557753,24.409525
0,MLP,mlp.up_proj,0.703125,-0.41796875,0.018557753,24.409525
0,MLP,mlp.down_proj,0.10839844,-0.03466797,0.0002244346,1546.2756
1,Attention,self_attn.q_proj,1.203125,-0.984375,0.03483986,14.958492
1,Attention,self_attn.k_proj,1.203125,-0.984375,0.03483986,14.958492
1,Attention,self_attn.v_proj,1.203125,-0.984375,0.03483986,14.958492
1,Attention,self_attn.o_proj,0.49023438,-0.40039062,0.00580443,42.90511
1,MLP,mlp.gate_proj,1.2890625,-1.0390625,0.038632445,13.674522
1,MLP,mlp.up_proj,1.2890625,-1.0390625,0.038632445,13.674522
1,MLP,mlp.down_proj,0.55859375,-0.15625,0.0006015763,13604.623
2,Attention,self_attn.q_proj,1.453125,-1.578125,0.054317467,8.831143
2,Attention,self_attn.k_proj,1.453125,-1.578125,0.054317467,8.831143
2,Attention,self_attn.v_proj,1.453125,-1.578125,0.054317467,8.831143
2,Attention,self_attn.o_proj,0.66015625,-1.3984375,0.007449883,421.0745
2,MLP,mlp.gate_proj,1.5078125,-1.7578125,0.060260523,7.737734
2,MLP,mlp.up_proj,1.5078125,-1.7578125,0.060260523,7.737734
2,MLP,mlp.down_proj,0.24609375,-2.09375,0.0011878929,132554.62
3,Attention,self_attn.q_proj,3.140625,-2.359375,0.07723662,6.603402
3,Attention,self_attn.k_proj,3.140625,-2.359375,0.07723662,6.603402
3,Attention,self_attn.v_proj,3.140625,-2.359375,0.07723662,6.603402
3,Attention,self_attn.o_proj,0.953125,-2.078125,0.0095651075,970.7841
3,MLP,mlp.gate_proj,3.34375,-2.59375,0.08333794,6.424371
3,MLP,mlp.up_proj,3.34375,-2.59375,0.08333794,6.424371
3,MLP,mlp.down_proj,0.6953125,-0.48828125,0.002217901,1000.39935
4,Attention,self_attn.q_proj,3.5625,-2.796875,0.10522403,5.5388317
4,Attention,self_attn.k_proj,3.5625,-2.796875,0.10522403,5.5388317
4,Attention,self_attn.v_proj,3.5625,-2.796875,0.10522403,5.5388317
4,Attention,self_attn.o_proj,1.15625,-0.890625,0.013229696,111.5202
4,MLP,mlp.gate_proj,3.828125,-2.96875,0.114886455,5.1439686
4,MLP,mlp.up_proj,3.828125,-2.96875,0.114886455,5.1439686
4,MLP,mlp.down_proj,0.6484375,-1.328125,0.00374665,700.2227
5,Attention,self_attn.q_proj,4.125,-3.03125,0.1320466,4.0253053
5,Attention,self_attn.k_proj,4.125,-3.03125,0.1320466,4.0253053
5,Attention,self_attn.v_proj,4.125,-3.03125,0.1320466,4.0253053
5,Attention,self_attn.o_proj,1.3828125,-1.578125,0.025190538,30.31839
5,MLP,mlp.gate_proj,4.15625,-2.984375,0.14245376,4.421988
5,MLP,mlp.up_proj,4.15625,-2.984375,0.14245376,4.421988
5,MLP,mlp.down_proj,0.94921875,-1.8125,0.007514817,272.0377
6,Attention,self_attn.q_proj,4.875,-3.21875,0.16654786,4.4605117
6,Attention,self_attn.k_proj,4.875,-3.21875,0.16654786,4.4605117
6,Attention,self_attn.v_proj,4.875,-3.21875,0.16654786,4.4605117
6,Attention,self_attn.o_proj,1.609375,-1.5078125,0.04669925,12.655751
6,MLP,mlp.gate_proj,5.3125,-3.453125,0.18633968,5.1373777
6,MLP,mlp.up_proj,5.3125,-3.453125,0.18633968,5.1373777
6,MLP,mlp.down_proj,2.171875,-1.703125,0.012230989,201.60577
7,Attention,self_attn.q_proj,5.875,-3.84375,0.2030586,5.003786
7,Attention,self_attn.k_proj,5.875,-3.84375,0.2030586,5.003786
7,Attention,self_attn.v_proj,5.875,-3.84375,0.2030586,5.003786
7,Attention,self_attn.o_proj,1.6484375,-1.5703125,0.051097658,11.785233
7,MLP,mlp.gate_proj,6.0625,-4.125,0.22365876,4.8327713
7,MLP,mlp.up_proj,6.0625,-4.125,0.22365876,4.8327713
7,MLP,mlp.down_proj,2.9375,-3.0625,0.018745735,158.16644
8,Attention,self_attn.q_proj,7.84375,-4.4375,0.23072335,5.8024483
8,Attention,self_attn.k_proj,7.84375,-4.4375,0.23072335,5.8024483
8,Attention,self_attn.v_proj,7.84375,-4.4375,0.23072335,5.8024483
8,Attention,self_attn.o_proj,1.7265625,-1.84375,0.0637926,10.489266
8,MLP,mlp.gate_proj,9.25,-4.71875,0.24358924,7.050273
8,MLP,mlp.up_proj,9.25,-4.71875,0.24358924,7.050273
8,MLP,mlp.down_proj,1.4921875,-9.3125,0.019460035,1851.3585
9,Attention,self_attn.q_proj,17.5,-4.8125,0.25083512,16.324783
9,Attention,self_attn.k_proj,17.5,-4.8125,0.25083512,16.324783
9,Attention,self_attn.v_proj,17.5,-4.8125,0.25083512,16.324783
9,Attention,self_attn.o_proj,1.7265625,-1.90625,0.06681131,9.849093
9,MLP,mlp.gate_proj,26.0,-5.0,0.26968703,46.929264
9,MLP,mlp.up_proj,26.0,-5.0,0.26968703,46.929264
9,MLP,mlp.down_proj,17.375,-4.53125,0.023634246,11162.338
10,Attention,self_attn.q_proj,41.5,-5.09375,0.26961175,273.13376
10,Attention,self_attn.k_proj,41.5,-5.09375,0.26961175,273.13376
10,Attention,self_attn.v_proj,41.5,-5.09375,0.26961175,273.13376
10,Attention,self_attn.o_proj,1.890625,-1.78125,0.06658291,10.322136
10,MLP,mlp.gate_proj,46.0,-5.21875,0.28592068,337.3974
10,MLP,mlp.up_proj,46.0,-5.21875,0.28592068,337.3974
10,MLP,mlp.down_proj,2.125,-41.75,0.026038432,152373.92
11,Attention,self_attn.q_proj,60.0,-6.09375,0.28124338,937.1687
11,Attention,self_attn.k_proj,60.0,-6.09375,0.28124338,937.1687
11,Attention,self_attn.v_proj,60.0,-6.09375,0.28124338,937.1687
11,Attention,self_attn.o_proj,2.390625,-2.328125,0.095628716,10.1435175
11,MLP,mlp.gate_proj,60.5,-6.15625,0.2971811,805.5045
11,MLP,mlp.up_proj,60.5,-6.15625,0.2971811,805.5045
11,MLP,mlp.down_proj,10.8125,-15.3125,0.025321037,6964.3774
12,Attention,self_attn.q_proj,62.5,-6.5625,0.29231292,975.4114
12,Attention,self_attn.k_proj,62.5,-6.5625,0.29231292,975.4114
12,Attention,self_attn.v_proj,62.5,-6.5625,0.29231292,975.4114
12,Attention,self_attn.o_proj,3.421875,-4.46875,0.0743818,12.114649
12,MLP,mlp.gate_proj,62.75,-6.625,0.3117324,795.71423
12,MLP,mlp.up_proj,62.75,-6.625,0.3117324,795.71423
12,MLP,mlp.down_proj,6.40625,-14.0625,0.028551003,5258.506
13,Attention,self_attn.q_proj,66.0,-7.28125,0.31080416,963.7082
13,Attention,self_attn.k_proj,66.0,-7.28125,0.31080416,963.7082
13,Attention,self_attn.v_proj,66.0,-7.28125,0.31080416,963.7082
13,Attention,self_attn.o_proj,19.875,-13.25,0.15228543,131.46161
13,MLP,mlp.gate_proj,65.5,-7.1875,0.32187238,831.99347
13,MLP,mlp.up_proj,65.5,-7.1875,0.32187238,831.99347
13,MLP,mlp.down_proj,19.375,-17.125,0.030569637,10423.976
14,Attention,self_attn.q_proj,67.5,-7.78125,0.31659946,945.27966
14,Attention,self_attn.k_proj,67.5,-7.78125,0.31659946,945.27966
14,Attention,self_attn.v_proj,67.5,-7.78125,0.31659946,945.27966
14,Attention,self_attn.o_proj,4.46875,-7.375,0.11493903,14.020199
14,MLP,mlp.gate_proj,67.5,-7.84375,0.337801,767.656
14,MLP,mlp.up_proj,67.5,-7.84375,0.337801,767.656
14,MLP,mlp.down_proj,6.0625,-5.5,0.031616803,189.85855
15,Attention,self_attn.q_proj,68.5,-8.125,0.33048475,839.11127
15,Attention,self_attn.k_proj,68.5,-8.125,0.33048475,839.11127
15,Attention,self_attn.v_proj,68.5,-8.125,0.33048475,839.11127
15,Attention,self_attn.o_proj,8.625,-5.46875,0.08728577,40.97655
15,MLP,mlp.gate_proj,68.5,-8.1875,0.34825885,706.44525
15,MLP,mlp.up_proj,68.5,-8.1875,0.34825885,706.44525
15,MLP,mlp.down_proj,8.5625,-6.96875,0.033059385,507.78613
16,Attention,self_attn.q_proj,69.0,-8.1875,0.34439242,730.40967
16,Attention,self_attn.k_proj,69.0,-8.1875,0.34439242,730.40967
16,Attention,self_attn.v_proj,69.0,-8.1875,0.34439242,730.40967
16,Attention,self_attn.o_proj,5.28125,-4.5,0.07385559,19.854895
16,MLP,mlp.gate_proj,69.0,-8.25,0.3646008,608.2621
16,MLP,mlp.up_proj,69.0,-8.25,0.3646008,608.2621
16,MLP,mlp.down_proj,13.4375,-32.25,0.035166617,29502.918
17,Attention,self_attn.q_proj,69.0,-8.5625,0.36311245,605.90076
17,Attention,self_attn.k_proj,69.0,-8.5625,0.36311245,605.90076
17,Attention,self_attn.v_proj,69.0,-8.5625,0.36311245,605.90076
17,Attention,self_attn.o_proj,25.0,-2.4375,0.07167857,2331.5974
17,MLP,mlp.gate_proj,69.0,-8.5625,0.3693823,570.8729
17,MLP,mlp.up_proj,69.0,-8.5625,0.3693823,570.8729
17,MLP,mlp.down_proj,38.5,-3.375,0.034800727,45127.88
18,Attention,self_attn.q_proj,69.0,-8.375,0.3712796,555.36237
18,Attention,self_attn.k_proj,69.0,-8.375,0.3712796,555.36237
18,Attention,self_attn.v_proj,69.0,-8.375,0.3712796,555.36237
18,Attention,self_attn.o_proj,4.5625,-3.796875,0.09065159,13.955996
18,MLP,mlp.gate_proj,69.0,-8.375,0.39376497,455.39154
18,MLP,mlp.up_proj,69.0,-8.375,0.39376497,455.39154
18,MLP,mlp.down_proj,21.25,-5.0,0.04119048,4767.823
19,Attention,self_attn.q_proj,69.0,-8.25,0.39845663,428.9354
19,Attention,self_attn.k_proj,69.0,-8.25,0.39845663,428.9354
19,Attention,self_attn.v_proj,69.0,-8.25,0.39845663,428.9354
19,Attention,self_attn.o_proj,5.1875,-10.5,0.11118698,63.332886
19,MLP,mlp.gate_proj,69.0,-8.4375,0.42011222,352.43564
19,MLP,mlp.up_proj,69.0,-8.4375,0.42011222,352.43564
19,MLP,mlp.down_proj,6.0,-28.375,0.047747508,5672.649
20,Attention,self_attn.q_proj,68.5,-8.4375,0.4276325,318.02097
20,Attention,self_attn.k_proj,68.5,-8.4375,0.4276325,318.02097
20,Attention,self_attn.v_proj,68.5,-8.4375,0.4276325,318.02097
20,Attention,self_attn.o_proj,4.53125,-9.8125,0.11359419,28.572529
20,MLP,mlp.gate_proj,68.5,-8.625,0.44238892,275.2812
20,MLP,mlp.up_proj,68.5,-8.625,0.44238892,275.2812
20,MLP,mlp.down_proj,6.09375,-10.0625,0.05284157,162.29236
21,Attention,self_attn.q_proj,66.0,-8.625,0.45354164,208.32878
21,Attention,self_attn.k_proj,66.0,-8.625,0.45354164,208.32878
21,Attention,self_attn.v_proj,66.0,-8.625,0.45354164,208.32878
21,Attention,self_attn.o_proj,7.1875,-5.1875,0.105127245,48.53413
21,MLP,mlp.gate_proj,65.5,-8.5625,0.46898112,180.97139
21,MLP,mlp.up_proj,65.5,-8.5625,0.46898112,180.97139
21,MLP,mlp.down_proj,8.25,-6.15625,0.06112279,117.82266
22,Attention,self_attn.q_proj,60.75,-9.0625,0.481143,118.93594
22,Attention,self_attn.k_proj,60.75,-9.0625,0.481143,118.93594
22,Attention,self_attn.v_proj,60.75,-9.0625,0.481143,118.93594
22,Attention,self_attn.o_proj,4.75,-3.984375,0.12361676,12.1039505
22,MLP,mlp.gate_proj,60.5,-9.25,0.5007871,100.19404
22,MLP,mlp.up_proj,60.5,-9.25,0.5007871,100.19404
22,MLP,mlp.down_proj,17.0,-11.125,0.071778364,353.6017
23,Attention,self_attn.q_proj,53.5,-9.5,0.50976694,54.051
23,Attention,self_attn.k_proj,53.5,-9.5,0.50976694,54.051
23,Attention,self_attn.v_proj,53.5,-9.5,0.50976694,54.051
23,Attention,self_attn.o_proj,4.0625,-7.4375,0.16509856,7.7442675
23,MLP,mlp.gate_proj,53.0,-9.875,0.5295064,45.330067
23,MLP,mlp.up_proj,53.0,-9.875,0.5295064,45.330067
23,MLP,mlp.down_proj,18.875,-18.875,0.08704882,306.40753
24,Attention,self_attn.q_proj,48.0,-9.4375,0.55449057,25.582209
24,Attention,self_attn.k_proj,48.0,-9.4375,0.55449057,25.582209
24,Attention,self_attn.v_proj,48.0,-9.4375,0.55449057,25.582209
24,Attention,self_attn.o_proj,6.625,-9.0,0.08470501,55.169777
24,MLP,mlp.gate_proj,47.75,-9.9375,0.58339036,21.188423
24,MLP,mlp.up_proj,47.75,-9.9375,0.58339036,21.188423
24,MLP,mlp.down_proj,29.125,-32.75,0.09788302,742.6371
25,Attention,self_attn.q_proj,45.5,-10.375,0.62037784,14.585943
25,Attention,self_attn.k_proj,45.5,-10.375,0.62037784,14.585943
25,Attention,self_attn.v_proj,45.5,-10.375,0.62037784,14.585943
25,Attention,self_attn.o_proj,4.65625,-5.53125,0.08624158,24.64269
25,MLP,mlp.gate_proj,45.25,-10.5625,0.64186686,12.779847
25,MLP,mlp.up_proj,45.25,-10.5625,0.64186686,12.779847
25,MLP,mlp.down_proj,42.25,-18.25,0.11040662,653.4902
26,Attention,self_attn.q_proj,43.5,-10.75,0.69033706,8.826452
26,Attention,self_attn.k_proj,43.5,-10.75,0.69033706,8.826452
26,Attention,self_attn.v_proj,43.5,-10.75,0.69033706,8.826452
26,Attention,self_attn.o_proj,3.421875,-2.421875,0.07774532,18.549656
26,MLP,mlp.gate_proj,43.5,-11.0,0.7062034,8.165768
26,MLP,mlp.up_proj,43.5,-11.0,0.7062034,8.165768
26,MLP,mlp.down_proj,25.625,-40.0,0.13187724,421.24738
27,Attention,self_attn.q_proj,41.75,-10.5625,0.7563538,5.742199
27,Attention,self_attn.k_proj,41.75,-10.5625,0.7563538,5.742199
27,Attention,self_attn.v_proj,41.75,-10.5625,0.7563538,5.742199
27,Attention,self_attn.o_proj,3.46875,-3.5625,0.075603,22.141747
27,MLP,mlp.gate_proj,41.75,-10.4375,0.77883977,5.0479383
27,MLP,mlp.up_proj,41.75,-10.4375,0.77883977,5.0479383
27,MLP,mlp.down_proj,40.75,-68.0,0.16091624,1072.5149
28,Attention,self_attn.q_proj,41.0,-10.375,0.8165642,3.9856486
28,Attention,self_attn.k_proj,41.0,-10.375,0.8165642,3.9856486
28,Attention,self_attn.v_proj,41.0,-10.375,0.8165642,3.9856486
28,Attention,self_attn.o_proj,3.75,-3.84375,0.10696844,17.127657
28,MLP,mlp.gate_proj,41.0,-10.0625,0.8450452,3.5542111
28,MLP,mlp.up_proj,41.0,-10.0625,0.8450452,3.5542111
28,MLP,mlp.down_proj,120.5,-127.5,0.2858866,1201.155
29,Attention,self_attn.q_proj,39.0,-10.0,0.8718461,3.038589
29,Attention,self_attn.k_proj,39.0,-10.0,0.8718461,3.038589
29,Attention,self_attn.v_proj,39.0,-10.0,0.8718461,3.038589
29,Attention,self_attn.o_proj,3.46875,-3.390625,0.089054644,17.789446
29,MLP,mlp.gate_proj,38.75,-14.0,0.87689424,3.2617006
29,MLP,mlp.up_proj,38.75,-14.0,0.87689424,3.2617006
29,MLP,mlp.down_proj,39.5,-30.375,0.25998202,97.11983
0,Attention,self_attn.q_proj,0.203125,-0.203125,0.020439753,0.22288609
0,Attention,self_attn.k_proj,0.203125,-0.203125,0.020439753,0.22288609
0,Attention,self_attn.v_proj,0.203125,-0.203125,0.020439753,0.22288609
0,Attention,self_attn.o_proj,0.41015625,-0.40234375,0.0037811708,169.40587
0,MLP,mlp.gate_proj,0.6953125,-0.41796875,0.016885519,37.82681
0,MLP,mlp.up_proj,0.6953125,-0.41796875,0.016885519,37.82681
0,MLP,mlp.down_proj,0.10839844,-0.040771484,0.00017184914,2989.6611
1,Attention,self_attn.q_proj,1.2734375,-0.9765625,0.029249258,19.29377
1,Attention,self_attn.k_proj,1.2734375,-0.9765625,0.029249258,19.29377
1,Attention,self_attn.v_proj,1.2734375,-0.9765625,0.029249258,19.29377
1,Attention,self_attn.o_proj,0.27539062,-0.40039062,0.005753807,39.581635
1,MLP,mlp.gate_proj,1.28125,-1.0390625,0.033367384,16.04792
1,MLP,mlp.up_proj,1.28125,-1.0390625,0.033367384,16.04792
1,MLP,mlp.down_proj,0.55859375,-0.13964844,0.0004705109,25329.814
2,Attention,self_attn.q_proj,1.6796875,-1.578125,0.04577427,11.537454
2,Attention,self_attn.k_proj,1.6796875,-1.578125,0.04577427,11.537454
2,Attention,self_attn.v_proj,1.6796875,-1.578125,0.04577427,11.537454
2,Attention,self_attn.o_proj,0.65234375,-1.3984375,0.007409276,541.4666
2,MLP,mlp.gate_proj,1.6953125,-1.7578125,0.051799573,9.494245
2,MLP,mlp.up_proj,1.6953125,-1.7578125,0.051799573,9.494245
2,MLP,mlp.down_proj,0.24609375,-2.09375,0.00093534647,227074.73
3,Attention,self_attn.q_proj,3.140625,-2.359375,0.06581979,9.013921
3,Attention,self_attn.k_proj,3.140625,-2.359375,0.06581979,9.013921
3,Attention,self_attn.v_proj,3.140625,-2.359375,0.06581979,9.013921
3,Attention,self_attn.o_proj,0.953125,-2.078125,0.009785168,935.6548
3,MLP,mlp.gate_proj,3.34375,-2.59375,0.07269037,8.108666
3,MLP,mlp.up_proj,3.34375,-2.59375,0.07269037,8.108666
3,MLP,mlp.down_proj,0.6953125,-0.65625,0.0018077549,1530.5698
4,Attention,self_attn.q_proj,3.5625,-2.796875,0.092486046,7.266247
4,Attention,self_attn.k_proj,3.5625,-2.796875,0.092486046,7.266247
4,Attention,self_attn.v_proj,3.5625,-2.796875,0.092486046,7.266247
4,Attention,self_attn.o_proj,1.15625,-0.890625,0.013626244,110.249405
4,MLP,mlp.gate_proj,3.828125,-2.96875,0.10249892,6.3020554
4,MLP,mlp.up_proj,3.828125,-2.96875,0.10249892,6.3020554
4,MLP,mlp.down_proj,0.5703125,-1.328125,0.003259859,980.83234
5,Attention,self_attn.q_proj,4.125,-3.03125,0.11875656,4.784911
5,Attention,self_attn.k_proj,4.125,-3.03125,0.11875656,4.784911
5,Attention,self_attn.v_proj,4.125,-3.03125,0.11875656,4.784911
5,Attention,self_attn.o_proj,1.3828125,-1.578125,0.024933418,31.408775
5,MLP,mlp.gate_proj,4.15625,-2.984375,0.12874286,4.8513427
5,MLP,mlp.up_proj,4.15625,-2.984375,0.12874286,4.8513427
5,MLP,mlp.down_proj,0.98828125,-1.8125,0.0065166024,387.6378
6,Attention,self_attn.q_proj,4.875,-3.21875,0.15026554,5.255371
6,Attention,self_attn.k_proj,4.875,-3.21875,0.15026554,5.255371
6,Attention,self_attn.v_proj,4.875,-3.21875,0.15026554,5.255371
6,Attention,self_attn.o_proj,1.2890625,-1.6328125,0.043793168,12.69909
6,MLP,mlp.gate_proj,5.3125,-3.515625,0.16866507,5.425991
6,MLP,mlp.up_proj,5.3125,-3.515625,0.16866507,5.425991
6,MLP,mlp.down_proj,2.953125,-2.703125,0.010332834,408.1811
7,Attention,self_attn.q_proj,5.875,-3.828125,0.18431944,5.7442484
7,Attention,self_attn.k_proj,5.875,-3.828125,0.18431944,5.7442484
7,Attention,self_attn.v_proj,5.875,-3.828125,0.18431944,5.7442484
7,Attention,self_attn.o_proj,1.8203125,-1.484375,0.04852818,10.49334
7,MLP,mlp.gate_proj,6.0625,-4.0625,0.20274511,5.2482824
7,MLP,mlp.up_proj,6.0625,-4.0625,0.20274511,5.2482824
7,MLP,mlp.down_proj,2.796875,-3.21875,0.015812187,225.47945
8,Attention,self_attn.q_proj,8.25,-4.375,0.21019742,7.688924
8,Attention,self_attn.k_proj,8.25,-4.375,0.21019742,7.688924
8,Attention,self_attn.v_proj,8.25,-4.375,0.21019742,7.688924
8,Attention,self_attn.o_proj,1.6953125,-1.90625,0.059955575,10.096998
8,MLP,mlp.gate_proj,9.6875,-4.65625,0.22171421,9.059555
8,MLP,mlp.up_proj,9.6875,-4.65625,0.22171421,9.059555
8,MLP,mlp.down_proj,6.0625,-9.375,0.016751094,5534.918
9,Attention,self_attn.q_proj,17.75,-4.875,0.22796741,37.47089
9,Attention,self_attn.k_proj,17.75,-4.875,0.22796741,37.47089
9,Attention,self_attn.v_proj,17.75,-4.875,0.22796741,37.47089
9,Attention,self_attn.o_proj,2.140625,-1.9296875,0.061622985,9.955773
9,MLP,mlp.gate_proj,26.125,-5.0,0.2464006,117.87954
9,MLP,mlp.up_proj,26.125,-5.0,0.2464006,117.87954
9,MLP,mlp.down_proj,17.125,-9.9375,0.020312153,22711.7
10,Attention,self_attn.q_proj,41.5,-5.1875,0.24732059,643.27765
10,Attention,self_attn.k_proj,41.5,-5.1875,0.24732059,643.27765
10,Attention,self_attn.v_proj,41.5,-5.1875,0.24732059,643.27765
10,Attention,self_attn.o_proj,2.359375,-1.9140625,0.06225924,10.151967
10,MLP,mlp.gate_proj,46.0,-5.40625,0.26252252,797.72107
10,MLP,mlp.up_proj,46.0,-5.40625,0.26252252,797.72107
10,MLP,mlp.down_proj,2.0625,-43.5,0.022580445,247799.14
11,Attention,self_attn.q_proj,60.0,-6.03125,0.26075813,1932.0106
11,Attention,self_attn.k_proj,60.0,-6.03125,0.26075813,1932.0106
11,Attention,self_attn.v_proj,60.0,-6.03125,0.26075813,1932.0106
11,Attention,self_attn.o_proj,2.015625,-2.296875,0.08723253,8.858651
11,MLP,mlp.gate_proj,60.25,-6.09375,0.2744449,1692.547
11,MLP,mlp.up_proj,60.25,-6.09375,0.2744449,1692.547
11,MLP,mlp.down_proj,11.375,-15.9375,0.022312118,15777.381
12,Attention,self_attn.q_proj,63.0,-6.46875,0.27302447,1935.9658
12,Attention,self_attn.k_proj,63.0,-6.46875,0.27302447,1935.9658
12,Attention,self_attn.v_proj,63.0,-6.46875,0.27302447,1935.9658
12,Attention,self_attn.o_proj,4.0,-4.53125,0.06753983,32.654427
12,MLP,mlp.gate_proj,63.25,-6.53125,0.28875,1630.3063
12,MLP,mlp.up_proj,63.25,-6.53125,0.28875,1630.3063
12,MLP,mlp.down_proj,7.21875,-15.75,0.025066484,15266.107
13,Attention,self_attn.q_proj,68.0,-7.21875,0.2883976,1955.2654
13,Attention,self_attn.k_proj,68.0,-7.21875,0.2883976,1955.2654
13,Attention,self_attn.v_proj,68.0,-7.21875,0.2883976,1955.2654
13,Attention,self_attn.o_proj,21.125,-14.5,0.14105071,305.06436
13,MLP,mlp.gate_proj,67.5,-7.125,0.29808748,1726.4268
13,MLP,mlp.up_proj,67.5,-7.125,0.29808748,1726.4268
13,MLP,mlp.down_proj,19.625,-18.375,0.026804205,19605.318
14,Attention,self_attn.q_proj,69.5,-7.71875,0.29271352,1943.71
14,Attention,self_attn.k_proj,69.5,-7.71875,0.29271352,1943.71
14,Attention,self_attn.v_proj,69.5,-7.71875,0.29271352,1943.71
14,Attention,self_attn.o_proj,4.5625,-7.40625,0.10739052,20.07857
14,MLP,mlp.gate_proj,69.5,-7.78125,0.3116568,1607.434
14,MLP,mlp.up_proj,69.5,-7.78125,0.3116568,1607.434
14,MLP,mlp.down_proj,6.34375,-5.78125,0.027566407,322.82028
15,Attention,self_attn.q_proj,70.0,-8.0625,0.3059328,1719.0457
15,Attention,self_attn.k_proj,70.0,-8.0625,0.3059328,1719.0457
15,Attention,self_attn.v_proj,70.0,-8.0625,0.3059328,1719.0457
15,Attention,self_attn.o_proj,8.6875,-5.40625,0.078033455,136.37521
15,MLP,mlp.gate_proj,70.0,-8.125,0.319496,1504.3497
15,MLP,mlp.up_proj,70.0,-8.125,0.319496,1504.3497
15,MLP,mlp.down_proj,8.5625,-7.59375,0.028587367,1107.0094
16,Attention,self_attn.q_proj,70.0,-8.125,0.31601122,1540.9634
16,Attention,self_attn.k_proj,70.0,-8.125,0.31601122,1540.9634
16,Attention,self_attn.v_proj,70.0,-8.125,0.31601122,1540.9634
16,Attention,self_attn.o_proj,6.78125,-4.8125,0.070785746,48.72238
16,MLP,mlp.gate_proj,70.0,-8.1875,0.33530444,1292.9663
16,MLP,mlp.up_proj,70.0,-8.1875,0.33530444,1292.9663
16,MLP,mlp.down_proj,13.4375,-36.5,0.030941911,58598.246
17,Attention,self_attn.q_proj,70.0,-8.5,0.3356676,1269.0125
17,Attention,self_attn.k_proj,70.0,-8.5,0.3356676,1269.0125
17,Attention,self_attn.v_proj,70.0,-8.5,0.3356676,1269.0125
17,Attention,self_attn.o_proj,26.25,-1.875,0.07376883,4144.832
17,MLP,mlp.gate_proj,70.0,-8.5,0.34391215,1174.022
17,MLP,mlp.up_proj,70.0,-8.5,0.34391215,1174.022
17,MLP,mlp.down_proj,43.75,-3.28125,0.031069638,83960.57
18,Attention,self_attn.q_proj,70.0,-8.3125,0.34849697,1113.084
18,Attention,self_attn.k_proj,70.0,-8.3125,0.34849697,1113.084
18,Attention,self_attn.v_proj,70.0,-8.3125,0.34849697,1113.084
18,Attention,self_attn.o_proj,5.0625,-4.28125,0.090506405,23.540367
18,MLP,mlp.gate_proj,70.0,-8.3125,0.37076336,912.3187
18,MLP,mlp.up_proj,70.0,-8.3125,0.37076336,912.3187
18,MLP,mlp.down_proj,22.5,-6.125,0.037065193,11300.495
19,Attention,self_attn.q_proj,70.0,-8.1875,0.37672108,852.8852
19,Attention,self_attn.k_proj,70.0,-8.1875,0.37672108,852.8852
19,Attention,self_attn.v_proj,70.0,-8.1875,0.37672108,852.8852
19,Attention,self_attn.o_proj,6.03125,-12.3125,0.10804522,169.44254
19,MLP,mlp.gate_proj,70.0,-8.125,0.3973496,709.4853
19,MLP,mlp.up_proj,70.0,-8.125,0.3973496,709.4853
19,MLP,mlp.down_proj,6.21875,-27.375,0.043438174,11081.534
20,Attention,self_attn.q_proj,69.5,-8.0625,0.4091978,620.0222
20,Attention,self_attn.k_proj,69.5,-8.0625,0.4091978,620.0222
20,Attention,self_attn.v_proj,69.5,-8.0625,0.4091978,620.0222
20,Attention,self_attn.o_proj,4.53125,-10.5625,0.11653193,53.480583
20,MLP,mlp.gate_proj,69.5,-8.5625,0.42577264,530.7015
20,MLP,mlp.up_proj,69.5,-8.5625,0.42577264,530.7015
20,MLP,mlp.down_proj,8.75,-10.25,0.04895838,227.63683
21,Attention,self_attn.q_proj,66.5,-8.9375,0.44118395,391.7747
21,Attention,self_attn.k_proj,66.5,-8.9375,0.44118395,391.7747
21,Attention,self_attn.v_proj,66.5,-8.9375,0.44118395,391.7747
21,Attention,self_attn.o_proj,7.6875,-5.46875,0.10751075,78.12615
21,MLP,mlp.gate_proj,66.0,-8.9375,0.45761886,336.47046
21,MLP,mlp.up_proj,66.0,-8.9375,0.45761886,336.47046
21,MLP,mlp.down_proj,13.625,-8.875,0.05758759,148.87909
22,Attention,self_attn.q_proj,61.25,-8.8125,0.4726233,217.71712
22,Attention,self_attn.k_proj,61.25,-8.8125,0.4726233,217.71712
22,Attention,self_attn.v_proj,61.25,-8.8125,0.4726233,217.71712
22,Attention,self_attn.o_proj,4.96875,-4.125,0.118794784,14.69038
22,MLP,mlp.gate_proj,61.0,-8.9375,0.48948136,185.83139
22,MLP,mlp.up_proj,61.0,-8.9375,0.48948136,185.83139
22,MLP,mlp.down_proj,17.0,-14.125,0.06730277,608.0199
23,Attention,self_attn.q_proj,54.0,-9.9375,0.50210375,97.726204
23,Attention,self_attn.k_proj,54.0,-9.9375,0.50210375,97.726204
23,Attention,self_attn.v_proj,54.0,-9.9375,0.50210375,97.726204
23,Attention,self_attn.o_proj,4.21875,-7.9375,0.16539373,10.139118
23,MLP,mlp.gate_proj,53.5,-10.0625,0.5223309,81.034
23,MLP,mlp.up_proj,53.5,-10.0625,0.5223309,81.034
23,MLP,mlp.down_proj,17.625,-13.25,0.081653714,298.22144
24,Attention,self_attn.q_proj,48.75,-10.5625,0.5452995,44.58131
24,Attention,self_attn.k_proj,48.75,-10.5625,0.5452995,44.58131
24,Attention,self_attn.v_proj,48.75,-10.5625,0.5452995,44.58131
24,Attention,self_attn.o_proj,6.65625,-9.375,0.09075893,84.27749
24,MLP,mlp.gate_proj,48.5,-10.25,0.5730241,36.66755
24,MLP,mlp.up_proj,48.5,-10.25,0.5730241,36.66755
24,MLP,mlp.down_proj,31.25,-35.75,0.08787141,1351.4749
25,Attention,self_attn.q_proj,46.25,-10.5625,0.6023685,25.603247
25,Attention,self_attn.k_proj,46.25,-10.5625,0.6023685,25.603247
25,Attention,self_attn.v_proj,46.25,-10.5625,0.6023685,25.603247
25,Attention,self_attn.o_proj,4.5,-5.46875,0.08968356,29.56348
25,MLP,mlp.gate_proj,46.0,-10.125,0.62122655,22.497402
25,MLP,mlp.up_proj,46.0,-10.125,0.62122655,22.497402
25,MLP,mlp.down_proj,26.375,-28.375,0.09776164,765.50275
26,Attention,self_attn.q_proj,44.25,-10.875,0.66582143,15.081875
26,Attention,self_attn.k_proj,44.25,-10.875,0.66582143,15.081875
26,Attention,self_attn.v_proj,44.25,-10.875,0.66582143,15.081875
26,Attention,self_attn.o_proj,3.578125,-2.84375,0.08563095,16.14394
26,MLP,mlp.gate_proj,44.25,-10.875,0.68443805,13.570946
26,MLP,mlp.up_proj,44.25,-10.875,0.68443805,13.570946
26,MLP,mlp.down_proj,28.0,-41.75,0.117798276,900.4909
27,Attention,self_attn.q_proj,42.5,-11.4375,0.7365133,9.119333
27,Attention,self_attn.k_proj,42.5,-11.4375,0.7365133,9.119333
27,Attention,self_attn.v_proj,42.5,-11.4375,0.7365133,9.119333
27,Attention,self_attn.o_proj,2.84375,-3.75,0.0752884,21.528442
27,MLP,mlp.gate_proj,42.5,-11.3125,0.7619805,7.9401884
27,MLP,mlp.up_proj,42.5,-11.3125,0.7619805,7.9401884
27,MLP,mlp.down_proj,33.0,-98.5,0.14482504,3332.665
28,Attention,self_attn.q_proj,41.75,-10.75,0.8060118,6.066889
28,Attention,self_attn.k_proj,41.75,-10.75,0.8060118,6.066889
28,Attention,self_attn.v_proj,41.75,-10.75,0.8060118,6.066889
28,Attention,self_attn.o_proj,4.625,-4.625,0.10495278,19.089874
28,MLP,mlp.gate_proj,41.75,-10.875,0.83725524,5.353324
28,MLP,mlp.up_proj,41.75,-10.875,0.83725524,5.353324
28,MLP,mlp.down_proj,187.0,-219.0,0.28028578,8182.0254
29,Attention,self_attn.q_proj,39.75,-10.5,0.8609478,5.2381315
29,Attention,self_attn.k_proj,39.75,-10.5,0.8609478,5.2381315
29,Attention,self_attn.v_proj,39.75,-10.5,0.8609478,5.2381315
29,Attention,self_attn.o_proj,3.296875,-3.078125,0.08520595,19.601885
29,MLP,mlp.gate_proj,39.25,-14.25,0.874651,6.3949423
29,MLP,mlp.up_proj,39.25,-14.25,0.874651,6.3949423
29,MLP,mlp.down_proj,24.5,-28.375,0.2600185,109.00029
0,Attention,self_attn.q_proj,0.203125,-0.203125,0.020571062,0.26534438
0,Attention,self_attn.k_proj,0.203125,-0.203125,0.020571062,0.26534438
0,Attention,self_attn.v_proj,0.203125,-0.203125,0.020571062,0.26534438
0,Attention,self_attn.o_proj,0.3984375,-0.40234375,0.0036113323,193.02814
0,MLP,mlp.gate_proj,0.69140625,-0.41796875,0.017572539,44.069767
0,MLP,mlp.up_proj,0.69140625,-0.41796875,0.017572539,44.069767
0,MLP,mlp.down_proj,0.10839844,-0.031982422,0.00021959566,1789.4132
1,Attention,self_attn.q_proj,1.203125,-1.0078125,0.033459246,18.378664
1,Attention,self_attn.k_proj,1.203125,-1.0078125,0.033459246,18.378664
1,Attention,self_attn.v_proj,1.203125,-1.0078125,0.033459246,18.378664
1,Attention,self_attn.o_proj,0.45117188,-0.40039062,0.005700879,42.19148
1,MLP,mlp.gate_proj,1.296875,-1.0546875,0.037322644,16.52306
1,MLP,mlp.up_proj,1.296875,-1.0546875,0.037322644,16.52306
1,MLP,mlp.down_proj,0.55859375,-0.17675781,0.0005692288,15927.435
2,Attention,self_attn.q_proj,1.4296875,-1.578125,0.05211982,10.569816
2,Attention,self_attn.k_proj,1.4296875,-1.578125,0.05211982,10.569816
2,Attention,self_attn.v_proj,1.4296875,-1.578125,0.05211982,10.569816
2,Attention,self_attn.o_proj,0.625,-1.3984375,0.007099228,566.5094
2,MLP,mlp.gate_proj,1.484375,-1.7578125,0.05748715,9.206392
2,MLP,mlp.up_proj,1.484375,-1.7578125,0.05748715,9.206392
2,MLP,mlp.down_proj,0.33007812,-2.09375,0.0010942499,156808.2
3,Attention,self_attn.q_proj,3.140625,-2.359375,0.07313602,8.1025305
3,Attention,self_attn.k_proj,3.140625,-2.359375,0.07313602,8.1025305
3,Attention,self_attn.v_proj,3.140625,-2.359375,0.07313602,8.1025305
3,Attention,self_attn.o_proj,0.953125,-2.078125,0.009365136,1055.8883
3,MLP,mlp.gate_proj,3.34375,-2.59375,0.07876881,7.8408747
3,MLP,mlp.up_proj,3.34375,-2.59375,0.07876881,7.8408747
3,MLP,mlp.down_proj,0.6953125,-0.45703125,0.00202982,1278.0044
4,Attention,self_attn.q_proj,3.5625,-2.796875,0.09953294,6.9758635
4,Attention,self_attn.k_proj,3.5625,-2.796875,0.09953294,6.9758635
4,Attention,self_attn.v_proj,3.5625,-2.796875,0.09953294,6.9758635
4,Attention,self_attn.o_proj,1.15625,-0.890625,0.012733377,126.48892
4,MLP,mlp.gate_proj,3.828125,-2.96875,0.10868864,6.344349
4,MLP,mlp.up_proj,3.828125,-2.96875,0.10868864,6.344349
4,MLP,mlp.down_proj,0.515625,-1.328125,0.0034287795,827.0573
5,Attention,self_attn.q_proj,4.125,-3.03125,0.12455556,4.9590645
5,Attention,self_attn.k_proj,4.125,-3.03125,0.12455556,4.9590645
5,Attention,self_attn.v_proj,4.125,-3.03125,0.12455556,4.9590645
5,Attention,self_attn.o_proj,1.3828125,-1.578125,0.02402403,34.548252
5,MLP,mlp.gate_proj,4.15625,-2.984375,0.134323,5.2795773
5,MLP,mlp.up_proj,4.15625,-2.984375,0.134323,5.2795773
5,MLP,mlp.down_proj,1.203125,-1.8125,0.0068508936,323.85254
6,Attention,self_attn.q_proj,4.875,-3.21875,0.1585401,5.451066
6,Attention,self_attn.k_proj,4.875,-3.21875,0.1585401,5.451066
6,Attention,self_attn.v_proj,4.875,-3.21875,0.1585401,5.451066
6,Attention,self_attn.o_proj,1.3984375,-1.4453125,0.043760553,12.60999
6,MLP,mlp.gate_proj,5.3125,-3.3125,0.17656747,6.2086897
6,MLP,mlp.up_proj,5.3125,-3.3125,0.17656747,6.2086897
6,MLP,mlp.down_proj,2.609375,-1.703125,0.011037393,271.46545
7,Attention,self_attn.q_proj,5.875,-3.6875,0.19443628,6.366846
7,Attention,self_attn.k_proj,5.875,-3.6875,0.19443628,6.366846
7,Attention,self_attn.v_proj,5.875,-3.6875,0.19443628,6.366846
7,Attention,self_attn.o_proj,1.625,-1.5703125,0.04798604,12.577462
7,MLP,mlp.gate_proj,6.0625,-3.875,0.21302138,6.079048
7,MLP,mlp.up_proj,6.0625,-3.875,0.21302138,6.079048
7,MLP,mlp.down_proj,2.0625,-3.0,0.017132672,160.37706
8,Attention,self_attn.q_proj,8.0,-4.34375,0.22019403,8.037705
8,Attention,self_attn.k_proj,8.0,-4.34375,0.22019403,8.037705
8,Attention,self_attn.v_proj,8.0,-4.34375,0.22019403,8.037705
8,Attention,self_attn.o_proj,1.703125,-1.9921875,0.05984426,11.380511
8,MLP,mlp.gate_proj,9.375,-4.5,0.2329067,9.580881
8,MLP,mlp.up_proj,9.375,-4.5,0.2329067,9.580881
8,MLP,mlp.down_proj,2.296875,-10.25,0.017933866,4081.195
9,Attention,self_attn.q_proj,17.5,-4.78125,0.2420344,30.72654
9,Attention,self_attn.k_proj,17.5,-4.78125,0.2420344,30.72654
9,Attention,self_attn.v_proj,17.5,-4.78125,0.2420344,30.72654
9,Attention,self_attn.o_proj,1.875,-1.953125,0.06344185,10.830318
9,MLP,mlp.gate_proj,26.0,-5.125,0.26021817,92.91595
9,MLP,mlp.up_proj,26.0,-5.125,0.26021817,92.91595
9,MLP,mlp.down_proj,17.0,-2.4375,0.021967035,16502.021
10,Attention,self_attn.q_proj,41.5,-5.0625,0.26163784,480.9134
10,Attention,self_attn.k_proj,41.5,-5.0625,0.26163784,480.9134
10,Attention,self_attn.v_proj,41.5,-5.0625,0.26163784,480.9134
10,Attention,self_attn.o_proj,2.1875,-1.7265625,0.061625347,11.682673
10,MLP,mlp.gate_proj,46.0,-5.1875,0.2775439,592.5239
10,MLP,mlp.up_proj,46.0,-5.1875,0.2775439,592.5239
10,MLP,mlp.down_proj,2.46875,-40.5,0.024186136,184085.31
11,Attention,self_attn.q_proj,60.0,-5.96875,0.2750483,1485.6486
11,Attention,self_attn.k_proj,60.0,-5.96875,0.2750483,1485.6486
11,Attention,self_attn.v_proj,60.0,-5.96875,0.2750483,1485.6486
11,Attention,self_attn.o_proj,2.53125,-2.21875,0.09237774,11.070596
11,MLP,mlp.gate_proj,60.5,-6.03125,0.2899832,1286.7794
11,MLP,mlp.up_proj,60.5,-6.03125,0.2899832,1286.7794
11,MLP,mlp.down_proj,10.125,-15.0625,0.023982756,10589.611
12,Attention,self_attn.q_proj,63.25,-6.46875,0.28739896,1478.2352
12,Attention,self_attn.k_proj,63.25,-6.46875,0.28739896,1478.2352
12,Attention,self_attn.v_proj,63.25,-6.46875,0.28739896,1478.2352
12,Attention,self_attn.o_proj,3.734375,-4.46875,0.069704555,22.60995
12,MLP,mlp.gate_proj,63.5,-6.5625,0.30509278,1229.0021
12,MLP,mlp.up_proj,63.5,-6.5625,0.30509278,1229.0021
12,MLP,mlp.down_proj,7.0,-15.4375,0.027335057,9671.571
13,Attention,self_attn.q_proj,68.5,-7.21875,0.30529502,1464.6592
13,Attention,self_attn.k_proj,68.5,-7.21875,0.30529502,1464.6592
13,Attention,self_attn.v_proj,68.5,-7.21875,0.30529502,1464.6592
13,Attention,self_attn.o_proj,21.375,-14.125,0.15028968,192.6302
13,MLP,mlp.gate_proj,68.0,-7.125,0.3171972,1263.6115
13,MLP,mlp.up_proj,68.0,-7.125,0.3171972,1263.6115
13,MLP,mlp.down_proj,19.75,-16.375,0.029707603,13488.503
14,Attention,self_attn.q_proj,70.0,-7.71875,0.3128333,1406.7223
14,Attention,self_attn.k_proj,70.0,-7.71875,0.3128333,1406.7223
14,Attention,self_attn.v_proj,70.0,-7.71875,0.3128333,1406.7223
14,Attention,self_attn.o_proj,4.5625,-7.46875,0.108735725,18.507814
14,MLP,mlp.gate_proj,70.0,-7.78125,0.33268493,1160.9247
14,MLP,mlp.up_proj,70.0,-7.78125,0.33268493,1160.9247
14,MLP,mlp.down_proj,6.0625,-5.6875,0.030367224,263.32874
15,Attention,self_attn.q_proj,70.5,-8.0625,0.32610413,1246.4514
15,Attention,self_attn.k_proj,70.5,-8.0625,0.32610413,1246.4514
15,Attention,self_attn.v_proj,70.5,-8.0625,0.32610413,1246.4514
15,Attention,self_attn.o_proj,8.75,-5.53125,0.08284228,80.876366
15,MLP,mlp.gate_proj,70.5,-8.125,0.3436961,1054.9111
15,MLP,mlp.up_proj,70.5,-8.125,0.3436961,1054.9111
15,MLP,mlp.down_proj,8.6875,-7.34375,0.032027576,809.7518
16,Attention,self_attn.q_proj,71.0,-8.125,0.3406129,1078.1345
16,Attention,self_attn.k_proj,71.0,-8.125,0.3406129,1078.1345
16,Attention,self_attn.v_proj,71.0,-8.125,0.3406129,1078.1345
16,Attention,self_attn.o_proj,6.3125,-4.78125,0.07190249,34.996387
16,MLP,mlp.gate_proj,71.0,-8.1875,0.3594848,909.7984
16,MLP,mlp.up_proj,71.0,-8.1875,0.3594848,909.7984
16,MLP,mlp.down_proj,13.6875,-35.5,0.034173705,38937.055
17,Attention,self_attn.q_proj,71.0,-8.5,0.35790923,908.5713
17,Attention,self_attn.k_proj,71.0,-8.5,0.35790923,908.5713
17,Attention,self_attn.v_proj,71.0,-8.5,0.35790923,908.5713
17,Attention,self_attn.o_proj,26.125,-2.09375,0.071446046,3522.8318
17,MLP,mlp.gate_proj,71.0,-8.5,0.36600384,844.18164
17,MLP,mlp.up_proj,71.0,-8.5,0.36600384,844.18164
17,MLP,mlp.down_proj,43.25,-3.578125,0.034072597,54222.273
18,Attention,self_attn.q_proj,71.0,-8.3125,0.36784175,818.3098
18,Attention,self_attn.k_proj,71.0,-8.3125,0.36784175,818.3098
18,Attention,self_attn.v_proj,71.0,-8.3125,0.36784175,818.3098
18,Attention,self_attn.o_proj,4.78125,-4.0,0.092667185,17.381153
18,MLP,mlp.gate_proj,71.0,-8.3125,0.3888927,680.5969
18,MLP,mlp.up_proj,71.0,-8.3125,0.3888927,680.5969
18,MLP,mlp.down_proj,22.125,-6.3125,0.040167823,7201.212
19,Attention,self_attn.q_proj,71.0,-8.1875,0.39213446,653.0112
19,Attention,self_attn.k_proj,71.0,-8.1875,0.39213446,653.0112
19,Attention,self_attn.v_proj,71.0,-8.1875,0.39213446,653.0112
19,Attention,self_attn.o_proj,6.03125,-12.25,0.10971113,123.66528
19,MLP,mlp.gate_proj,71.0,-8.125,0.41499066,535.70715
19,MLP,mlp.up_proj,71.0,-8.125,0.41499066,535.70715
19,MLP,mlp.down_proj,6.84375,-26.875,0.046615954,7243.755
20,Attention,self_attn.q_proj,70.5,-8.0,0.42479932,477.29697
20,Attention,self_attn.k_proj,70.5,-8.0,0.42479932,477.29697
20,Attention,self_attn.v_proj,70.5,-8.0,0.42479932,477.29697
20,Attention,self_attn.o_proj,4.65625,-10.5,0.114764564,47.385487
20,MLP,mlp.gate_proj,70.5,-8.125,0.44073096,412.4685
20,MLP,mlp.up_proj,70.5,-8.125,0.44073096,412.4685
20,MLP,mlp.down_proj,5.8125,-10.5625,0.052787647,218.71251
21,Attention,self_attn.q_proj,67.5,-8.1875,0.45312157,313.25943
21,Attention,self_attn.k_proj,67.5,-8.1875,0.45312157,313.25943
21,Attention,self_attn.v_proj,67.5,-8.1875,0.45312157,313.25943
21,Attention,self_attn.o_proj,7.71875,-5.46875,0.105289266,73.29988
21,MLP,mlp.gate_proj,67.0,-8.6875,0.46829513,272.58334
21,MLP,mlp.up_proj,67.0,-8.6875,0.46829513,272.58334
21,MLP,mlp.down_proj,8.625,-7.0625,0.060877938,127.99283
22,Attention,self_attn.q_proj,62.0,-8.8125,0.4827334,178.82732
22,Attention,self_attn.k_proj,62.0,-8.8125,0.4827334,178.82732
22,Attention,self_attn.v_proj,62.0,-8.8125,0.4827334,178.82732
22,Attention,self_attn.o_proj,4.96875,-4.125,0.12146104,14.530264
22,MLP,mlp.gate_proj,61.5,-9.0,0.50331265,150.00339
22,MLP,mlp.up_proj,61.5,-9.0,0.50331265,150.00339
22,MLP,mlp.down_proj,17.125,-12.125,0.07210021,508.2015
23,Attention,self_attn.q_proj,54.25,-9.1875,0.5129981,82.05169
23,Attention,self_attn.k_proj,54.25,-9.1875,0.5129981,82.05169
23,Attention,self_attn.v_proj,54.25,-9.1875,0.5129981,82.05169
23,Attention,self_attn.o_proj,4.28125,-7.90625,0.16175003,10.102545
23,MLP,mlp.gate_proj,53.75,-9.5625,0.53321326,68.640526
23,MLP,mlp.up_proj,53.75,-9.5625,0.53321326,68.640526
23,MLP,mlp.down_proj,9.625,-13.625,0.08742827,227.19542
24,Attention,self_attn.q_proj,48.75,-9.625,0.55778706,38.538788
24,Attention,self_attn.k_proj,48.75,-9.625,0.55778706,38.538788
24,Attention,self_attn.v_proj,48.75,-9.625,0.55778706,38.538788
24,Attention,self_attn.o_proj,6.625,-9.0,0.087027945,73.165276
24,MLP,mlp.gate_proj,48.5,-9.875,0.58590496,31.976875
24,MLP,mlp.up_proj,48.5,-9.875,0.58590496,31.976875
24,MLP,mlp.down_proj,30.0,-16.375,0.09658124,713.2497
25,Attention,self_attn.q_proj,46.25,-10.1875,0.6185755,22.405441
25,Attention,self_attn.k_proj,46.25,-10.1875,0.6185755,22.405441
25,Attention,self_attn.v_proj,46.25,-10.1875,0.6185755,22.405441
25,Attention,self_attn.o_proj,4.65625,-5.65625,0.08359239,32.756435
25,MLP,mlp.gate_proj,46.0,-10.25,0.63862586,19.798883
25,MLP,mlp.up_proj,46.0,-10.25,0.63862586,19.798883
25,MLP,mlp.down_proj,26.25,-30.5,0.10590533,499.62653
26,Attention,self_attn.q_proj,44.25,-10.625,0.6803152,13.795063
26,Attention,self_attn.k_proj,44.25,-10.625,0.6803152,13.795063
26,Attention,self_attn.v_proj,44.25,-10.625,0.6803152,13.795063
26,Attention,self_attn.o_proj,3.6875,-2.5625,0.082813114,18.63717
26,MLP,mlp.gate_proj,44.25,-11.0625,0.69934565,12.5272875
26,MLP,mlp.up_proj,44.25,-11.0625,0.69934565,12.5272875
26,MLP,mlp.down_proj,30.0,-40.75,0.12597506,661.2743
27,Attention,self_attn.q_proj,42.5,-11.25,0.74720854,8.757385
27,Attention,self_attn.k_proj,42.5,-11.25,0.74720854,8.757385
27,Attention,self_attn.v_proj,42.5,-11.25,0.74720854,8.757385
27,Attention,self_attn.o_proj,2.875,-3.40625,0.077019945,23.632498
27,MLP,mlp.gate_proj,42.5,-11.125,0.77094215,7.695776
27,MLP,mlp.up_proj,42.5,-11.125,0.77094215,7.695776
27,MLP,mlp.down_proj,36.0,-70.0,0.15315561,1460.3838
28,Attention,self_attn.q_proj,41.75,-10.8125,0.8078711,6.095834
28,Attention,self_attn.k_proj,41.75,-10.8125,0.8078711,6.095834
28,Attention,self_attn.v_proj,41.75,-10.8125,0.8078711,6.095834
28,Attention,self_attn.o_proj,3.890625,-3.78125,0.10244007,17.77318
28,MLP,mlp.gate_proj,41.75,-10.6875,0.8363991,5.3575487
28,MLP,mlp.up_proj,41.75,-10.6875,0.8363991,5.3575487
28,MLP,mlp.down_proj,134.0,-119.5,0.27366698,1629.8102
29,Attention,self_attn.q_proj,39.75,-9.75,0.8612876,4.8206053
29,Attention,self_attn.k_proj,39.75,-9.75,0.8612876,4.8206053
29,Attention,self_attn.v_proj,39.75,-9.75,0.8612876,4.8206053
29,Attention,self_attn.o_proj,3.875,-2.65625,0.09017571,18.89889
29,MLP,mlp.gate_proj,39.25,-13.9375,0.87523043,5.6634684
29,MLP,mlp.up_proj,39.25,-13.9375,0.87523043,5.6634684
29,MLP,mlp.down_proj,29.375,-46.0,0.25588414,91.2216
0,Attention,self_attn.q_proj,0.203125,-0.203125,0.020488538,0.36746502
0,Attention,self_attn.k_proj,0.203125,-0.203125,0.020488538,0.36746502
0,Attention,self_attn.v_proj,0.203125,-0.203125,0.020488538,0.36746502
0,Attention,self_attn.o_proj,0.40429688,-0.40234375,0.003526102,218.05144
0,MLP,mlp.gate_proj,0.6953125,-0.41796875,0.017587282,46.947277
0,MLP,mlp.up_proj,0.6953125,-0.41796875,0.017587282,46.947277
0,MLP,mlp.down_proj,0.10839844,-0.03515625,0.00022764651,1711.4323
1,Attention,self_attn.q_proj,1.375,-1.0,0.03402731,18.612202
1,Attention,self_attn.k_proj,1.375,-1.0,0.03402731,18.612202
1,Attention,self_attn.v_proj,1.375,-1.0,0.03402731,18.612202
1,Attention,self_attn.o_proj,0.33398438,-0.421875,0.005410235,41.773457
1,MLP,mlp.gate_proj,1.453125,-1.0390625,0.03749556,17.116865
1,MLP,mlp.up_proj,1.453125,-1.0390625,0.03749556,17.116865
1,MLP,mlp.down_proj,0.55859375,-0.14550781,0.0005594195,17195.4
2,Attention,self_attn.q_proj,1.671875,-1.578125,0.051907793,11.286607
2,Attention,self_attn.k_proj,1.671875,-1.578125,0.051907793,11.286607
2,Attention,self_attn.v_proj,1.671875,-1.578125,0.051907793,11.286607
2,Attention,self_attn.o_proj,0.4765625,-1.3984375,0.006751083,613.9159
2,MLP,mlp.gate_proj,1.703125,-1.7578125,0.057040595,9.828429
2,MLP,mlp.up_proj,1.703125,-1.7578125,0.057040595,9.828429
2,MLP,mlp.down_proj,0.37109375,-2.09375,0.0010651723,167579.66
3,Attention,self_attn.q_proj,3.140625,-2.359375,0.072546914,8.5142565
3,Attention,self_attn.k_proj,3.140625,-2.359375,0.072546914,8.5142565
3,Attention,self_attn.v_proj,3.140625,-2.359375,0.072546914,8.5142565
3,Attention,self_attn.o_proj,0.953125,-2.078125,0.008999916,1165.3823
3,MLP,mlp.gate_proj,3.34375,-2.59375,0.07794942,8.1677685
3,MLP,mlp.up_proj,3.34375,-2.59375,0.07794942,8.1677685
3,MLP,mlp.down_proj,0.6953125,-0.43945312,0.0019785198,1280.8965
4,Attention,self_attn.q_proj,3.5625,-2.796875,0.09944099,7.2360773
4,Attention,self_attn.k_proj,3.5625,-2.796875,0.09944099,7.2360773
4,Attention,self_attn.v_proj,3.5625,-2.796875,0.09944099,7.2360773
4,Attention,self_attn.o_proj,1.15625,-0.890625,0.012455707,131.01358
4,MLP,mlp.gate_proj,3.828125,-2.96875,0.10810793,6.502163
4,MLP,mlp.up_proj,3.828125,-2.96875,0.10810793,6.502163
4,MLP,mlp.down_proj,0.44140625,-1.328125,0.0033670622,864.7494
5,Attention,self_attn.q_proj,4.125,-3.03125,0.12353248,5.0623302
5,Attention,self_attn.k_proj,4.125,-3.03125,0.12353248,5.0623302
5,Attention,self_attn.v_proj,4.125,-3.03125,0.12353248,5.0623302
5,Attention,self_attn.o_proj,1.3828125,-1.578125,0.023469558,35.831005
5,MLP,mlp.gate_proj,4.15625,-2.984375,0.1329291,5.2268925
5,MLP,mlp.up_proj,4.15625,-2.984375,0.1329291,5.2268925
5,MLP,mlp.down_proj,1.3203125,-1.8125,0.0067226323,380.4832
6,Attention,self_attn.q_proj,4.875,-3.40625,0.15924697,5.3667336
6,Attention,self_attn.k_proj,4.875,-3.40625,0.15924697,5.3667336
6,Attention,self_attn.v_proj,4.875,-3.40625,0.15924697,5.3667336
6,Attention,self_attn.o_proj,1.515625,-1.515625,0.043357812,12.878883
6,MLP,mlp.gate_proj,5.3125,-3.6875,0.17700247,5.7420864
6,MLP,mlp.up_proj,5.3125,-3.6875,0.17700247,5.7420864
6,MLP,mlp.down_proj,2.46875,-1.703125,0.011082044,297.75903
7,Attention,self_attn.q_proj,5.875,-4.0625,0.19576955,5.974843
7,Attention,self_attn.k_proj,5.875,-4.0625,0.19576955,5.974843
7,Attention,self_attn.v_proj,5.875,-4.0625,0.19576955,5.974843
7,Attention,self_attn.o_proj,1.703125,-1.609375,0.048744783,12.25595
7,MLP,mlp.gate_proj,6.0625,-4.28125,0.2140104,5.613882
7,MLP,mlp.up_proj,6.0625,-4.28125,0.2140104,5.613882
7,MLP,mlp.down_proj,3.15625,-2.828125,0.01705782,160.36407
8,Attention,self_attn.q_proj,7.96875,-4.625,0.22334419,6.888384
8,Attention,self_attn.k_proj,7.96875,-4.625,0.22334419,6.888384
8,Attention,self_attn.v_proj,7.96875,-4.625,0.22334419,6.888384
8,Attention,self_attn.o_proj,1.765625,-1.8671875,0.05863045,13.039871
8,MLP,mlp.gate_proj,9.1875,-4.8125,0.23522158,8.246993
8,MLP,mlp.up_proj,9.1875,-4.8125,0.23522158,8.246993
8,MLP,mlp.down_proj,3.640625,-8.0625,0.018036295,2482.971
9,Attention,self_attn.q_proj,17.375,-5.0,0.24517211,24.939632
9,Attention,self_attn.k_proj,17.375,-5.0,0.24517211,24.939632
9,Attention,self_attn.v_proj,17.375,-5.0,0.24517211,24.939632
9,Attention,self_attn.o_proj,1.984375,-1.8984375,0.06282118,10.150729
9,MLP,mlp.gate_proj,25.75,-5.09375,0.26264372,74.65098
9,MLP,mlp.up_proj,25.75,-5.09375,0.26264372,74.65098
9,MLP,mlp.down_proj,17.125,-2.4375,0.02183165,17277.957
10,Attention,self_attn.q_proj,41.25,-5.25,0.264198,394.42465
10,Attention,self_attn.k_proj,41.25,-5.25,0.264198,394.42465
10,Attention,self_attn.v_proj,41.25,-5.25,0.264198,394.42465
10,Attention,self_attn.o_proj,2.734375,-1.8828125,0.061644893,14.141796
10,MLP,mlp.gate_proj,46.0,-5.40625,0.2797168,491.8807
10,MLP,mlp.up_proj,46.0,-5.40625,0.2797168,491.8807
10,MLP,mlp.down_proj,2.796875,-43.25,0.02420715,214316.0
11,Attention,self_attn.q_proj,60.0,-5.9375,0.2770076,1202.5165
11,Attention,self_attn.k_proj,60.0,-5.9375,0.2770076,1202.5165
11,Attention,self_attn.v_proj,60.0,-5.9375,0.2770076,1202.5165
11,Attention,self_attn.o_proj,2.390625,-1.9609375,0.09039254,10.640214
11,MLP,mlp.gate_proj,60.5,-6.0,0.2918561,1045.7234
11,MLP,mlp.up_proj,60.5,-6.0,0.2918561,1045.7234
11,MLP,mlp.down_proj,11.375,-15.8125,0.023880031,12317.256
12,Attention,self_attn.q_proj,63.0,-6.40625,0.2897417,1220.5071
12,Attention,self_attn.k_proj,63.0,-6.40625,0.2897417,1220.5071
12,Attention,self_attn.v_proj,63.0,-6.40625,0.2897417,1220.5071
12,Attention,self_attn.o_proj,4.0,-4.65625,0.06896427,23.533352
12,MLP,mlp.gate_proj,63.25,-6.46875,0.30689606,1016.9043
12,MLP,mlp.up_proj,63.25,-6.46875,0.30689606,1016.9043
12,MLP,mlp.down_proj,7.28125,-15.0,0.02699877,10026.465
13,Attention,self_attn.q_proj,68.0,-7.1875,0.30767512,1230.5637
13,Attention,self_attn.k_proj,68.0,-7.1875,0.30767512,1230.5637
13,Attention,self_attn.v_proj,68.0,-7.1875,0.30767512,1230.5637
13,Attention,self_attn.o_proj,21.125,-14.1875,0.15562698,259.41077
13,MLP,mlp.gate_proj,67.5,-7.09375,0.3202738,1051.4922
13,MLP,mlp.up_proj,67.5,-7.09375,0.3202738,1051.4922
13,MLP,mlp.down_proj,19.5,-18.125,0.029369252,14834.693
14,Attention,self_attn.q_proj,69.5,-7.6875,0.31589818,1177.0204
14,Attention,self_attn.k_proj,69.5,-7.6875,0.31589818,1177.0204
14,Attention,self_attn.v_proj,69.5,-7.6875,0.31589818,1177.0204
14,Attention,self_attn.o_proj,4.53125,-7.40625,0.109357454,17.224258
14,MLP,mlp.gate_proj,69.5,-7.75,0.33622485,964.5341
14,MLP,mlp.up_proj,69.5,-7.75,0.33622485,964.5341
14,MLP,mlp.down_proj,7.0625,-5.375,0.030186187,349.15497
15,Attention,self_attn.q_proj,70.0,-8.0,0.33073655,1033.8286
15,Attention,self_attn.k_proj,70.0,-8.0,0.33073655,1033.8286
15,Attention,self_attn.v_proj,70.0,-8.0,0.33073655,1033.8286
15,Attention,self_attn.o_proj,8.4375,-5.25,0.083892554,78.47043
15,MLP,mlp.gate_proj,70.0,-8.0625,0.3468074,886.3883
15,MLP,mlp.up_proj,70.0,-8.0625,0.3468074,886.3883
15,MLP,mlp.down_proj,8.5625,-7.125,0.031273358,770.2307
16,Attention,self_attn.q_proj,70.0,-8.125,0.3435287,904.9984
16,Attention,self_attn.k_proj,70.0,-8.125,0.3435287,904.9984
16,Attention,self_attn.v_proj,70.0,-8.125,0.3435287,904.9984
16,Attention,self_attn.o_proj,6.8125,-4.625,0.07286963,33.679714
16,MLP,mlp.gate_proj,70.0,-8.1875,0.36264473,761.9804
16,MLP,mlp.up_proj,70.0,-8.1875,0.36264473,761.9804
16,MLP,mlp.down_proj,13.4375,-36.5,0.033261772,41820.316
17,Attention,self_attn.q_proj,70.0,-8.5,0.35991392,768.44196
17,Attention,self_attn.k_proj,70.0,-8.5,0.35991392,768.44196
17,Attention,self_attn.v_proj,70.0,-8.5,0.35991392,768.44196
17,Attention,self_attn.o_proj,25.875,-2.015625,0.07174974,3482.7893
17,MLP,mlp.gate_proj,70.0,-8.5,0.36803007,712.6918
17,MLP,mlp.up_proj,70.0,-8.5,0.36803007,712.6918
17,MLP,mlp.down_proj,43.75,-2.484375,0.03316846,58767.16
18,Attention,self_attn.q_proj,70.0,-8.3125,0.37226075,677.74536
18,Attention,self_attn.k_proj,70.0,-8.3125,0.37226075,677.74536
18,Attention,self_attn.v_proj,70.0,-8.3125,0.37226075,677.74536
18,Attention,self_attn.o_proj,4.53125,-3.859375,0.092875,16.131756
18,MLP,mlp.gate_proj,70.0,-8.3125,0.39309916,565.4752
18,MLP,mlp.up_proj,70.0,-8.3125,0.39309916,565.4752
18,MLP,mlp.down_proj,22.5,-6.125,0.03958292,6815.9775
19,Attention,self_attn.q_proj,70.0,-8.1875,0.3974297,538.08765
19,Attention,self_attn.k_proj,70.0,-8.1875,0.3974297,538.08765
19,Attention,self_attn.v_proj,70.0,-8.1875,0.3974297,538.08765
19,Attention,self_attn.o_proj,5.8125,-11.75,0.10796545,117.54175
19,MLP,mlp.gate_proj,70.0,-8.125,0.41728637,452.01593
19,MLP,mlp.up_proj,70.0,-8.125,0.41728637,452.01593
19,MLP,mlp.down_proj,6.3125,-26.625,0.045802776,7077.19
20,Attention,self_attn.q_proj,69.5,-8.0,0.42613265,402.76596
20,Attention,self_attn.k_proj,69.5,-8.0,0.42613265,402.76596
20,Attention,self_attn.v_proj,69.5,-8.0,0.42613265,402.76596
20,Attention,self_attn.o_proj,4.53125,-10.125,0.11264646,43.993565
20,MLP,mlp.gate_proj,69.5,-8.0,0.4412405,349.6683
20,MLP,mlp.up_proj,69.5,-8.0,0.4412405,349.6683
20,MLP,mlp.down_proj,5.4375,-10.0625,0.051471442,176.21788
21,Attention,self_attn.q_proj,66.5,-8.375,0.45460653,262.81888
21,Attention,self_attn.k_proj,66.5,-8.375,0.45460653,262.81888
21,Attention,self_attn.v_proj,66.5,-8.375,0.45460653,262.81888
21,Attention,self_attn.o_proj,7.5625,-5.3125,0.10648516,62.959885
21,MLP,mlp.gate_proj,66.0,-8.1875,0.46881598,230.00177
21,MLP,mlp.up_proj,66.0,-8.1875,0.46881598,230.00177
21,MLP,mlp.down_proj,11.1875,-6.21875,0.05929279,125.0768
22,Attention,self_attn.q_proj,61.25,-8.5,0.4811753,153.15575
22,Attention,self_attn.k_proj,61.25,-8.5,0.4811753,153.15575
22,Attention,self_attn.v_proj,61.25,-8.5,0.4811753,153.15575
22,Attention,self_attn.o_proj,4.96875,-4.03125,0.11797267,15.296879
22,MLP,mlp.gate_proj,60.75,-8.625,0.50128436,128.59853
22,MLP,mlp.up_proj,60.75,-8.625,0.50128436,128.59853
22,MLP,mlp.down_proj,16.625,-9.1875,0.07012087,429.37384
23,Attention,self_attn.q_proj,53.75,-9.375,0.51298743,69.64985
23,Attention,self_attn.k_proj,53.75,-9.375,0.51298743,69.64985
23,Attention,self_attn.v_proj,53.75,-9.375,0.51298743,69.64985
23,Attention,self_attn.o_proj,4.125,-7.65625,0.15507759,9.908087
23,MLP,mlp.gate_proj,53.25,-9.125,0.5308991,59.248753
23,MLP,mlp.up_proj,53.25,-9.125,0.5308991,59.248753
23,MLP,mlp.down_proj,21.25,-17.375,0.08477484,296.7641
24,Attention,self_attn.q_proj,48.5,-9.625,0.55665207,33.19043
24,Attention,self_attn.k_proj,48.5,-9.625,0.55665207,33.19043
24,Attention,self_attn.v_proj,48.5,-9.625,0.55665207,33.19043
24,Attention,self_attn.o_proj,6.65625,-9.375,0.08728441,73.584145
24,MLP,mlp.gate_proj,48.25,-9.4375,0.5842492,27.627573
24,MLP,mlp.up_proj,48.25,-9.4375,0.5842492,27.627573
24,MLP,mlp.down_proj,28.5,-16.75,0.09349698,656.8085
25,Attention,self_attn.q_proj,46.0,-9.75,0.61372006,19.90435
25,Attention,self_attn.k_proj,46.0,-9.75,0.61372006,19.90435
25,Attention,self_attn.v_proj,46.0,-9.75,0.61372006,19.90435
25,Attention,self_attn.o_proj,4.5625,-5.53125,0.084031485,32.036396
25,MLP,mlp.gate_proj,45.75,-9.5,0.63091356,17.839157
25,MLP,mlp.up_proj,45.75,-9.5,0.63091356,17.839157
25,MLP,mlp.down_proj,26.0,-25.25,0.10228471,450.84738
26,Attention,self_attn.q_proj,44.0,-10.1875,0.67076236,12.645053
26,Attention,self_attn.k_proj,44.0,-10.1875,0.67076236,12.645053
26,Attention,self_attn.v_proj,44.0,-10.1875,0.67076236,12.645053
26,Attention,self_attn.o_proj,3.578125,-2.59375,0.07649422,20.81451
26,MLP,mlp.gate_proj,44.0,-10.5,0.6885134,11.542845
26,MLP,mlp.up_proj,44.0,-10.5,0.6885134,11.542845
26,MLP,mlp.down_proj,22.5,-40.75,0.1216382,642.4176
27,Attention,self_attn.q_proj,42.25,-10.6875,0.73393404,8.240192
27,Attention,self_attn.k_proj,42.25,-10.6875,0.73393404,8.240192
27,Attention,self_attn.v_proj,42.25,-10.6875,0.73393404,8.240192
27,Attention,self_attn.o_proj,2.53125,-3.515625,0.076026805,21.874866
27,MLP,mlp.gate_proj,42.25,-10.625,0.75796276,7.2194614
27,MLP,mlp.up_proj,42.25,-10.625,0.75796276,7.2194614
27,MLP,mlp.down_proj,33.75,-70.0,0.14858393,1439.7621
28,Attention,self_attn.q_proj,41.5,-10.25,0.7942095,5.7422476
28,Attention,self_attn.k_proj,41.5,-10.25,0.7942095,5.7422476
28,Attention,self_attn.v_proj,41.5,-10.25,0.7942095,5.7422476
28,Attention,self_attn.o_proj,3.90625,-4.25,0.105452016,18.321447
28,MLP,mlp.gate_proj,41.5,-10.125,0.8227432,5.0573425
28,MLP,mlp.up_proj,41.5,-10.125,0.8227432,5.0573425
28,MLP,mlp.down_proj,96.5,-155.0,0.26841924,1454.5087
29,Attention,self_attn.q_proj,39.5,-9.625,0.8477722,4.5233035
29,Attention,self_attn.k_proj,39.5,-9.625,0.8477722,4.5233035
29,Attention,self_attn.v_proj,39.5,-9.625,0.8477722,4.5233035
29,Attention,self_attn.o_proj,3.609375,-2.953125,0.08417506,19.879766
29,MLP,mlp.gate_proj,39.25,-13.375,0.8556305,5.15495
29,MLP,mlp.up_proj,39.25,-13.375,0.8556305,5.15495
29,MLP,mlp.down_proj,25.625,-27.125,0.24774745,74.33611
0,Attention,self_attn.q_proj,0.203125,-0.203125,0.020471841,0.2884481
0,Attention,self_attn.k_proj,0.203125,-0.203125,0.020471841,0.2884481
0,Attention,self_attn.v_proj,0.203125,-0.203125,0.020471841,0.2884481
0,Attention,self_attn.o_proj,0.41015625,-0.40234375,0.0035854545,208.1446
0,MLP,mlp.gate_proj,0.6953125,-0.41796875,0.017387938,45.94658
0,MLP,mlp.up_proj,0.6953125,-0.41796875,0.017387938,45.94658
0,MLP,mlp.down_proj,0.10839844,-0.03466797,0.00021817126,1833.9469
1,Attention,self_attn.q_proj,1.171875,-1.0234375,0.033364948,18.972754
1,Attention,self_attn.k_proj,1.171875,-1.0234375,0.033364948,18.972754
1,Attention,self_attn.v_proj,1.171875,-1.0234375,0.033364948,18.972754
1,Attention,self_attn.o_proj,0.53125,-0.40039062,0.0054950207,63.339058
1,MLP,mlp.gate_proj,1.28125,-1.0546875,0.03715922,16.89643
1,MLP,mlp.up_proj,1.28125,-1.0546875,0.03715922,16.89643
1,MLP,mlp.down_proj,0.55859375,-0.17675781,0.0005578033,17544.406
2,Attention,self_attn.q_proj,1.484375,-1.578125,0.051686075,10.8847685
2,Attention,self_attn.k_proj,1.484375,-1.578125,0.051686075,10.8847685
2,Attention,self_attn.v_proj,1.484375,-1.578125,0.051686075,10.8847685
2,Attention,self_attn.o_proj,0.54296875,-1.3984375,0.0069663487,597.96423
2,MLP,mlp.gate_proj,1.5078125,-1.7578125,0.057227414,9.374626
2,MLP,mlp.up_proj,1.5078125,-1.7578125,0.057227414,9.374626
2,MLP,mlp.down_proj,0.29296875,-2.09375,0.0010772937,163114.2
3,Attention,self_attn.q_proj,3.140625,-2.359375,0.07301964,8.133741
3,Attention,self_attn.k_proj,3.140625,-2.359375,0.07301964,8.133741
3,Attention,self_attn.v_proj,3.140625,-2.359375,0.07301964,8.133741
3,Attention,self_attn.o_proj,0.953125,-2.078125,0.009312636,1042.1616
3,MLP,mlp.gate_proj,3.34375,-2.59375,0.079028815,7.6560154
3,MLP,mlp.up_proj,3.34375,-2.59375,0.079028815,7.6560154
3,MLP,mlp.down_proj,0.6953125,-0.46875,0.0020333545,1089.5156
4,Attention,self_attn.q_proj,3.5625,-2.796875,0.10097595,6.757783
4,Attention,self_attn.k_proj,3.5625,-2.796875,0.10097595,6.757783
4,Attention,self_attn.v_proj,3.5625,-2.796875,0.10097595,6.757783
4,Attention,self_attn.o_proj,1.15625,-0.890625,0.012616789,132.73102
4,MLP,mlp.gate_proj,3.828125,-2.96875,0.10973847,6.1072855
4,MLP,mlp.up_proj,3.828125,-2.96875,0.10973847,6.1072855
4,MLP,mlp.down_proj,0.6640625,-1.328125,0.0034396104,828.9389
5,Attention,self_attn.q_proj,4.125,-3.03125,0.12633447,4.6307874
5,Attention,self_attn.k_proj,4.125,-3.03125,0.12633447,4.6307874
5,Attention,self_attn.v_proj,4.125,-3.03125,0.12633447,4.6307874
5,Attention,self_attn.o_proj,1.3828125,-1.578125,0.023852007,34.72996
5,MLP,mlp.gate_proj,4.15625,-2.984375,0.1359891,4.772229
5,MLP,mlp.up_proj,4.15625,-2.984375,0.1359891,4.772229
5,MLP,mlp.down_proj,1.2734375,-1.8125,0.0069165626,399.09836
6,Attention,self_attn.q_proj,4.875,-3.28125,0.16248009,4.8116174
6,Attention,self_attn.k_proj,4.875,-3.28125,0.16248009,4.8116174
6,Attention,self_attn.v_proj,4.875,-3.28125,0.16248009,4.8116174
6,Attention,self_attn.o_proj,1.6640625,-1.4296875,0.0431266,14.017281
6,MLP,mlp.gate_proj,5.3125,-3.53125,0.18011944,5.170473
6,MLP,mlp.up_proj,5.3125,-3.53125,0.18011944,5.170473
6,MLP,mlp.down_proj,2.90625,-2.4375,0.0112661,329.205
7,Attention,self_attn.q_proj,5.875,-3.9375,0.1978979,5.504052
7,Attention,self_attn.k_proj,5.875,-3.9375,0.1978979,5.504052
7,Attention,self_attn.v_proj,5.875,-3.9375,0.1978979,5.504052
7,Attention,self_attn.o_proj,1.703125,-1.6015625,0.048318945,13.482077
7,MLP,mlp.gate_proj,6.0625,-4.125,0.21676335,5.0489397
7,MLP,mlp.up_proj,6.0625,-4.125,0.21676335,5.0489397
7,MLP,mlp.down_proj,2.46875,-3.203125,0.017269488,172.45782
8,Attention,self_attn.q_proj,8.3125,-4.46875,0.22432247,7.113579
8,Attention,self_attn.k_proj,8.3125,-4.46875,0.22432247,7.113579
8,Attention,self_attn.v_proj,8.3125,-4.46875,0.22432247,7.113579
8,Attention,self_attn.o_proj,2.03125,-1.90625,0.060030352,12.249017
8,MLP,mlp.gate_proj,9.5625,-4.71875,0.23711935,8.3240595
8,MLP,mlp.up_proj,9.5625,-4.71875,0.23711935,8.3240595
8,MLP,mlp.down_proj,2.28125,-9.25,0.018313795,4154.597
9,Attention,self_attn.q_proj,17.75,-4.9375,0.24690759,28.385399
9,Attention,self_attn.k_proj,17.75,-4.9375,0.24690759,28.385399
9,Attention,self_attn.v_proj,17.75,-4.9375,0.24690759,28.385399
9,Attention,self_attn.o_proj,2.359375,-1.9765625,0.063099384,10.623473
9,MLP,mlp.gate_proj,26.125,-5.0625,0.2650506,84.946396
9,MLP,mlp.up_proj,26.125,-5.0625,0.2650506,84.946396
9,MLP,mlp.down_proj,17.875,-2.4375,0.022211628,19244.828
10,Attention,self_attn.q_proj,41.5,-5.25,0.26650402,429.5025
10,Attention,self_attn.k_proj,41.5,-5.25,0.26650402,429.5025
10,Attention,self_attn.v_proj,41.5,-5.25,0.26650402,429.5025
10,Attention,self_attn.o_proj,2.4375,-1.953125,0.06378752,12.208494
10,MLP,mlp.gate_proj,46.0,-5.34375,0.2825507,531.60443
10,MLP,mlp.up_proj,46.0,-5.34375,0.2825507,531.60443
10,MLP,mlp.down_proj,2.046875,-43.25,0.02471763,213304.25
11,Attention,self_attn.q_proj,60.0,-6.03125,0.2792285,1274.3578
11,Attention,self_attn.k_proj,60.0,-6.03125,0.2792285,1274.3578
11,Attention,self_attn.v_proj,60.0,-6.03125,0.2792285,1274.3578
11,Attention,self_attn.o_proj,2.28125,-2.546875,0.09253355,12.34321
11,MLP,mlp.gate_proj,60.5,-6.09375,0.29417446,1104.446
11,MLP,mlp.up_proj,60.5,-6.09375,0.29417446,1104.446
11,MLP,mlp.down_proj,11.375,-15.8125,0.02442426,12155.889
12,Attention,self_attn.q_proj,63.5,-6.625,0.29083127,1296.3485
12,Attention,self_attn.k_proj,63.5,-6.625,0.29083127,1296.3485
12,Attention,self_attn.v_proj,63.5,-6.625,0.29083127,1296.3485
12,Attention,self_attn.o_proj,4.15625,-4.65625,0.07060623,24.669947
12,MLP,mlp.gate_proj,63.75,-6.6875,0.3094229,1065.1747
12,MLP,mlp.up_proj,63.75,-6.6875,0.3094229,1065.1747
12,MLP,mlp.down_proj,7.1875,-15.0,0.027506143,9819.746
13,Attention,self_attn.q_proj,68.0,-7.3125,0.3106837,1269.153
13,Attention,self_attn.k_proj,68.0,-7.3125,0.3106837,1269.153
13,Attention,self_attn.v_proj,68.0,-7.3125,0.3106837,1269.153
13,Attention,self_attn.o_proj,21.125,-14.5,0.1561758,178.31029
13,MLP,mlp.gate_proj,67.5,-7.21875,0.32257643,1093.106
13,MLP,mlp.up_proj,67.5,-7.21875,0.32257643,1093.106
13,MLP,mlp.down_proj,19.75,-18.125,0.029869126,14431.467
14,Attention,self_attn.q_proj,69.5,-7.75,0.3187864,1217.9889
14,Attention,self_attn.k_proj,69.5,-7.75,0.3187864,1217.9889
14,Attention,self_attn.v_proj,69.5,-7.75,0.3187864,1217.9889
14,Attention,self_attn.o_proj,4.53125,-7.375,0.11165593,16.526993
14,MLP,mlp.gate_proj,69.5,-7.8125,0.33819988,1009.3177
14,MLP,mlp.up_proj,69.5,-7.8125,0.33819988,1009.3177
14,MLP,mlp.down_proj,9.125,-5.375,0.030568156,460.25443
15,Attention,self_attn.q_proj,70.0,-8.0625,0.33336022,1068.5457
15,Attention,self_attn.k_proj,70.0,-8.0625,0.33336022,1068.5457
15,Attention,self_attn.v_proj,70.0,-8.0625,0.33336022,1068.5457
15,Attention,self_attn.o_proj,8.4375,-5.34375,0.0843217,78.37616
15,MLP,mlp.gate_proj,70.0,-8.125,0.34959874,915.49756
15,MLP,mlp.up_proj,70.0,-8.125,0.34959874,915.49756
15,MLP,mlp.down_proj,8.5,-7.21875,0.03179652,814.013
16,Attention,self_attn.q_proj,70.5,-8.125,0.34695742,932.5173
16,Attention,self_attn.k_proj,70.5,-8.125,0.34695742,932.5173
16,Attention,self_attn.v_proj,70.5,-8.125,0.34695742,932.5173
16,Attention,self_attn.o_proj,6.46875,-4.625,0.07205319,36.694748
16,MLP,mlp.gate_proj,70.5,-8.1875,0.36519855,793.7315
16,MLP,mlp.up_proj,70.5,-8.1875,0.36519855,793.7315
16,MLP,mlp.down_proj,13.75,-36.5,0.033759028,40307.355
17,Attention,self_attn.q_proj,70.5,-8.5,0.36451533,786.6729
17,Attention,self_attn.k_proj,70.5,-8.5,0.36451533,786.6729
17,Attention,self_attn.v_proj,70.5,-8.5,0.36451533,786.6729
17,Attention,self_attn.o_proj,25.875,-1.890625,0.07157572,3528.126
17,MLP,mlp.gate_proj,70.5,-8.5,0.37116864,738.9816
17,MLP,mlp.up_proj,70.5,-8.5,0.37116864,738.9816
17,MLP,mlp.down_proj,43.75,-5.0,0.03363657,60391.082
18,Attention,self_attn.q_proj,70.5,-8.3125,0.37492305,707.634
18,Attention,self_attn.k_proj,70.5,-8.3125,0.37492305,707.634
18,Attention,self_attn.v_proj,70.5,-8.3125,0.37492305,707.634
18,Attention,self_attn.o_proj,4.5625,-3.859375,0.09393013,16.89032
18,MLP,mlp.gate_proj,70.5,-8.3125,0.39574248,591.26306
18,MLP,mlp.up_proj,70.5,-8.3125,0.39574248,591.26306
18,MLP,mlp.down_proj,22.5,-6.15625,0.039635237,7631.2744
19,Attention,self_attn.q_proj,70.5,-8.1875,0.3985632,570.6355
19,Attention,self_attn.k_proj,70.5,-8.1875,0.3985632,570.6355
19,Attention,self_attn.v_proj,70.5,-8.1875,0.3985632,570.6355
19,Attention,self_attn.o_proj,5.875,-11.75,0.10571949,147.63145
19,MLP,mlp.gate_proj,70.5,-8.125,0.41721126,485.25024
19,MLP,mlp.up_proj,70.5,-8.125,0.41721126,485.25024
19,MLP,mlp.down_proj,5.71875,-26.625,0.045214474,8139.0386
20,Attention,self_attn.q_proj,70.0,-8.0,0.42568296,436.92645
20,Attention,self_attn.k_proj,70.0,-8.0,0.42568296,436.92645
20,Attention,self_attn.v_proj,70.0,-8.0,0.42568296,436.92645
20,Attention,self_attn.o_proj,4.59375,-10.4375,0.11290109,51.83022
20,MLP,mlp.gate_proj,70.0,-8.0,0.44013,382.34048
20,MLP,mlp.up_proj,70.0,-8.0,0.44013,382.34048
20,MLP,mlp.down_proj,5.84375,-8.4375,0.050357122,138.857
21,Attention,self_attn.q_proj,67.0,-8.25,0.45281765,290.33005
21,Attention,self_attn.k_proj,67.0,-8.25,0.45281765,290.33005
21,Attention,self_attn.v_proj,67.0,-8.25,0.45281765,290.33005
21,Attention,self_attn.o_proj,7.53125,-5.40625,0.10340612,73.37968
21,MLP,mlp.gate_proj,66.5,-8.125,0.46575934,255.6471
21,MLP,mlp.up_proj,66.5,-8.125,0.46575934,255.6471
21,MLP,mlp.down_proj,6.9375,-7.28125,0.058081813,113.36901
22,Attention,self_attn.q_proj,61.25,-8.125,0.47808352,170.10382
22,Attention,self_attn.k_proj,61.25,-8.125,0.47808352,170.10382
22,Attention,self_attn.v_proj,61.25,-8.125,0.47808352,170.10382
22,Attention,self_attn.o_proj,4.96875,-4.78125,0.11435018,15.956154
22,MLP,mlp.gate_proj,60.75,-8.125,0.49592754,145.39146
22,MLP,mlp.up_proj,60.75,-8.125,0.49592754,145.39146
22,MLP,mlp.down_proj,17.5,-11.3125,0.06840314,515.64606
23,Attention,self_attn.q_proj,53.5,-8.4375,0.5045551,80.55627
23,Attention,self_attn.k_proj,53.5,-8.4375,0.5045551,80.55627
23,Attention,self_attn.v_proj,53.5,-8.4375,0.5045551,80.55627
23,Attention,self_attn.o_proj,4.15625,-7.75,0.15274397,11.097417
23,MLP,mlp.gate_proj,53.0,-8.5,0.52301943,67.87027
23,MLP,mlp.up_proj,53.0,-8.5,0.52301943,67.87027
23,MLP,mlp.down_proj,13.4375,-14.125,0.08224195,236.41867
24,Attention,self_attn.q_proj,48.25,-8.75,0.5467598,38.099308
24,Attention,self_attn.k_proj,48.25,-8.75,0.5467598,38.099308
24,Attention,self_attn.v_proj,48.25,-8.75,0.5467598,38.099308
24,Attention,self_attn.o_proj,6.65625,-9.375,0.088623576,76.86188
24,MLP,mlp.gate_proj,48.0,-8.625,0.57716453,31.101372
24,MLP,mlp.up_proj,48.0,-8.625,0.57716453,31.101372
24,MLP,mlp.down_proj,29.375,-20.125,0.09025318,836.45996
25,Attention,self_attn.q_proj,45.75,-9.125,0.60358423,22.490698
25,Attention,self_attn.k_proj,45.75,-9.125,0.60358423,22.490698
25,Attention,self_attn.v_proj,45.75,-9.125,0.60358423,22.490698
25,Attention,self_attn.o_proj,4.5625,-5.53125,0.08469672,32.09607
25,MLP,mlp.gate_proj,45.5,-9.1875,0.62111974,20.046122
25,MLP,mlp.up_proj,45.5,-9.1875,0.62111974,20.046122
25,MLP,mlp.down_proj,26.0,-21.375,0.09796715,592.87646
26,Attention,self_attn.q_proj,43.75,-10.125,0.6600918,14.107613
26,Attention,self_attn.k_proj,43.75,-10.125,0.6600918,14.107613
26,Attention,self_attn.v_proj,43.75,-10.125,0.6600918,14.107613
26,Attention,self_attn.o_proj,3.578125,-2.46875,0.076830804,19.563848
26,MLP,mlp.gate_proj,43.75,-10.6875,0.6760123,12.9923935
26,MLP,mlp.up_proj,43.75,-10.6875,0.6760123,12.9923935
26,MLP,mlp.down_proj,16.25,-40.0,0.11570463,768.6905
27,Attention,self_attn.q_proj,42.0,-10.875,0.7221271,9.152484
27,Attention,self_attn.k_proj,42.0,-10.875,0.7221271,9.152484
27,Attention,self_attn.v_proj,42.0,-10.875,0.7221271,9.152484
27,Attention,self_attn.o_proj,3.0625,-3.234375,0.07581059,20.683693
27,MLP,mlp.gate_proj,42.0,-11.0,0.74814576,7.9756927
27,MLP,mlp.up_proj,42.0,-11.0,0.74814576,7.9756927
27,MLP,mlp.down_proj,24.75,-68.0,0.14263587,1681.8789
28,Attention,self_attn.q_proj,41.25,-10.75,0.78562665,6.2861786
28,Attention,self_attn.k_proj,41.25,-10.75,0.78562665,6.2861786
28,Attention,self_attn.v_proj,41.25,-10.75,0.78562665,6.2861786
28,Attention,self_attn.o_proj,3.609375,-4.09375,0.10329493,18.557808
28,MLP,mlp.gate_proj,41.25,-10.125,0.81378186,5.543337
28,MLP,mlp.up_proj,41.25,-10.125,0.81378186,5.543337
28,MLP,mlp.down_proj,103.5,-126.0,0.25879517,1386.068
29,Attention,self_attn.q_proj,39.25,-9.375,0.8402275,4.569994
29,Attention,self_attn.k_proj,39.25,-9.375,0.8402275,4.569994
29,Attention,self_attn.v_proj,39.25,-9.375,0.8402275,4.569994
29,Attention,self_attn.o_proj,2.890625,-2.875,0.08151489,19.300802
29,MLP,mlp.gate_proj,38.75,-14.375,0.8479248,4.947999
29,MLP,mlp.up_proj,38.75,-14.375,0.8479248,4.947999
29,MLP,mlp.down_proj,33.75,-27.375,0.24179481,101.219
0,Attention,self_attn.q_proj,0.203125,-0.203125,0.021329522,0.1339922
0,Attention,self_attn.k_proj,0.203125,-0.203125,0.021329522,0.1339922
0,Attention,self_attn.v_proj,0.203125,-0.203125,0.021329522,0.1339922
0,Attention,self_attn.o_proj,0.40625,-0.40234375,0.00367904,182.49544
0,MLP,mlp.gate_proj,0.6328125,-0.41796875,0.018095167,24.526411
0,MLP,mlp.up_proj,0.6328125,-0.41796875,0.018095167,24.526411
0,MLP,mlp.down_proj,0.10839844,-0.034179688,0.00020354445,1961.7394
1,Attention,self_attn.q_proj,1.3359375,-1.15625,0.032905012,17.091534
1,Attention,self_attn.k_proj,1.3359375,-1.15625,0.032905012,17.091534
1,Attention,self_attn.v_proj,1.3359375,-1.15625,0.032905012,17.091534
1,Attention,self_attn.o_proj,0.27539062,-0.40039062,0.005818368,37.3454
1,MLP,mlp.gate_proj,1.453125,-1.1875,0.03677139,15.177414
1,MLP,mlp.up_proj,1.453125,-1.1875,0.03677139,15.177414
1,MLP,mlp.down_proj,0.55859375,-0.12988281,0.0005591065,16642.54
2,Attention,self_attn.q_proj,1.7890625,-1.578125,0.050808508,10.0492325
2,Attention,self_attn.k_proj,1.7890625,-1.578125,0.050808508,10.0492325
2,Attention,self_attn.v_proj,1.7890625,-1.578125,0.050808508,10.0492325
2,Attention,self_attn.o_proj,0.50390625,-1.3984375,0.0074680843,504.55414
2,MLP,mlp.gate_proj,1.8203125,-1.7578125,0.057015587,8.4927635
2,MLP,mlp.up_proj,1.8203125,-1.7578125,0.057015587,8.4927635
2,MLP,mlp.down_proj,0.25390625,-2.09375,0.0010966383,153071.06
3,Attention,self_attn.q_proj,3.140625,-2.359375,0.07251389,7.4529486
3,Attention,self_attn.k_proj,3.140625,-2.359375,0.07251389,7.4529486
3,Attention,self_attn.v_proj,3.140625,-2.359375,0.07251389,7.4529486
3,Attention,self_attn.o_proj,0.953125,-2.078125,0.009694396,1002.82776
3,MLP,mlp.gate_proj,3.34375,-2.59375,0.07902103,7.1065893
3,MLP,mlp.up_proj,3.34375,-2.59375,0.07902103,7.1065893
3,MLP,mlp.down_proj,0.6953125,-0.51171875,0.0020573502,1198.4697
4,Attention,self_attn.q_proj,3.5625,-2.796875,0.099291295,6.0427713
4,Attention,self_attn.k_proj,3.5625,-2.796875,0.099291295,6.0427713
4,Attention,self_attn.v_proj,3.5625,-2.796875,0.099291295,6.0427713
4,Attention,self_attn.o_proj,1.15625,-0.890625,0.013211884,119.01648
4,MLP,mlp.gate_proj,3.828125,-2.96875,0.10905428,5.5693235
4,MLP,mlp.up_proj,3.828125,-2.96875,0.10905428,5.5693235
4,MLP,mlp.down_proj,0.6953125,-1.328125,0.0034992625,857.12274
5,Attention,self_attn.q_proj,4.125,-3.03125,0.12507586,4.3852
5,Attention,self_attn.k_proj,4.125,-3.03125,0.12507586,4.3852
5,Attention,self_attn.v_proj,4.125,-3.03125,0.12507586,4.3852
5,Attention,self_attn.o_proj,1.3828125,-1.578125,0.025154142,31.3531
5,MLP,mlp.gate_proj,4.15625,-2.984375,0.13550882,4.7789664
5,MLP,mlp.up_proj,4.15625,-2.984375,0.13550882,4.7789664
5,MLP,mlp.down_proj,1.1484375,-1.8125,0.0070519825,315.7217
6,Attention,self_attn.q_proj,4.875,-3.34375,0.15686639,4.956666
6,Attention,self_attn.k_proj,4.875,-3.34375,0.15686639,4.956666
6,Attention,self_attn.v_proj,4.875,-3.34375,0.15686639,4.956666
6,Attention,self_attn.o_proj,1.6484375,-1.296875,0.046262167,11.774601
6,MLP,mlp.gate_proj,5.3125,-3.6875,0.17604612,5.579359
6,MLP,mlp.up_proj,5.3125,-3.6875,0.17604612,5.579359
6,MLP,mlp.down_proj,2.0625,-1.703125,0.011243466,226.1047
7,Attention,self_attn.q_proj,5.875,-4.125,0.19070558,5.4233294
7,Attention,self_attn.k_proj,5.875,-4.125,0.19070558,5.4233294
7,Attention,self_attn.v_proj,5.875,-4.125,0.19070558,5.4233294
7,Attention,self_attn.o_proj,1.75,-1.6484375,0.051136382,10.389002
7,MLP,mlp.gate_proj,6.0625,-4.34375,0.21211891,5.1000204
7,MLP,mlp.up_proj,6.0625,-4.34375,0.21211891,5.1000204
7,MLP,mlp.down_proj,3.078125,-2.828125,0.017470479,187.45851
8,Attention,self_attn.q_proj,8.4375,-4.6875,0.21645682,7.197854
8,Attention,self_attn.k_proj,8.4375,-4.6875,0.21645682,7.197854
8,Attention,self_attn.v_proj,8.4375,-4.6875,0.21645682,7.197854
8,Attention,self_attn.o_proj,1.9296875,-1.7890625,0.063892655,8.883252
8,MLP,mlp.gate_proj,9.5625,-5.03125,0.22974138,8.634145
8,MLP,mlp.up_proj,9.5625,-5.03125,0.22974138,8.634145
8,MLP,mlp.down_proj,1.921875,-9.1875,0.017974889,4726.5293
9,Attention,self_attn.q_proj,17.75,-5.0625,0.23482062,31.224777
9,Attention,self_attn.k_proj,17.75,-5.0625,0.23482062,31.224777
9,Attention,self_attn.v_proj,17.75,-5.0625,0.23482062,31.224777
9,Attention,self_attn.o_proj,2.234375,-1.9296875,0.065968625,9.1206255
9,MLP,mlp.gate_proj,25.875,-5.25,0.25598162,93.036224
9,MLP,mlp.up_proj,25.875,-5.25,0.25598162,93.036224
9,MLP,mlp.down_proj,18.0,-2.453125,0.022207756,20326.053
10,Attention,self_attn.q_proj,41.25,-5.375,0.2544537,527.0125
10,Attention,self_attn.k_proj,41.25,-5.375,0.2544537,527.0125
10,Attention,self_attn.v_proj,41.25,-5.375,0.2544537,527.0125
10,Attention,self_attn.o_proj,2.28125,-1.90625,0.064483754,9.105935
10,MLP,mlp.gate_proj,46.0,-5.46875,0.27129683,640.11597
10,MLP,mlp.up_proj,46.0,-5.46875,0.27129683,640.11597
10,MLP,mlp.down_proj,1.8671875,-45.0,0.024366396,228558.86
11,Attention,self_attn.q_proj,59.75,-5.90625,0.26598316,1639.4766
11,Attention,self_attn.k_proj,59.75,-5.90625,0.26598316,1639.4766
11,Attention,self_attn.v_proj,59.75,-5.90625,0.26598316,1639.4766
11,Attention,self_attn.o_proj,2.015625,-2.75,0.09341777,10.450872
11,MLP,mlp.gate_proj,60.75,-6.09375,0.28274095,1385.8593
11,MLP,mlp.up_proj,60.75,-6.09375,0.28274095,1385.8593
11,MLP,mlp.down_proj,11.0,-15.0625,0.023791386,12549.735
12,Attention,self_attn.q_proj,63.5,-6.71875,0.27861565,1653.6266
12,Attention,self_attn.k_proj,63.5,-6.71875,0.27861565,1653.6266
12,Attention,self_attn.v_proj,63.5,-6.71875,0.27861565,1653.6266
12,Attention,self_attn.o_proj,3.59375,-4.5,0.07309172,20.489107
12,MLP,mlp.gate_proj,63.75,-6.78125,0.29858735,1329.3608
12,MLP,mlp.up_proj,63.75,-6.78125,0.29858735,1329.3608
12,MLP,mlp.down_proj,6.71875,-15.5625,0.026995588,10558.273
13,Attention,self_attn.q_proj,68.5,-7.53125,0.29621834,1646.0018
13,Attention,self_attn.k_proj,68.5,-7.53125,0.29621834,1646.0018
13,Attention,self_attn.v_proj,68.5,-7.53125,0.29621834,1646.0018
13,Attention,self_attn.o_proj,21.5,-14.3125,0.14796224,218.22041
13,MLP,mlp.gate_proj,68.0,-7.40625,0.3079552,1417.6614
13,MLP,mlp.up_proj,68.0,-7.40625,0.3079552,1417.6614
13,MLP,mlp.down_proj,19.375,-17.25,0.028838165,15381.939
14,Attention,self_attn.q_proj,70.5,-7.9375,0.30101424,1638.8372
14,Attention,self_attn.k_proj,70.5,-7.9375,0.30101424,1638.8372
14,Attention,self_attn.v_proj,70.5,-7.9375,0.30101424,1638.8372
14,Attention,self_attn.o_proj,4.5,-7.34375,0.11338787,15.99131
14,MLP,mlp.gate_proj,70.5,-7.96875,0.3247695,1289.8436
14,MLP,mlp.up_proj,70.5,-7.96875,0.3247695,1289.8436
14,MLP,mlp.down_proj,6.0625,-5.375,0.030108506,273.17905
15,Attention,self_attn.q_proj,71.0,-8.1875,0.3158701,1428.894
15,Attention,self_attn.k_proj,71.0,-8.1875,0.3158701,1428.894
15,Attention,self_attn.v_proj,71.0,-8.1875,0.3158701,1428.894
15,Attention,self_attn.o_proj,8.75,-5.5,0.08621049,81.763374
15,MLP,mlp.gate_proj,71.0,-8.25,0.3346819,1187.025
15,MLP,mlp.up_proj,71.0,-8.25,0.3346819,1187.025
15,MLP,mlp.down_proj,8.375,-7.71875,0.031542614,874.9557
16,Attention,self_attn.q_proj,71.5,-8.3125,0.33031672,1233.0576
16,Attention,self_attn.k_proj,71.5,-8.3125,0.33031672,1233.0576
16,Attention,self_attn.v_proj,71.5,-8.3125,0.33031672,1233.0576
16,Attention,self_attn.o_proj,6.6875,-4.90625,0.07671204,32.080944
16,MLP,mlp.gate_proj,71.5,-8.375,0.3537124,993.4421
16,MLP,mlp.up_proj,71.5,-8.375,0.3537124,993.4421
16,MLP,mlp.down_proj,13.625,-35.5,0.033837013,49098.27
17,Attention,self_attn.q_proj,71.5,-8.625,0.35138324,999.4603
17,Attention,self_attn.k_proj,71.5,-8.625,0.35138324,999.4603
17,Attention,self_attn.v_proj,71.5,-8.625,0.35138324,999.4603
17,Attention,self_attn.o_proj,26.25,-2.0,0.07484529,3438.8635
17,MLP,mlp.gate_proj,71.5,-8.625,0.3589272,930.1893
17,MLP,mlp.up_proj,71.5,-8.625,0.3589272,930.1893
17,MLP,mlp.down_proj,43.5,-3.296875,0.033641443,77267.73
18,Attention,self_attn.q_proj,71.5,-8.4375,0.35919636,915.79724
18,Attention,self_attn.k_proj,71.5,-8.4375,0.35919636,915.79724
18,Attention,self_attn.v_proj,71.5,-8.4375,0.35919636,915.79724
18,Attention,self_attn.o_proj,4.8125,-4.03125,0.09438953,16.958576
18,MLP,mlp.gate_proj,71.5,-8.4375,0.38503537,727.9534
18,MLP,mlp.up_proj,71.5,-8.4375,0.38503537,727.9534
18,MLP,mlp.down_proj,22.125,-6.5,0.04005213,8311.629
19,Attention,self_attn.q_proj,71.5,-8.25,0.38836977,698.1531
19,Attention,self_attn.k_proj,71.5,-8.25,0.38836977,698.1531
19,Attention,self_attn.v_proj,71.5,-8.25,0.38836977,698.1531
19,Attention,self_attn.o_proj,6.0625,-12.1875,0.11574184,115.81129
19,MLP,mlp.gate_proj,71.5,-8.1875,0.4108731,572.5001
19,MLP,mlp.up_proj,71.5,-8.1875,0.4108731,572.5001
19,MLP,mlp.down_proj,5.90625,-26.875,0.046440326,8514.163
20,Attention,self_attn.q_proj,71.0,-8.0,0.41887444,516.80286
20,Attention,self_attn.k_proj,71.0,-8.0,0.41887444,516.80286
20,Attention,self_attn.v_proj,71.0,-8.0,0.41887444,516.80286
20,Attention,self_attn.o_proj,4.5625,-10.1875,0.11952686,38.507866
20,MLP,mlp.gate_proj,71.0,-8.0,0.4353314,444.0278
20,MLP,mlp.up_proj,71.0,-8.0,0.4353314,444.0278
20,MLP,mlp.down_proj,5.84375,-9.5625,0.051606968,166.87247
21,Attention,self_attn.q_proj,68.0,-7.8125,0.44599947,341.60773
21,Attention,self_attn.k_proj,68.0,-7.8125,0.44599947,341.60773
21,Attention,self_attn.v_proj,68.0,-7.8125,0.44599947,341.60773
21,Attention,self_attn.o_proj,7.625,-5.34375,0.11017317,64.42258
21,MLP,mlp.gate_proj,67.5,-7.78125,0.4629552,292.56177
21,MLP,mlp.up_proj,67.5,-7.78125,0.4629552,292.56177
21,MLP,mlp.down_proj,8.125,-5.8125,0.05953011,115.72494
22,Attention,self_attn.q_proj,62.5,-7.53125,0.47459304,195.75198
22,Attention,self_attn.k_proj,62.5,-7.53125,0.47459304,195.75198
22,Attention,self_attn.v_proj,62.5,-7.53125,0.47459304,195.75198
22,Attention,self_attn.o_proj,5.03125,-4.15625,0.12556855,12.314281
22,MLP,mlp.gate_proj,62.0,-7.53125,0.49424252,163.86009
22,MLP,mlp.up_proj,62.0,-7.53125,0.49424252,163.86009
22,MLP,mlp.down_proj,17.5,-9.75,0.069967784,509.5133
23,Attention,self_attn.q_proj,54.5,-7.9375,0.5015121,91.15129
23,Attention,self_attn.k_proj,54.5,-7.9375,0.5015121,91.15129
23,Attention,self_attn.v_proj,54.5,-7.9375,0.5015121,91.15129
23,Attention,self_attn.o_proj,4.1875,-7.8125,0.16930237,8.397822
23,MLP,mlp.gate_proj,54.0,-8.0,0.52311724,75.06123
23,MLP,mlp.up_proj,54.0,-8.0,0.52311724,75.06123
23,MLP,mlp.down_proj,10.6875,-13.6875,0.08445627,226.52434
24,Attention,self_attn.q_proj,48.0,-8.5,0.5434804,42.488487
24,Attention,self_attn.k_proj,48.0,-8.5,0.5434804,42.488487
24,Attention,self_attn.v_proj,48.0,-8.5,0.5434804,42.488487
24,Attention,self_attn.o_proj,6.625,-9.0,0.09104119,71.946205
24,MLP,mlp.gate_proj,47.75,-8.4375,0.5743328,34.396847
24,MLP,mlp.up_proj,47.75,-8.4375,0.5743328,34.396847
24,MLP,mlp.down_proj,30.375,-29.5,0.09282264,1004.25446
25,Attention,self_attn.q_proj,45.5,-9.125,0.6073058,23.739258
25,Attention,self_attn.k_proj,45.5,-9.125,0.6073058,23.739258
25,Attention,self_attn.v_proj,45.5,-9.125,0.6073058,23.739258
25,Attention,self_attn.o_proj,4.5625,-5.5,0.09137542,26.940243
25,MLP,mlp.gate_proj,45.25,-9.6875,0.62722063,20.830416
25,MLP,mlp.up_proj,45.25,-9.6875,0.62722063,20.830416
25,MLP,mlp.down_proj,36.5,-27.25,0.10392214,691.8317
26,Attention,self_attn.q_proj,43.5,-9.5625,0.6747691,13.974972
26,Attention,self_attn.k_proj,43.5,-9.5625,0.6747691,13.974972
26,Attention,self_attn.v_proj,43.5,-9.5625,0.6747691,13.974972
26,Attention,self_attn.o_proj,3.78125,-2.796875,0.08151097,18.522455
26,MLP,mlp.gate_proj,43.5,-9.875,0.68881214,12.991658
26,MLP,mlp.up_proj,43.5,-9.875,0.68881214,12.991658
26,MLP,mlp.down_proj,20.875,-40.75,0.12299794,779.007
27,Attention,self_attn.q_proj,41.75,-10.0625,0.7387545,8.886927
27,Attention,self_attn.k_proj,41.75,-10.0625,0.7387545,8.886927
27,Attention,self_attn.v_proj,41.75,-10.0625,0.7387545,8.886927
27,Attention,self_attn.o_proj,3.390625,-2.90625,0.07809764,20.741089
27,MLP,mlp.gate_proj,41.75,-10.25,0.7639681,7.777011
27,MLP,mlp.up_proj,41.75,-10.25,0.7639681,7.777011
27,MLP,mlp.down_proj,45.0,-100.5,0.15083453,2228.515
28,Attention,self_attn.q_proj,41.0,-10.3125,0.8047463,6.0194263
28,Attention,self_attn.k_proj,41.0,-10.3125,0.8047463,6.0194263
28,Attention,self_attn.v_proj,41.0,-10.3125,0.8047463,6.0194263
28,Attention,self_attn.o_proj,3.9375,-4.375,0.10996707,17.675236
28,MLP,mlp.gate_proj,41.0,-10.1875,0.8352666,5.2989626
28,MLP,mlp.up_proj,41.0,-10.1875,0.8352666,5.2989626
28,MLP,mlp.down_proj,126.5,-155.0,0.27988142,2799.5337
29,Attention,self_attn.q_proj,39.0,-9.6875,0.86096466,4.730234
29,Attention,self_attn.k_proj,39.0,-9.6875,0.86096466,4.730234
29,Attention,self_attn.v_proj,39.0,-9.6875,0.86096466,4.730234
29,Attention,self_attn.o_proj,3.0625,-2.890625,0.09049784,17.57542
29,MLP,mlp.gate_proj,38.5,-13.5,0.8688274,5.252471
29,MLP,mlp.up_proj,38.5,-13.5,0.8688274,5.252471
29,MLP,mlp.down_proj,33.25,-31.125,0.2589203,104.223816
0,Attention,self_attn.q_proj,0.203125,-0.203125,0.021318467,0.10918021
0,Attention,self_attn.k_proj,0.203125,-0.203125,0.021318467,0.10918021
0,Attention,self_attn.v_proj,0.203125,-0.203125,0.021318467,0.10918021
0,Attention,self_attn.o_proj,0.40625,-0.40234375,0.0036360961,195.5795
0,MLP,mlp.gate_proj,0.58984375,-0.41796875,0.01807548,21.442968
0,MLP,mlp.up_proj,0.58984375,-0.41796875,0.01807548,21.442968
0,MLP,mlp.down_proj,0.10839844,-0.03491211,0.00020064112,2025.163
1,Attention,self_attn.q_proj,1.109375,-1.0234375,0.032576684,15.897017
1,Attention,self_attn.k_proj,1.109375,-1.0234375,0.032576684,15.897017
1,Attention,self_attn.v_proj,1.109375,-1.0234375,0.032576684,15.897017
1,Attention,self_attn.o_proj,0.29492188,-0.40039062,0.005918066,36.905693
1,MLP,mlp.gate_proj,1.1875,-1.046875,0.036711637,13.8228035
1,MLP,mlp.up_proj,1.1875,-1.046875,0.036711637,13.8228035
1,MLP,mlp.down_proj,0.55859375,-0.1484375,0.000555014,16690.273
2,Attention,self_attn.q_proj,1.40625,-1.578125,0.051145922,9.294517
2,Attention,self_attn.k_proj,1.40625,-1.578125,0.051145922,9.294517
2,Attention,self_attn.v_proj,1.40625,-1.578125,0.051145922,9.294517
2,Attention,self_attn.o_proj,0.6640625,-1.3984375,0.00757793,497.32584
2,MLP,mlp.gate_proj,1.484375,-1.7578125,0.05749861,7.9009523
2,MLP,mlp.up_proj,1.484375,-1.7578125,0.05749861,7.9009523
2,MLP,mlp.down_proj,0.24609375,-2.09375,0.0011132432,153492.45
3,Attention,self_attn.q_proj,3.140625,-2.359375,0.0733343,7.156725
3,Attention,self_attn.k_proj,3.140625,-2.359375,0.0733343,7.156725
3,Attention,self_attn.v_proj,3.140625,-2.359375,0.0733343,7.156725
3,Attention,self_attn.o_proj,0.953125,-2.078125,0.0097663645,1012.53064
3,MLP,mlp.gate_proj,3.34375,-2.59375,0.07962976,6.904584
3,MLP,mlp.up_proj,3.34375,-2.59375,0.07962976,6.904584
3,MLP,mlp.down_proj,0.6953125,-0.65625,0.002079171,1285.5682
4,Attention,self_attn.q_proj,3.5625,-2.796875,0.10040747,5.9221344
4,Attention,self_attn.k_proj,3.5625,-2.796875,0.10040747,5.9221344
4,Attention,self_attn.v_proj,3.5625,-2.796875,0.10040747,5.9221344
4,Attention,self_attn.o_proj,1.15625,-0.890625,0.013651919,110.96058
4,MLP,mlp.gate_proj,3.828125,-2.96875,0.11065945,5.3940573
4,MLP,mlp.up_proj,3.828125,-2.96875,0.11065945,5.3940573
4,MLP,mlp.down_proj,0.578125,-1.328125,0.0036280775,743.22015
5,Attention,self_attn.q_proj,4.125,-3.03125,0.12814365,4.163229
5,Attention,self_attn.k_proj,4.125,-3.03125,0.12814365,4.163229
5,Attention,self_attn.v_proj,4.125,-3.03125,0.12814365,4.163229
5,Attention,self_attn.o_proj,1.3828125,-1.578125,0.025486525,30.955242
5,MLP,mlp.gate_proj,4.15625,-2.984375,0.13796997,4.5583463
5,MLP,mlp.up_proj,4.15625,-2.984375,0.13796997,4.5583463
5,MLP,mlp.down_proj,1.390625,-1.8125,0.0072290893,343.20425
6,Attention,self_attn.q_proj,4.875,-3.21875,0.16080561,4.670997
6,Attention,self_attn.k_proj,4.875,-3.21875,0.16080561,4.670997
6,Attention,self_attn.v_proj,4.875,-3.21875,0.16080561,4.670997
6,Attention,self_attn.o_proj,1.5859375,-1.484375,0.04635026,12.304181
6,MLP,mlp.gate_proj,5.3125,-3.53125,0.17978369,5.4488363
6,MLP,mlp.up_proj,5.3125,-3.53125,0.17978369,5.4488363
6,MLP,mlp.down_proj,2.765625,-2.9375,0.011638044,292.08093
7,Attention,self_attn.q_proj,5.875,-3.875,0.19580474,5.201524
7,Attention,self_attn.k_proj,5.875,-3.875,0.19580474,5.201524
7,Attention,self_attn.v_proj,5.875,-3.875,0.19580474,5.201524
7,Attention,self_attn.o_proj,1.75,-1.6640625,0.050560985,11.254195
7,MLP,mlp.gate_proj,6.0625,-4.125,0.21497034,5.0342684
7,MLP,mlp.up_proj,6.0625,-4.125,0.21497034,5.0342684
7,MLP,mlp.down_proj,3.3125,-3.0625,0.017746288,220.74277
8,Attention,self_attn.q_proj,8.25,-4.4375,0.22165325,6.7735863
8,Attention,self_attn.k_proj,8.25,-4.4375,0.22165325,6.7735863
8,Attention,self_attn.v_proj,8.25,-4.4375,0.22165325,6.7735863
8,Attention,self_attn.o_proj,1.921875,-1.7890625,0.06253748,10.024111
8,MLP,mlp.gate_proj,9.625,-4.625,0.23392394,8.490175
8,MLP,mlp.up_proj,9.625,-4.625,0.23392394,8.490175
8,MLP,mlp.down_proj,2.53125,-10.0,0.018444104,4804.1675
9,Attention,self_attn.q_proj,17.75,-4.71875,0.23983623,28.367949
9,Attention,self_attn.k_proj,17.75,-4.71875,0.23983623,28.367949
9,Attention,self_attn.v_proj,17.75,-4.71875,0.23983623,28.367949
9,Attention,self_attn.o_proj,2.03125,-1.890625,0.0655733,10.790436
9,MLP,mlp.gate_proj,26.125,-4.875,0.25814712,86.12568
9,MLP,mlp.up_proj,26.125,-4.875,0.25814712,86.12568
9,MLP,mlp.down_proj,18.0,-2.453125,0.022240361,19466.17
10,Attention,self_attn.q_proj,41.5,-5.09375,0.25790548,467.05417
10,Attention,self_attn.k_proj,41.5,-5.09375,0.25790548,467.05417
10,Attention,self_attn.v_proj,41.5,-5.09375,0.25790548,467.05417
10,Attention,self_attn.o_proj,2.46875,-1.953125,0.06589655,10.349349
10,MLP,mlp.gate_proj,46.0,-5.21875,0.27392432,575.4737
10,MLP,mlp.up_proj,46.0,-5.21875,0.27392432,575.4737
10,MLP,mlp.down_proj,2.5625,-45.0,0.024713809,207640.75
11,Attention,self_attn.q_proj,60.0,-6.03125,0.2707152,1449.4937
11,Attention,self_attn.k_proj,60.0,-6.03125,0.2707152,1449.4937
11,Attention,self_attn.v_proj,60.0,-6.03125,0.2707152,1449.4937
11,Attention,self_attn.o_proj,1.6875,-2.71875,0.09196496,9.133718
11,MLP,mlp.gate_proj,61.0,-6.09375,0.28577638,1249.9464
11,MLP,mlp.up_proj,61.0,-6.09375,0.28577638,1249.9464
11,MLP,mlp.down_proj,11.0,-15.0625,0.024088457,11703.864
12,Attention,self_attn.q_proj,64.0,-6.5,0.2825552,1483.4296
12,Attention,self_attn.k_proj,64.0,-6.5,0.2825552,1483.4296
12,Attention,self_attn.v_proj,64.0,-6.5,0.2825552,1483.4296
12,Attention,self_attn.o_proj,3.875,-4.46875,0.07375672,21.210781
12,MLP,mlp.gate_proj,64.5,-6.5625,0.30116785,1213.4114
12,MLP,mlp.up_proj,64.5,-6.5625,0.30116785,1213.4114
12,MLP,mlp.down_proj,6.8125,-16.25,0.027561268,10010.952
13,Attention,self_attn.q_proj,69.5,-7.28125,0.29950938,1501.1825
13,Attention,self_attn.k_proj,69.5,-7.28125,0.29950938,1501.1825
13,Attention,self_attn.v_proj,69.5,-7.28125,0.29950938,1501.1825
13,Attention,self_attn.o_proj,21.25,-15.0625,0.15084225,222.88612
13,MLP,mlp.gate_proj,69.0,-7.1875,0.31127787,1292.9178
13,MLP,mlp.up_proj,69.0,-7.1875,0.31127787,1292.9178
13,MLP,mlp.down_proj,19.75,-17.25,0.029420326,14335.049
14,Attention,self_attn.q_proj,71.5,-7.75,0.3063444,1463.1348
14,Attention,self_attn.k_proj,71.5,-7.75,0.3063444,1463.1348
14,Attention,self_attn.v_proj,71.5,-7.75,0.3063444,1463.1348
14,Attention,self_attn.o_proj,4.5,-7.375,0.115525745,15.673626
14,MLP,mlp.gate_proj,71.5,-7.78125,0.32862303,1174.0548
14,MLP,mlp.up_proj,71.5,-7.78125,0.32862303,1174.0548
14,MLP,mlp.down_proj,6.0625,-5.375,0.031001767,261.21136
15,Attention,self_attn.q_proj,72.0,-8.0625,0.32087746,1286.4231
15,Attention,self_attn.k_proj,72.0,-8.0625,0.32087746,1286.4231
15,Attention,self_attn.v_proj,72.0,-8.0625,0.32087746,1286.4231
15,Attention,self_attn.o_proj,8.625,-5.34375,0.088075764,63.467194
15,MLP,mlp.gate_proj,72.0,-8.125,0.33955717,1070.5117
15,MLP,mlp.up_proj,72.0,-8.125,0.33955717,1070.5117
15,MLP,mlp.down_proj,8.75,-8.0,0.03258668,858.55774
16,Attention,self_attn.q_proj,72.5,-8.125,0.337767,1087.822
16,Attention,self_attn.k_proj,72.5,-8.125,0.337767,1087.822
16,Attention,self_attn.v_proj,72.5,-8.125,0.337767,1087.822
16,Attention,self_attn.o_proj,6.0625,-5.0,0.077366136,29.255756
16,MLP,mlp.gate_proj,72.5,-8.1875,0.35893217,899.1087
16,MLP,mlp.up_proj,72.5,-8.1875,0.35893217,899.1087
16,MLP,mlp.down_proj,13.6875,-36.0,0.035018038,42768.164
17,Attention,self_attn.q_proj,72.5,-8.5,0.35774547,895.7946
17,Attention,self_attn.k_proj,72.5,-8.5,0.35774547,895.7946
17,Attention,self_attn.v_proj,72.5,-8.5,0.35774547,895.7946
17,Attention,self_attn.o_proj,25.75,-2.078125,0.07341607,3563.2087
17,MLP,mlp.gate_proj,72.5,-8.5,0.3650636,837.35345
17,MLP,mlp.up_proj,72.5,-8.5,0.3650636,837.35345
17,MLP,mlp.down_proj,43.75,-3.796875,0.034738027,67176.67
18,Attention,self_attn.q_proj,72.5,-8.3125,0.36660075,817.17944
18,Attention,self_attn.k_proj,72.5,-8.3125,0.36660075,817.17944
18,Attention,self_attn.v_proj,72.5,-8.3125,0.36660075,817.17944
18,Attention,self_attn.o_proj,4.8125,-4.0625,0.094773605,15.132124
18,MLP,mlp.gate_proj,72.5,-8.3125,0.39018232,663.73755
18,MLP,mlp.up_proj,72.5,-8.3125,0.39018232,663.73755
18,MLP,mlp.down_proj,22.25,-6.59375,0.04129803,7006.507
19,Attention,self_attn.q_proj,72.5,-8.1875,0.39530665,627.47687
19,Attention,self_attn.k_proj,72.5,-8.1875,0.39530665,627.47687
19,Attention,self_attn.v_proj,72.5,-8.1875,0.39530665,627.47687
19,Attention,self_attn.o_proj,6.0625,-12.1875,0.11412381,110.37116
19,MLP,mlp.gate_proj,72.5,-8.125,0.41675422,520.1167
19,MLP,mlp.up_proj,72.5,-8.125,0.41675422,520.1167
19,MLP,mlp.down_proj,6.34375,-26.5,0.047645386,7186.154
20,Attention,self_attn.q_proj,72.0,-8.0,0.42450032,471.5203
20,Attention,self_attn.k_proj,72.0,-8.0,0.42450032,471.5203
20,Attention,self_attn.v_proj,72.0,-8.0,0.42450032,471.5203
20,Attention,self_attn.o_proj,4.5625,-10.0,0.11664955,38.549557
20,MLP,mlp.gate_proj,72.0,-8.0,0.43940556,410.47424
20,MLP,mlp.up_proj,72.0,-8.0,0.43940556,410.47424
20,MLP,mlp.down_proj,5.6875,-8.5625,0.052568775,152.60547
21,Attention,self_attn.q_proj,69.0,-7.90625,0.45030975,316.12595
21,Attention,self_attn.k_proj,69.0,-7.90625,0.45030975,316.12595
21,Attention,self_attn.v_proj,69.0,-7.90625,0.45030975,316.12595
21,Attention,self_attn.o_proj,7.6875,-5.34375,0.10599413,63.725563
21,MLP,mlp.gate_proj,68.5,-7.9375,0.46580666,273.5987
21,MLP,mlp.up_proj,68.5,-7.9375,0.46580666,273.5987
21,MLP,mlp.down_proj,8.3125,-9.1875,0.060469776,116.01757
22,Attention,self_attn.q_proj,63.5,-7.875,0.4781141,183.47147
22,Attention,self_attn.k_proj,63.5,-7.875,0.4781141,183.47147
22,Attention,self_attn.v_proj,63.5,-7.875,0.4781141,183.47147
22,Attention,self_attn.o_proj,4.96875,-4.125,0.12648948,11.76377
22,MLP,mlp.gate_proj,63.0,-8.1875,0.49729094,154.48108
22,MLP,mlp.up_proj,63.0,-8.1875,0.49729094,154.48108
22,MLP,mlp.down_proj,17.75,-16.0,0.07085969,591.8347
23,Attention,self_attn.q_proj,55.5,-8.8125,0.50612587,86.387344
23,Attention,self_attn.k_proj,55.5,-8.8125,0.50612587,86.387344
23,Attention,self_attn.v_proj,55.5,-8.8125,0.50612587,86.387344
23,Attention,self_attn.o_proj,4.21875,-7.78125,0.16735248,8.363547
23,MLP,mlp.gate_proj,55.0,-9.375,0.5263604,72.14782
23,MLP,mlp.up_proj,55.0,-9.375,0.5263604,72.14782
23,MLP,mlp.down_proj,13.3125,-16.125,0.08572871,247.23404
24,Attention,self_attn.q_proj,49.0,-9.9375,0.54911655,40.7765
24,Attention,self_attn.k_proj,49.0,-9.9375,0.54911655,40.7765
24,Attention,self_attn.v_proj,49.0,-9.9375,0.54911655,40.7765
24,Attention,self_attn.o_proj,6.625,-9.0,0.08846119,66.17937
24,MLP,mlp.gate_proj,48.75,-10.25,0.57918626,33.361282
24,MLP,mlp.up_proj,48.75,-10.25,0.57918626,33.361282
24,MLP,mlp.down_proj,30.375,-25.5,0.09600783,816.022
25,Attention,self_attn.q_proj,46.5,-10.6875,0.6198632,22.240196
25,Attention,self_attn.k_proj,46.5,-10.6875,0.6198632,22.240196
25,Attention,self_attn.v_proj,46.5,-10.6875,0.6198632,22.240196
25,Attention,self_attn.o_proj,4.5,-5.46875,0.0882568,26.470129
25,MLP,mlp.gate_proj,46.25,-10.625,0.6416955,19.376642
25,MLP,mlp.up_proj,46.25,-10.625,0.6416955,19.376642
25,MLP,mlp.down_proj,28.625,-14.4375,0.10931497,555.4606
26,Attention,self_attn.q_proj,44.25,-11.5,0.6928175,12.878908
26,Attention,self_attn.k_proj,44.25,-11.5,0.6928175,12.878908
26,Attention,self_attn.v_proj,44.25,-11.5,0.6928175,12.878908
26,Attention,self_attn.o_proj,3.609375,-3.203125,0.07999362,17.821095
26,MLP,mlp.gate_proj,44.25,-11.625,0.70927817,11.863369
26,MLP,mlp.up_proj,44.25,-11.625,0.70927817,11.863369
26,MLP,mlp.down_proj,34.0,-40.5,0.13125013,652.78076
27,Attention,self_attn.q_proj,42.5,-11.8125,0.7602252,8.15015
27,Attention,self_attn.k_proj,42.5,-11.8125,0.7602252,8.15015
27,Attention,self_attn.v_proj,42.5,-11.8125,0.7602252,8.15015
27,Attention,self_attn.o_proj,3.1875,-3.296875,0.07364551,21.639145
27,MLP,mlp.gate_proj,42.5,-11.5625,0.7797142,7.3344707
27,MLP,mlp.up_proj,42.5,-11.5625,0.7797142,7.3344707
27,MLP,mlp.down_proj,48.25,-69.0,0.15959728,1488.8967
28,Attention,self_attn.q_proj,41.75,-11.125,0.82258034,5.651412
28,Attention,self_attn.k_proj,41.75,-11.125,0.82258034,5.651412
28,Attention,self_attn.v_proj,41.75,-11.125,0.82258034,5.651412
28,Attention,self_attn.o_proj,4.25,-4.5625,0.1059358,19.165236
28,MLP,mlp.gate_proj,41.75,-10.625,0.8502861,5.0603485
28,MLP,mlp.up_proj,41.75,-10.625,0.8502861,5.0603485
28,MLP,mlp.down_proj,159.0,-107.0,0.29221395,1557.295
29,Attention,self_attn.q_proj,39.75,-9.8125,0.8745486,4.50169
29,Attention,self_attn.k_proj,39.75,-9.8125,0.8745486,4.50169
29,Attention,self_attn.v_proj,39.75,-9.8125,0.8745486,4.50169
29,Attention,self_attn.o_proj,3.078125,-2.6875,0.08901836,17.076876
29,MLP,mlp.gate_proj,39.25,-14.5625,0.8821057,5.2307863
29,MLP,mlp.up_proj,39.25,-14.5625,0.8821057,5.2307863
29,MLP,mlp.down_proj,28.375,-26.875,0.2654467,104.773346
0,Attention,self_attn.q_proj,0.203125,-0.203125,0.021814426,0.12578773
0,Attention,self_attn.k_proj,0.203125,-0.203125,0.021814426,0.12578773
0,Attention,self_attn.v_proj,0.203125,-0.203125,0.021814426,0.12578773
0,Attention,self_attn.o_proj,0.40429688,-0.40234375,0.0037010675,194.83658
0,MLP,mlp.gate_proj,0.6328125,-0.41796875,0.018496126,23.16012
0,MLP,mlp.up_proj,0.6328125,-0.41796875,0.018496126,23.16012
0,MLP,mlp.down_proj,0.10839844,-0.033935547,0.00022034274,1642.2294
1,Attention,self_attn.q_proj,1.3046875,-0.98828125,0.03426685,15.812128
1,Attention,self_attn.k_proj,1.3046875,-0.98828125,0.03426685,15.812128
1,Attention,self_attn.v_proj,1.3046875,-0.98828125,0.03426685,15.812128
1,Attention,self_attn.o_proj,0.2890625,-0.40039062,0.0058882935,34.771465
1,MLP,mlp.gate_proj,1.3828125,-1.0390625,0.038261548,14.245899
1,MLP,mlp.up_proj,1.3828125,-1.0390625,0.038261548,14.245899
1,MLP,mlp.down_proj,0.55859375,-0.15039062,0.00058955647,14476.689
2,Attention,self_attn.q_proj,1.6171875,-1.578125,0.053328063,9.222239
2,Attention,self_attn.k_proj,1.6171875,-1.578125,0.053328063,9.222239
2,Attention,self_attn.v_proj,1.6171875,-1.578125,0.053328063,9.222239
2,Attention,self_attn.o_proj,0.4765625,-1.3984375,0.007543141,453.81848
2,MLP,mlp.gate_proj,1.6640625,-1.7578125,0.05956115,7.9489374
2,MLP,mlp.up_proj,1.6640625,-1.7578125,0.05956115,7.9489374
2,MLP,mlp.down_proj,0.3046875,-2.09375,0.0011661182,135904.69
3,Attention,self_attn.q_proj,3.140625,-2.359375,0.076155566,6.8435936
3,Attention,self_attn.k_proj,3.140625,-2.359375,0.076155566,6.8435936
3,Attention,self_attn.v_proj,3.140625,-2.359375,0.076155566,6.8435936
3,Attention,self_attn.o_proj,0.953125,-2.078125,0.009813972,989.6827
3,MLP,mlp.gate_proj,3.34375,-2.59375,0.08246842,6.6299
3,MLP,mlp.up_proj,3.34375,-2.59375,0.08246842,6.6299
3,MLP,mlp.down_proj,0.6953125,-0.48632812,0.002197069,1110.6191
4,Attention,self_attn.q_proj,3.5625,-2.796875,0.10385515,5.6389265
4,Attention,self_attn.k_proj,3.5625,-2.796875,0.10385515,5.6389265
4,Attention,self_attn.v_proj,3.5625,-2.796875,0.10385515,5.6389265
4,Attention,self_attn.o_proj,1.15625,-0.890625,0.013308184,113.48475
4,MLP,mlp.gate_proj,3.828125,-2.96875,0.11366472,5.2392035
4,MLP,mlp.up_proj,3.828125,-2.96875,0.11366472,5.2392035
4,MLP,mlp.down_proj,0.78125,-1.328125,0.003696184,748.05676
5,Attention,self_attn.q_proj,4.125,-3.03125,0.13006696,4.19325
5,Attention,self_attn.k_proj,4.125,-3.03125,0.13006696,4.19325
5,Attention,self_attn.v_proj,4.125,-3.03125,0.13006696,4.19325
5,Attention,self_attn.o_proj,1.3828125,-1.578125,0.024929479,32.110573
5,MLP,mlp.gate_proj,4.15625,-2.984375,0.1403311,4.6941633
5,MLP,mlp.up_proj,4.15625,-2.984375,0.1403311,4.6941633
5,MLP,mlp.down_proj,0.94921875,-1.8125,0.0074269413,286.43707
6,Attention,self_attn.q_proj,4.875,-3.21875,0.16340314,4.7352357
6,Attention,self_attn.k_proj,4.875,-3.21875,0.16340314,4.7352357
6,Attention,self_attn.v_proj,4.875,-3.21875,0.16340314,4.7352357
6,Attention,self_attn.o_proj,1.640625,-1.3046875,0.047620807,11.327904
6,MLP,mlp.gate_proj,5.3125,-3.640625,0.18299134,5.505825
6,MLP,mlp.up_proj,5.3125,-3.640625,0.18299134,5.505825
6,MLP,mlp.down_proj,2.609375,-2.125,0.012018447,249.88129
7,Attention,self_attn.q_proj,5.875,-3.953125,0.1990749,5.230112
7,Attention,self_attn.k_proj,5.875,-3.953125,0.1990749,5.230112
7,Attention,self_attn.v_proj,5.875,-3.953125,0.1990749,5.230112
7,Attention,self_attn.o_proj,1.703125,-1.390625,0.051001977,11.330291
7,MLP,mlp.gate_proj,6.0625,-4.1875,0.21983638,5.1069345
7,MLP,mlp.up_proj,6.0625,-4.1875,0.21983638,5.1069345
7,MLP,mlp.down_proj,2.90625,-3.03125,0.018492315,164.9367
8,Attention,self_attn.q_proj,8.125,-4.40625,0.22709285,6.7882347
8,Attention,self_attn.k_proj,8.125,-4.40625,0.22709285,6.7882347
8,Attention,self_attn.v_proj,8.125,-4.40625,0.22709285,6.7882347
8,Attention,self_attn.o_proj,1.9609375,-2.015625,0.06411724,9.890314
8,MLP,mlp.gate_proj,9.5625,-4.6875,0.23909774,8.774241
8,MLP,mlp.up_proj,9.5625,-4.6875,0.23909774,8.774241
8,MLP,mlp.down_proj,1.5078125,-9.375,0.019064799,4601.6313
9,Attention,self_attn.q_proj,17.75,-4.78125,0.24547811,28.494461
9,Attention,self_attn.k_proj,17.75,-4.78125,0.24547811,28.494461
9,Attention,self_attn.v_proj,17.75,-4.78125,0.24547811,28.494461
9,Attention,self_attn.o_proj,2.34375,-1.890625,0.06617657,9.599765
9,MLP,mlp.gate_proj,26.125,-5.0,0.26384494,85.041016
9,MLP,mlp.up_proj,26.125,-5.0,0.26384494,85.041016
9,MLP,mlp.down_proj,17.125,-3.25,0.0231309,15763.533
10,Attention,self_attn.q_proj,41.5,-5.1875,0.26363075,462.2402
10,Attention,self_attn.k_proj,41.5,-5.1875,0.26363075,462.2402
10,Attention,self_attn.v_proj,41.5,-5.1875,0.26363075,462.2402
10,Attention,self_attn.o_proj,2.5625,-2.046875,0.065254524,10.605042
10,MLP,mlp.gate_proj,46.25,-5.25,0.27990565,565.61334
10,MLP,mlp.up_proj,46.25,-5.25,0.27990565,565.61334
10,MLP,mlp.down_proj,2.4375,-43.25,0.02551063,193179.03
11,Attention,self_attn.q_proj,60.25,-6.0625,0.27603665,1394.2487
11,Attention,self_attn.k_proj,60.25,-6.0625,0.27603665,1394.2487
11,Attention,self_attn.v_proj,60.25,-6.0625,0.27603665,1394.2487
11,Attention,self_attn.o_proj,2.125,-2.125,0.094816364,10.78507
11,MLP,mlp.gate_proj,61.0,-6.125,0.29211366,1188.6593
11,MLP,mlp.up_proj,61.0,-6.125,0.29211366,1188.6593
11,MLP,mlp.down_proj,11.375,-15.8125,0.025045587,10898.116
12,Attention,self_attn.q_proj,63.75,-6.5625,0.28753,1418.8207
12,Attention,self_attn.k_proj,63.75,-6.5625,0.28753,1418.8207
12,Attention,self_attn.v_proj,63.75,-6.5625,0.28753,1418.8207
12,Attention,self_attn.o_proj,4.15625,-4.78125,0.07328256,22.756117
12,MLP,mlp.gate_proj,64.0,-6.625,0.30628484,1162.917
12,MLP,mlp.up_proj,64.0,-6.625,0.30628484,1162.917
12,MLP,mlp.down_proj,6.96875,-15.0,0.028244147,9428.57
13,Attention,self_attn.q_proj,68.5,-7.28125,0.3053564,1408.1439
13,Attention,self_attn.k_proj,68.5,-7.28125,0.3053564,1408.1439
13,Attention,self_attn.v_proj,68.5,-7.28125,0.3053564,1408.1439
13,Attention,self_attn.o_proj,21.375,-14.75,0.15091054,222.50487
13,MLP,mlp.gate_proj,68.0,-7.1875,0.31715882,1211.619
13,MLP,mlp.up_proj,68.0,-7.1875,0.31715882,1211.619
13,MLP,mlp.down_proj,19.75,-18.125,0.030500414,13735.015
14,Attention,self_attn.q_proj,70.0,-7.75,0.31204417,1371.5262
14,Attention,self_attn.k_proj,70.0,-7.75,0.31204417,1371.5262
14,Attention,self_attn.v_proj,70.0,-7.75,0.31204417,1371.5262
14,Attention,self_attn.o_proj,4.5625,-7.40625,0.1156413,17.71951
14,MLP,mlp.gate_proj,70.0,-7.8125,0.3345588,1100.451
14,MLP,mlp.up_proj,70.0,-7.8125,0.3345588,1100.451
14,MLP,mlp.down_proj,6.40625,-5.40625,0.03187466,240.93794
15,Attention,self_attn.q_proj,70.5,-8.0625,0.32679406,1199.9331
15,Attention,self_attn.k_proj,70.5,-8.0625,0.32679406,1199.9331
15,Attention,self_attn.v_proj,70.5,-8.0625,0.32679406,1199.9331
15,Attention,self_attn.o_proj,8.9375,-5.5625,0.08699711,66.62735
15,MLP,mlp.gate_proj,70.5,-8.125,0.3456521,1002.82227
15,MLP,mlp.up_proj,70.5,-8.125,0.3456521,1002.82227
15,MLP,mlp.down_proj,8.6875,-7.1875,0.033541936,738.12195
16,Attention,self_attn.q_proj,71.0,-8.125,0.34203973,1032.9296
16,Attention,self_attn.k_proj,71.0,-8.125,0.34203973,1032.9296
16,Attention,self_attn.v_proj,71.0,-8.125,0.34203973,1032.9296
16,Attention,self_attn.o_proj,7.0,-4.625,0.074367896,38.222908
16,MLP,mlp.gate_proj,71.0,-8.1875,0.36312354,853.96704
16,MLP,mlp.up_proj,71.0,-8.1875,0.36312354,853.96704
16,MLP,mlp.down_proj,13.5,-36.5,0.035703704,43234.8
17,Attention,self_attn.q_proj,71.0,-8.5,0.36191094,849.9187
17,Attention,self_attn.k_proj,71.0,-8.5,0.36191094,849.9187
17,Attention,self_attn.v_proj,71.0,-8.5,0.36191094,849.9187
17,Attention,self_attn.o_proj,25.75,-2.1875,0.07141899,3583.705
17,MLP,mlp.gate_proj,71.0,-8.5,0.3681351,800.02966
17,MLP,mlp.up_proj,71.0,-8.5,0.3681351,800.02966
17,MLP,mlp.down_proj,43.75,-3.703125,0.035474997,60170.61
18,Attention,self_attn.q_proj,71.0,-8.3125,0.369164,782.9467
18,Attention,self_attn.k_proj,71.0,-8.3125,0.369164,782.9467
18,Attention,self_attn.v_proj,71.0,-8.3125,0.369164,782.9467
18,Attention,self_attn.o_proj,4.625,-3.9375,0.09284193,15.993711
18,MLP,mlp.gate_proj,71.0,-8.3125,0.393788,631.318
18,MLP,mlp.up_proj,71.0,-8.3125,0.393788,631.318
18,MLP,mlp.down_proj,22.625,-6.3125,0.042278785,6661.2373
19,Attention,self_attn.q_proj,71.0,-8.1875,0.39902085,596.1036
19,Attention,self_attn.k_proj,71.0,-8.1875,0.39902085,596.1036
19,Attention,self_attn.v_proj,71.0,-8.1875,0.39902085,596.1036
19,Attention,self_attn.o_proj,5.90625,-11.875,0.1111224,123.03131
19,MLP,mlp.gate_proj,71.0,-8.1875,0.41925818,499.59506
19,MLP,mlp.up_proj,71.0,-8.1875,0.41925818,499.59506
19,MLP,mlp.down_proj,6.0625,-26.75,0.04879255,6572.3403
20,Attention,self_attn.q_proj,70.5,-8.5,0.42793345,449.58878
20,Attention,self_attn.k_proj,70.5,-8.5,0.42793345,449.58878
20,Attention,self_attn.v_proj,70.5,-8.5,0.42793345,449.58878
20,Attention,self_attn.o_proj,4.5625,-9.75,0.11547847,38.217747
20,MLP,mlp.gate_proj,70.5,-9.125,0.44228736,392.82077
20,MLP,mlp.up_proj,70.5,-9.125,0.44228736,392.82077
20,MLP,mlp.down_proj,6.59375,-8.625,0.053745303,143.74457
21,Attention,self_attn.q_proj,67.5,-9.25,0.45326826,302.18384
21,Attention,self_attn.k_proj,67.5,-9.25,0.45326826,302.18384
21,Attention,self_attn.v_proj,67.5,-9.25,0.45326826,302.18384
21,Attention,self_attn.o_proj,7.4375,-5.3125,0.10430703,68.60491
21,MLP,mlp.gate_proj,67.0,-9.5625,0.46897364,261.26727
21,MLP,mlp.up_proj,67.0,-9.5625,0.46897364,261.26727
21,MLP,mlp.down_proj,6.125,-8.3125,0.061891694,106.90225
22,Attention,self_attn.q_proj,61.75,-9.625,0.48125684,175.00235
22,Attention,self_attn.k_proj,61.75,-9.625,0.48125684,175.00235
22,Attention,self_attn.v_proj,61.75,-9.625,0.48125684,175.00235
22,Attention,self_attn.o_proj,4.96875,-4.0625,0.124760926,12.562181
22,MLP,mlp.gate_proj,61.25,-9.6875,0.50017154,147.95116
22,MLP,mlp.up_proj,61.25,-9.6875,0.50017154,147.95116
22,MLP,mlp.down_proj,18.0,-10.0625,0.07244687,471.72287
23,Attention,self_attn.q_proj,53.75,-9.8125,0.5092556,82.080246
23,Attention,self_attn.k_proj,53.75,-9.8125,0.5092556,82.080246
23,Attention,self_attn.v_proj,53.75,-9.8125,0.5092556,82.080246
23,Attention,self_attn.o_proj,4.1875,-7.75,0.16822696,8.166207
23,MLP,mlp.gate_proj,53.25,-10.0,0.5298487,68.55794
23,MLP,mlp.up_proj,53.25,-10.0,0.5298487,68.55794
23,MLP,mlp.down_proj,16.125,-14.25,0.08795632,230.68777
24,Attention,self_attn.q_proj,48.5,-10.0,0.552741,38.68784
24,Attention,self_attn.k_proj,48.5,-10.0,0.552741,38.68784
24,Attention,self_attn.v_proj,48.5,-10.0,0.552741,38.68784
24,Attention,self_attn.o_proj,6.65625,-9.375,0.085953,67.63116
24,MLP,mlp.gate_proj,48.25,-10.1875,0.58228785,31.764801
24,MLP,mlp.up_proj,48.25,-10.1875,0.58228785,31.764801
24,MLP,mlp.down_proj,28.625,-19.25,0.09880056,658.6584
25,Attention,self_attn.q_proj,46.0,-9.8125,0.6234144,21.20268
25,Attention,self_attn.k_proj,46.0,-9.8125,0.6234144,21.20268
25,Attention,self_attn.v_proj,46.0,-9.8125,0.6234144,21.20268
25,Attention,self_attn.o_proj,4.59375,-5.59375,0.08563381,28.353418
25,MLP,mlp.gate_proj,45.75,-9.9375,0.6432848,18.681763
25,MLP,mlp.up_proj,45.75,-9.9375,0.6432848,18.681763
25,MLP,mlp.down_proj,33.25,-21.5,0.11139058,617.4059
26,Attention,self_attn.q_proj,44.0,-10.0,0.69420344,12.502222
26,Attention,self_attn.k_proj,44.0,-10.0,0.69420344,12.502222
26,Attention,self_attn.v_proj,44.0,-10.0,0.69420344,12.502222
26,Attention,self_attn.o_proj,3.640625,-2.5625,0.077849284,18.776863
26,MLP,mlp.gate_proj,44.0,-10.3125,0.7068857,11.674323
26,MLP,mlp.up_proj,44.0,-10.3125,0.7068857,11.674323
26,MLP,mlp.down_proj,33.75,-40.25,0.13184202,599.3791
27,Attention,self_attn.q_proj,42.25,-10.375,0.7551097,8.137285
27,Attention,self_attn.k_proj,42.25,-10.375,0.7551097,8.137285
27,Attention,self_attn.v_proj,42.25,-10.375,0.7551097,8.137285
27,Attention,self_attn.o_proj,3.109375,-3.09375,0.07768558,20.323866
27,MLP,mlp.gate_proj,42.25,-10.25,0.77835363,7.1863165
27,MLP,mlp.up_proj,42.25,-10.25,0.77835363,7.1863165
27,MLP,mlp.down_proj,34.25,-69.0,0.16080576,1298.291
28,Attention,self_attn.q_proj,41.5,-10.5625,0.81589854,5.66206
28,Attention,self_attn.k_proj,41.5,-10.5625,0.81589854,5.66206
28,Attention,self_attn.v_proj,41.5,-10.5625,0.81589854,5.66206
28,Attention,self_attn.o_proj,4.25,-4.15625,0.107612066,17.180891
28,MLP,mlp.gate_proj,41.5,-10.0625,0.8453138,4.977783
28,MLP,mlp.up_proj,41.5,-10.0625,0.8453138,4.977783
28,MLP,mlp.down_proj,114.5,-114.5,0.28753835,1075.7565
29,Attention,self_attn.q_proj,39.5,-9.375,0.8679461,4.2077613
29,Attention,self_attn.k_proj,39.5,-9.375,0.8679461,4.2077613
29,Attention,self_attn.v_proj,39.5,-9.375,0.8679461,4.2077613
29,Attention,self_attn.o_proj,2.9375,-3.734375,0.09035676,17.865885
29,MLP,mlp.gate_proj,39.0,-14.125,0.8732323,4.6140666
29,MLP,mlp.up_proj,39.0,-14.125,0.8732323,4.6140666
29,MLP,mlp.down_proj,23.375,-31.375,0.26458177,77.89355
0,Attention,self_attn.q_proj,0.203125,-0.203125,0.02109173,0.20524812
0,Attention,self_attn.k_proj,0.203125,-0.203125,0.02109173,0.20524812
0,Attention,self_attn.v_proj,0.203125,-0.203125,0.02109173,0.20524812
0,Attention,self_attn.o_proj,0.40820312,-0.40234375,0.0036032512,215.95908
0,MLP,mlp.gate_proj,0.6875,-0.41796875,0.018131906,33.30627
0,MLP,mlp.up_proj,0.6875,-0.41796875,0.018131906,33.30627
0,MLP,mlp.down_proj,0.10839844,-0.03491211,0.00022084411,1686.5265
1,Attention,self_attn.q_proj,1.34375,-0.9765625,0.034162164,16.349503
1,Attention,self_attn.k_proj,1.34375,-0.9765625,0.034162164,16.349503
1,Attention,self_attn.v_proj,1.34375,-0.9765625,0.034162164,16.349503
1,Attention,self_attn.o_proj,0.33398438,-0.40039062,0.0058057634,37.881
1,MLP,mlp.gate_proj,1.421875,-1.0390625,0.038113706,14.63517
1,MLP,mlp.up_proj,1.421875,-1.0390625,0.038113706,14.63517
1,MLP,mlp.down_proj,0.55859375,-0.12597656,0.00058615714,14595.275
2,Attention,self_attn.q_proj,1.6484375,-1.578125,0.05300871,9.667322
2,Attention,self_attn.k_proj,1.6484375,-1.578125,0.05300871,9.667322
2,Attention,self_attn.v_proj,1.6484375,-1.578125,0.05300871,9.667322
2,Attention,self_attn.o_proj,0.62109375,-1.3984375,0.007335384,462.67368
2,MLP,mlp.gate_proj,1.6953125,-1.7578125,0.058887716,8.4436
2,MLP,mlp.up_proj,1.6953125,-1.7578125,0.058887716,8.4436
2,MLP,mlp.down_proj,0.34960938,-2.09375,0.0011511233,139458.02
3,Attention,self_attn.q_proj,3.140625,-2.359375,0.07515154,7.411584
3,Attention,self_attn.k_proj,3.140625,-2.359375,0.07515154,7.411584
3,Attention,self_attn.v_proj,3.140625,-2.359375,0.07515154,7.411584
3,Attention,self_attn.o_proj,0.953125,-2.078125,0.009315194,1053.1838
3,MLP,mlp.gate_proj,3.34375,-2.59375,0.081101075,7.1637535
3,MLP,mlp.up_proj,3.34375,-2.59375,0.081101075,7.1637535
3,MLP,mlp.down_proj,0.6953125,-0.4296875,0.0021394417,1091.8536
4,Attention,self_attn.q_proj,3.5625,-2.796875,0.10259844,6.419276
4,Attention,self_attn.k_proj,3.5625,-2.796875,0.10259844,6.419276
4,Attention,self_attn.v_proj,3.5625,-2.796875,0.10259844,6.419276
4,Attention,self_attn.o_proj,1.15625,-0.890625,0.01299599,117.96509
4,MLP,mlp.gate_proj,3.828125,-2.96875,0.11178619,5.893546
4,MLP,mlp.up_proj,3.828125,-2.96875,0.11178619,5.893546
4,MLP,mlp.down_proj,0.51953125,-1.328125,0.0036008859,754.4835
5,Attention,self_attn.q_proj,4.125,-3.03125,0.12827028,4.571096
5,Attention,self_attn.k_proj,4.125,-3.03125,0.12827028,4.571096
5,Attention,self_attn.v_proj,4.125,-3.03125,0.12827028,4.571096
5,Attention,self_attn.o_proj,1.3828125,-1.578125,0.024270067,33.099117
5,MLP,mlp.gate_proj,4.15625,-2.984375,0.13807556,4.942225
5,MLP,mlp.up_proj,4.15625,-2.984375,0.13807556,4.942225
5,MLP,mlp.down_proj,1.1484375,-1.8125,0.0071722497,303.26135
6,Attention,self_attn.q_proj,4.875,-3.34375,0.16255313,5.088969
6,Attention,self_attn.k_proj,4.875,-3.34375,0.16255313,5.088969
6,Attention,self_attn.v_proj,4.875,-3.34375,0.16255313,5.088969
6,Attention,self_attn.o_proj,1.359375,-1.265625,0.04435018,12.777794
6,MLP,mlp.gate_proj,5.3125,-3.703125,0.18057701,5.7205114
6,MLP,mlp.up_proj,5.3125,-3.703125,0.18057701,5.7205114
6,MLP,mlp.down_proj,2.546875,-1.9140625,0.011532521,240.48224
7,Attention,self_attn.q_proj,5.875,-4.125,0.19789173,5.7816114
7,Attention,self_attn.k_proj,5.875,-4.125,0.19789173,5.7816114
7,Attention,self_attn.v_proj,5.875,-4.125,0.19789173,5.7816114
7,Attention,self_attn.o_proj,1.84375,-1.765625,0.04832014,13.133884
7,MLP,mlp.gate_proj,6.0625,-4.34375,0.21713789,5.488144
7,MLP,mlp.up_proj,6.0625,-4.34375,0.21713789,5.488144
7,MLP,mlp.down_proj,2.921875,-2.703125,0.017773863,181.57512
8,Attention,self_attn.q_proj,8.125,-4.6875,0.22550313,6.978548
8,Attention,self_attn.k_proj,8.125,-4.6875,0.22550313,6.978548
8,Attention,self_attn.v_proj,8.125,-4.6875,0.22550313,6.978548
8,Attention,self_attn.o_proj,1.8515625,-1.65625,0.060431328,9.971387
8,MLP,mlp.gate_proj,9.4375,-5.0,0.23724233,8.472598
8,MLP,mlp.up_proj,9.4375,-5.0,0.23724233,8.472598
8,MLP,mlp.down_proj,1.4296875,-11.375,0.018752567,4553.3174
9,Attention,self_attn.q_proj,17.75,-5.1875,0.24454358,24.350847
9,Attention,self_attn.k_proj,17.75,-5.1875,0.24454358,24.350847
9,Attention,self_attn.v_proj,17.75,-5.1875,0.24454358,24.350847
9,Attention,self_attn.o_proj,2.03125,-2.078125,0.06281812,10.200657
9,MLP,mlp.gate_proj,26.125,-5.34375,0.26162446,71.112564
9,MLP,mlp.up_proj,26.125,-5.34375,0.26162446,71.112564
9,MLP,mlp.down_proj,18.25,-4.03125,0.02232392,18917.27
10,Attention,self_attn.q_proj,41.5,-5.5625,0.2623177,390.5744
10,Attention,self_attn.k_proj,41.5,-5.5625,0.2623177,390.5744
10,Attention,self_attn.v_proj,41.5,-5.5625,0.2623177,390.5744
10,Attention,self_attn.o_proj,2.65625,-2.109375,0.06263346,10.88128
10,MLP,mlp.gate_proj,46.25,-5.625,0.277179,491.3357
10,MLP,mlp.up_proj,46.25,-5.625,0.277179,491.3357
10,MLP,mlp.down_proj,3.265625,-41.5,0.024576351,198151.2
11,Attention,self_attn.q_proj,60.0,-6.0,0.27431333,1218.5099
11,Attention,self_attn.k_proj,60.0,-6.0,0.27431333,1218.5099
11,Attention,self_attn.v_proj,60.0,-6.0,0.27431333,1218.5099
11,Attention,self_attn.o_proj,1.7734375,-2.4375,0.090136155,8.678026
11,MLP,mlp.gate_proj,61.0,-6.0625,0.28890607,1064.1594
11,MLP,mlp.up_proj,61.0,-6.0625,0.28890607,1064.1594
11,MLP,mlp.down_proj,10.5625,-16.25,0.024236716,11098.462
12,Attention,self_attn.q_proj,63.75,-6.5625,0.28708422,1226.7681
12,Attention,self_attn.k_proj,63.75,-6.5625,0.28708422,1226.7681
12,Attention,self_attn.v_proj,63.75,-6.5625,0.28708422,1226.7681
12,Attention,self_attn.o_proj,4.15625,-4.53125,0.07187703,21.987114
12,MLP,mlp.gate_proj,64.0,-6.65625,0.30473515,1015.4223
12,MLP,mlp.up_proj,64.0,-6.65625,0.30473515,1015.4223
12,MLP,mlp.down_proj,5.65625,-14.625,0.027593063,8999.703
13,Attention,self_attn.q_proj,68.5,-7.3125,0.3053912,1219.5157
13,Attention,self_attn.k_proj,68.5,-7.3125,0.3053912,1219.5157
13,Attention,self_attn.v_proj,68.5,-7.3125,0.3053912,1219.5157
13,Attention,self_attn.o_proj,21.125,-14.125,0.1478585,198.82642
13,MLP,mlp.gate_proj,68.0,-7.21875,0.3159762,1062.4247
13,MLP,mlp.up_proj,68.0,-7.21875,0.3159762,1062.4247
13,MLP,mlp.down_proj,19.875,-17.375,0.02959642,14341.177
14,Attention,self_attn.q_proj,70.0,-7.6875,0.31203666,1191.562
14,Attention,self_attn.k_proj,70.0,-7.6875,0.31203666,1191.562
14,Attention,self_attn.v_proj,70.0,-7.6875,0.31203666,1191.562
14,Attention,self_attn.o_proj,4.59375,-7.40625,0.11081283,16.906265
14,MLP,mlp.gate_proj,70.0,-7.78125,0.3314804,984.4162
14,MLP,mlp.up_proj,70.0,-7.78125,0.3314804,984.4162
14,MLP,mlp.down_proj,6.21875,-5.53125,0.030497158,281.81873
15,Attention,self_attn.q_proj,70.5,-8.0625,0.32401484,1076.8287
15,Attention,self_attn.k_proj,70.5,-8.0625,0.32401484,1076.8287
15,Attention,self_attn.v_proj,70.5,-8.0625,0.32401484,1076.8287
15,Attention,self_attn.o_proj,8.3125,-5.28125,0.08364057,72.748436
15,MLP,mlp.gate_proj,70.5,-8.125,0.34074178,916.2851
15,MLP,mlp.up_proj,70.5,-8.125,0.34074178,916.2851
15,MLP,mlp.down_proj,8.6875,-7.3125,0.031640045,808.06085
16,Attention,self_attn.q_proj,71.0,-8.125,0.33842283,931.53125
16,Attention,self_attn.k_proj,71.0,-8.125,0.33842283,931.53125
16,Attention,self_attn.v_proj,71.0,-8.125,0.33842283,931.53125
16,Attention,self_attn.o_proj,6.1875,-4.59375,0.07142137,33.679615
16,MLP,mlp.gate_proj,71.0,-8.1875,0.35647506,789.4374
16,MLP,mlp.up_proj,71.0,-8.1875,0.35647506,789.4374
16,MLP,mlp.down_proj,13.6875,-36.5,0.033850253,37488.2
17,Attention,self_attn.q_proj,71.0,-8.5,0.35763088,770.28735
17,Attention,self_attn.k_proj,71.0,-8.5,0.35763088,770.28735
17,Attention,self_attn.v_proj,71.0,-8.5,0.35763088,770.28735
17,Attention,self_attn.o_proj,25.625,-2.03125,0.06971842,3626.3894
17,MLP,mlp.gate_proj,71.0,-8.5,0.36385635,726.6972
17,MLP,mlp.up_proj,71.0,-8.5,0.36385635,726.6972
17,MLP,mlp.down_proj,44.0,-2.671875,0.033886515,58497.37
18,Attention,self_attn.q_proj,71.0,-8.3125,0.36692053,698.0894
18,Attention,self_attn.k_proj,71.0,-8.3125,0.36692053,698.0894
18,Attention,self_attn.v_proj,71.0,-8.3125,0.36692053,698.0894
18,Attention,self_attn.o_proj,4.5,-3.796875,0.09181337,15.982565
18,MLP,mlp.gate_proj,71.0,-8.3125,0.3891843,574.46155
18,MLP,mlp.up_proj,71.0,-8.3125,0.3891843,574.46155
18,MLP,mlp.down_proj,23.0,-6.3125,0.040281165,6541.5273
19,Attention,self_attn.q_proj,71.0,-8.1875,0.3947071,541.54205
19,Attention,self_attn.k_proj,71.0,-8.1875,0.3947071,541.54205
19,Attention,self_attn.v_proj,71.0,-8.1875,0.3947071,541.54205
19,Attention,self_attn.o_proj,5.875,-11.875,0.10816173,124.02883
19,MLP,mlp.gate_proj,71.0,-8.125,0.414695,455.19836
19,MLP,mlp.up_proj,71.0,-8.125,0.414695,455.19836
19,MLP,mlp.down_proj,6.21875,-27.625,0.046781007,6893.442
20,Attention,self_attn.q_proj,70.5,-8.0,0.42424983,406.7581
20,Attention,self_attn.k_proj,70.5,-8.0,0.42424983,406.7581
20,Attention,self_attn.v_proj,70.5,-8.0,0.42424983,406.7581
20,Attention,self_attn.o_proj,4.53125,-10.375,0.112570696,42.56547
20,MLP,mlp.gate_proj,70.5,-8.0,0.43857628,356.33667
20,MLP,mlp.up_proj,70.5,-8.0,0.43857628,356.33667
20,MLP,mlp.down_proj,5.59375,-8.4375,0.05199277,154.03806
21,Attention,self_attn.q_proj,67.5,-7.9375,0.4505636,272.99554
21,Attention,self_attn.k_proj,67.5,-7.9375,0.4505636,272.99554
21,Attention,self_attn.v_proj,67.5,-7.9375,0.4505636,272.99554
21,Attention,self_attn.o_proj,7.3125,-5.34375,0.103902176,65.0802
21,MLP,mlp.gate_proj,67.0,-7.90625,0.4651375,237.73573
21,MLP,mlp.up_proj,67.0,-7.90625,0.4651375,237.73573
21,MLP,mlp.down_proj,7.71875,-6.96875,0.06015887,110.91971
22,Attention,self_attn.q_proj,62.0,-7.71875,0.4783706,159.0513
22,Attention,self_attn.k_proj,62.0,-7.71875,0.4783706,159.0513
22,Attention,self_attn.v_proj,62.0,-7.71875,0.4783706,159.0513
22,Attention,self_attn.o_proj,4.90625,-4.03125,0.11909335,13.600304
22,MLP,mlp.gate_proj,61.5,-8.0625,0.49672943,135.41478
22,MLP,mlp.up_proj,61.5,-8.0625,0.49672943,135.41478
22,MLP,mlp.down_proj,17.5,-15.25,0.07043561,463.76703
23,Attention,self_attn.q_proj,54.0,-8.3125,0.5072327,75.660545
23,Attention,self_attn.k_proj,54.0,-8.3125,0.5072327,75.660545
23,Attention,self_attn.v_proj,54.0,-8.3125,0.5072327,75.660545
23,Attention,self_attn.o_proj,4.1875,-7.71875,0.16011144,9.53643
23,MLP,mlp.gate_proj,53.5,-8.4375,0.52578586,64.01611
23,MLP,mlp.up_proj,53.5,-8.4375,0.52578586,64.01611
23,MLP,mlp.down_proj,11.5,-14.125,0.08584945,221.49686
24,Attention,self_attn.q_proj,48.75,-8.9375,0.5515197,36.24367
24,Attention,self_attn.k_proj,48.75,-8.9375,0.5515197,36.24367
24,Attention,self_attn.v_proj,48.75,-8.9375,0.5515197,36.24367
24,Attention,self_attn.o_proj,6.625,-9.0,0.08446634,70.937515
24,MLP,mlp.gate_proj,48.5,-9.25,0.5785383,30.245777
24,MLP,mlp.up_proj,48.5,-9.25,0.5785383,30.245777
24,MLP,mlp.down_proj,31.125,-24.625,0.095203295,737.39386
25,Attention,self_attn.q_proj,46.5,-9.8125,0.61454564,20.940224
25,Attention,self_attn.k_proj,46.5,-9.8125,0.61454564,20.940224
25,Attention,self_attn.v_proj,46.5,-9.8125,0.61454564,20.940224
25,Attention,self_attn.o_proj,4.65625,-5.59375,0.08445097,30.831856
25,MLP,mlp.gate_proj,46.25,-9.9375,0.6321454,18.715733
25,MLP,mlp.up_proj,46.25,-9.9375,0.6321454,18.715733
25,MLP,mlp.down_proj,32.25,-16.875,0.10652738,500.37216
26,Attention,self_attn.q_proj,44.5,-10.25,0.6774156,12.927169
26,Attention,self_attn.k_proj,44.5,-10.25,0.6774156,12.927169
26,Attention,self_attn.v_proj,44.5,-10.25,0.6774156,12.927169
26,Attention,self_attn.o_proj,3.65625,-2.875,0.07606853,19.199675
26,MLP,mlp.gate_proj,44.5,-10.8125,0.6918897,12.018156
26,MLP,mlp.up_proj,44.5,-10.8125,0.6918897,12.018156
26,MLP,mlp.down_proj,19.125,-42.0,0.1261063,621.5006
27,Attention,self_attn.q_proj,42.75,-10.5625,0.7389457,8.486333
27,Attention,self_attn.k_proj,42.75,-10.5625,0.7389457,8.486333
27,Attention,self_attn.v_proj,42.75,-10.5625,0.7389457,8.486333
27,Attention,self_attn.o_proj,3.15625,-3.484375,0.078205526,22.70146
27,MLP,mlp.gate_proj,42.75,-10.4375,0.7636205,7.440716
27,MLP,mlp.up_proj,42.75,-10.4375,0.7636205,7.440716
27,MLP,mlp.down_proj,42.25,-70.5,0.15624337,1498.9818
28,Attention,self_attn.q_proj,42.0,-10.125,0.80199146,5.8369236
28,Attention,self_attn.k_proj,42.0,-10.125,0.80199146,5.8369236
28,Attention,self_attn.v_proj,42.0,-10.125,0.80199146,5.8369236
28,Attention,self_attn.o_proj,4.21875,-4.375,0.104648314,17.868603
28,MLP,mlp.gate_proj,42.0,-9.875,0.8313518,5.1520395
28,MLP,mlp.up_proj,42.0,-9.875,0.8313518,5.1520395
28,MLP,mlp.down_proj,113.0,-147.0,0.27945778,1854.5002
29,Attention,self_attn.q_proj,40.0,-9.125,0.8538665,4.418336
29,Attention,self_attn.k_proj,40.0,-9.125,0.8538665,4.418336
29,Attention,self_attn.v_proj,40.0,-9.125,0.8538665,4.418336
29,Attention,self_attn.o_proj,3.359375,-3.03125,0.08632472,18.031563
29,MLP,mlp.gate_proj,39.5,-13.625,0.86135375,4.7607017
29,MLP,mlp.up_proj,39.5,-13.625,0.86135375,4.7607017
29,MLP,mlp.down_proj,29.75,-24.625,0.2601834,81.96082
0,Attention,self_attn.q_proj,0.203125,-0.203125,0.021286596,0.09764552
0,Attention,self_attn.k_proj,0.203125,-0.203125,0.021286596,0.09764552
0,Attention,self_attn.v_proj,0.203125,-0.203125,0.021286596,0.09764552
0,Attention,self_attn.o_proj,0.41015625,-0.40234375,0.0037220265,197.13054
0,MLP,mlp.gate_proj,0.7109375,-0.41796875,0.017887378,27.195776
0,MLP,mlp.up_proj,0.7109375,-0.41796875,0.017887378,27.195776
0,MLP,mlp.down_proj,0.10839844,-0.034179688,0.00019195829,2290.6428
1,Attention,self_attn.q_proj,1.1484375,-0.984375,0.031791605,16.573957
1,Attention,self_attn.k_proj,1.1484375,-0.984375,0.031791605,16.573957
1,Attention,self_attn.v_proj,1.1484375,-0.984375,0.031791605,16.573957
1,Attention,self_attn.o_proj,0.40234375,-0.40039062,0.005656472,39.78379
1,MLP,mlp.gate_proj,1.2421875,-1.0390625,0.035748914,14.245758
1,MLP,mlp.up_proj,1.2421875,-1.0390625,0.035748914,14.245758
1,MLP,mlp.down_proj,0.55859375,-0.17480469,0.00051546475,21301.54
2,Attention,self_attn.q_proj,1.40625,-1.578125,0.049437758,9.97315
2,Attention,self_attn.k_proj,1.40625,-1.578125,0.049437758,9.97315
2,Attention,self_attn.v_proj,1.40625,-1.578125,0.049437758,9.97315
2,Attention,self_attn.o_proj,0.5546875,-1.3984375,0.007346974,534.9092
2,MLP,mlp.gate_proj,1.484375,-1.7578125,0.05545264,8.414322
2,MLP,mlp.up_proj,1.484375,-1.7578125,0.05545264,8.414322
2,MLP,mlp.down_proj,0.2734375,-2.09375,0.001020481,186502.5
3,Attention,self_attn.q_proj,3.140625,-2.359375,0.070805386,7.743985
3,Attention,self_attn.k_proj,3.140625,-2.359375,0.070805386,7.743985
3,Attention,self_attn.v_proj,3.140625,-2.359375,0.070805386,7.743985
3,Attention,self_attn.o_proj,0.953125,-2.078125,0.01007584,899.25037
3,MLP,mlp.gate_proj,3.34375,-2.59375,0.077559754,7.1980276
3,MLP,mlp.up_proj,3.34375,-2.59375,0.077559754,7.1980276
3,MLP,mlp.down_proj,0.6953125,-0.3984375,0.0019514622,1381.4913
4,Attention,self_attn.q_proj,3.5625,-2.796875,0.09834545,6.219208
4,Attention,self_attn.k_proj,3.5625,-2.796875,0.09834545,6.219208
4,Attention,self_attn.v_proj,3.5625,-2.796875,0.09834545,6.219208
4,Attention,self_attn.o_proj,1.15625,-0.890625,0.01311754,118.85893
4,MLP,mlp.gate_proj,3.828125,-2.96875,0.108252175,5.543433
4,MLP,mlp.up_proj,3.828125,-2.96875,0.108252175,5.543433
4,MLP,mlp.down_proj,0.59765625,-1.328125,0.0034242875,873.44867
5,Attention,self_attn.q_proj,4.125,-3.03125,0.1249364,4.2720423
5,Attention,self_attn.k_proj,4.125,-3.03125,0.1249364,4.2720423
5,Attention,self_attn.v_proj,4.125,-3.03125,0.1249364,4.2720423
5,Attention,self_attn.o_proj,1.3828125,-1.578125,0.024808934,31.175575
5,MLP,mlp.gate_proj,4.15625,-2.984375,0.13530022,4.5726724
5,MLP,mlp.up_proj,4.15625,-2.984375,0.13530022,4.5726724
5,MLP,mlp.down_proj,1.6328125,-1.8125,0.0068818643,351.86166
6,Attention,self_attn.q_proj,4.875,-3.34375,0.15686178,4.9858212
6,Attention,self_attn.k_proj,4.875,-3.34375,0.15686178,4.9858212
6,Attention,self_attn.v_proj,4.875,-3.34375,0.15686178,4.9858212
6,Attention,self_attn.o_proj,1.1484375,-1.328125,0.045700327,12.432492
6,MLP,mlp.gate_proj,5.3125,-3.703125,0.17552806,5.2795115
6,MLP,mlp.up_proj,5.3125,-3.703125,0.17552806,5.2795115
6,MLP,mlp.down_proj,2.4375,-2.78125,0.01099265,320.43774
7,Attention,self_attn.q_proj,5.875,-4.0625,0.19004956,5.3459387
7,Attention,self_attn.k_proj,5.875,-4.0625,0.19004956,5.3459387
7,Attention,self_attn.v_proj,5.875,-4.0625,0.19004956,5.3459387
7,Attention,self_attn.o_proj,1.703125,-1.8046875,0.050141063,11.09448
7,MLP,mlp.gate_proj,6.0625,-4.25,0.21061543,4.937389
7,MLP,mlp.up_proj,6.0625,-4.25,0.21061543,4.937389
7,MLP,mlp.down_proj,2.46875,-2.828125,0.016901774,174.46423
8,Attention,self_attn.q_proj,8.0625,-4.5,0.214931,6.839938
8,Attention,self_attn.k_proj,8.0625,-4.5,0.214931,6.839938
8,Attention,self_attn.v_proj,8.0625,-4.5,0.214931,6.839938
8,Attention,self_attn.o_proj,1.6953125,-1.8671875,0.062409587,8.944399
8,MLP,mlp.gate_proj,9.4375,-4.71875,0.22809455,8.024233
8,MLP,mlp.up_proj,9.4375,-4.71875,0.22809455,8.024233
8,MLP,mlp.down_proj,1.71875,-8.0625,0.017569443,2327.0105
9,Attention,self_attn.q_proj,17.75,-4.875,0.23356023,27.232151
9,Attention,self_attn.k_proj,17.75,-4.875,0.23356023,27.232151
9,Attention,self_attn.v_proj,17.75,-4.875,0.23356023,27.232151
9,Attention,self_attn.o_proj,1.859375,-1.8984375,0.06480988,8.487919
9,MLP,mlp.gate_proj,26.25,-5.03125,0.25489253,79.79299
9,MLP,mlp.up_proj,26.25,-5.03125,0.25489253,79.79299
9,MLP,mlp.down_proj,17.125,-3.234375,0.021681048,16659.09
10,Attention,self_attn.q_proj,41.75,-5.125,0.253014,451.35757
10,Attention,self_attn.k_proj,41.75,-5.125,0.253014,451.35757
10,Attention,self_attn.v_proj,41.75,-5.125,0.253014,451.35757
10,Attention,self_attn.o_proj,2.25,-1.8359375,0.06419217,9.348406
10,MLP,mlp.gate_proj,46.25,-5.21875,0.27018973,541.70935
10,MLP,mlp.up_proj,46.25,-5.21875,0.27018973,541.70935
10,MLP,mlp.down_proj,1.8359375,-43.25,0.023879135,212296.77
11,Attention,self_attn.q_proj,60.25,-6.03125,0.26457384,1431.6938
11,Attention,self_attn.k_proj,60.25,-6.03125,0.26457384,1431.6938
11,Attention,self_attn.v_proj,60.25,-6.03125,0.26457384,1431.6938
11,Attention,self_attn.o_proj,1.9296875,-2.15625,0.09159848,10.294896
11,MLP,mlp.gate_proj,60.5,-6.03125,0.28101617,1200.6871
11,MLP,mlp.up_proj,60.5,-6.03125,0.28101617,1200.6871
11,MLP,mlp.down_proj,11.375,-15.8125,0.023372319,12987.249
12,Attention,self_attn.q_proj,63.0,-6.46875,0.27652887,1434.956
12,Attention,self_attn.k_proj,63.0,-6.46875,0.27652887,1434.956
12,Attention,self_attn.v_proj,63.0,-6.46875,0.27652887,1434.956
12,Attention,self_attn.o_proj,3.78125,-4.5,0.07067038,18.636257
12,MLP,mlp.gate_proj,63.25,-6.53125,0.2968531,1145.5433
12,MLP,mlp.up_proj,63.25,-6.53125,0.2968531,1145.5433
12,MLP,mlp.down_proj,6.75,-15.0,0.02647917,9498.469
13,Attention,self_attn.q_proj,68.0,-7.21875,0.29394144,1406.0648
13,Attention,self_attn.k_proj,68.0,-7.21875,0.29394144,1406.0648
13,Attention,self_attn.v_proj,68.0,-7.21875,0.29394144,1406.0648
13,Attention,self_attn.o_proj,21.125,-14.0625,0.14894421,183.31476
13,MLP,mlp.gate_proj,67.5,-7.125,0.30638444,1200.6317
13,MLP,mlp.up_proj,67.5,-7.125,0.30638444,1200.6317
13,MLP,mlp.down_proj,19.375,-18.125,0.028454207,15822.68
14,Attention,self_attn.q_proj,69.5,-7.71875,0.2987029,1389.2036
14,Attention,self_attn.k_proj,69.5,-7.71875,0.2987029,1389.2036
14,Attention,self_attn.v_proj,69.5,-7.71875,0.2987029,1389.2036
14,Attention,self_attn.o_proj,4.53125,-7.40625,0.11434134,13.801685
14,MLP,mlp.gate_proj,69.5,-7.78125,0.32207906,1094.2026
14,MLP,mlp.up_proj,69.5,-7.78125,0.32207906,1094.2026
14,MLP,mlp.down_proj,6.34375,-5.65625,0.029478922,277.38513
15,Attention,self_attn.q_proj,70.0,-8.0625,0.3143498,1206.236
15,Attention,self_attn.k_proj,70.0,-8.0625,0.3143498,1206.236
15,Attention,self_attn.v_proj,70.0,-8.0625,0.3143498,1206.236
15,Attention,self_attn.o_proj,8.375,-5.28125,0.085822396,76.94714
15,MLP,mlp.gate_proj,70.0,-8.125,0.3327423,1003.98456
15,MLP,mlp.up_proj,70.0,-8.125,0.3327423,1003.98456
15,MLP,mlp.down_proj,8.5625,-7.125,0.030556165,820.60046
16,Attention,self_attn.q_proj,70.0,-8.125,0.32750654,1051.3813
16,Attention,self_attn.k_proj,70.0,-8.125,0.32750654,1051.3813
16,Attention,self_attn.v_proj,70.0,-8.125,0.32750654,1051.3813
16,Attention,self_attn.o_proj,6.84375,-4.59375,0.07303138,30.110249
16,MLP,mlp.gate_proj,70.0,-8.1875,0.34954807,855.7486
16,MLP,mlp.up_proj,70.0,-8.1875,0.34954807,855.7486
16,MLP,mlp.down_proj,13.4375,-36.5,0.032615155,44461.883
17,Attention,self_attn.q_proj,70.0,-8.5,0.34674603,864.178
17,Attention,self_attn.k_proj,70.0,-8.5,0.34674603,864.178
17,Attention,self_attn.v_proj,70.0,-8.5,0.34674603,864.178
17,Attention,self_attn.o_proj,25.375,-2.171875,0.072959736,2919.0525
17,MLP,mlp.gate_proj,70.0,-8.5,0.35399166,805.6671
17,MLP,mlp.up_proj,70.0,-8.5,0.35399166,805.6671
17,MLP,mlp.down_proj,43.75,-4.90625,0.03241238,66402.46
18,Attention,self_attn.q_proj,70.0,-8.3125,0.35487634,789.18713
18,Attention,self_attn.k_proj,70.0,-8.3125,0.35487634,789.18713
18,Attention,self_attn.v_proj,70.0,-8.3125,0.35487634,789.18713
18,Attention,self_attn.o_proj,4.5,-3.8125,0.09186142,15.726725
18,MLP,mlp.gate_proj,70.0,-8.3125,0.37985805,630.4584
18,MLP,mlp.up_proj,70.0,-8.3125,0.37985805,630.4584
18,MLP,mlp.down_proj,22.5,-6.125,0.038529195,7510.627
19,Attention,self_attn.q_proj,70.0,-8.1875,0.38243434,606.695
19,Attention,self_attn.k_proj,70.0,-8.1875,0.38243434,606.695
19,Attention,self_attn.v_proj,70.0,-8.1875,0.38243434,606.695
19,Attention,self_attn.o_proj,5.90625,-11.8125,0.11031302,109.829735
19,MLP,mlp.gate_proj,70.0,-8.3125,0.4035464,502.15237
19,MLP,mlp.up_proj,70.0,-8.3125,0.4035464,502.15237
19,MLP,mlp.down_proj,6.3125,-26.625,0.0447552,8049.9033
20,Attention,self_attn.q_proj,69.5,-8.3125,0.41171744,451.48395
20,Attention,self_attn.k_proj,69.5,-8.3125,0.41171744,451.48395
20,Attention,self_attn.v_proj,69.5,-8.3125,0.41171744,451.48395
20,Attention,self_attn.o_proj,4.59375,-10.25,0.11819673,37.301147
20,MLP,mlp.gate_proj,69.5,-8.5,0.42907232,383.8507
20,MLP,mlp.up_proj,69.5,-8.5,0.42907232,383.8507
20,MLP,mlp.down_proj,5.09375,-8.0625,0.049810704,158.86116
21,Attention,self_attn.q_proj,66.5,-8.5625,0.44087285,291.25122
21,Attention,self_attn.k_proj,66.5,-8.5625,0.44087285,291.25122
21,Attention,self_attn.v_proj,66.5,-8.5625,0.44087285,291.25122
21,Attention,self_attn.o_proj,7.5,-5.375,0.11187772,54.00668
21,MLP,mlp.gate_proj,66.0,-8.5,0.45896277,247.23035
21,MLP,mlp.up_proj,66.0,-8.5,0.45896277,247.23035
21,MLP,mlp.down_proj,10.3125,-6.34375,0.058383133,135.78308
22,Attention,self_attn.q_proj,61.0,-9.0,0.4706464,164.26108
22,Attention,self_attn.k_proj,61.0,-9.0,0.4706464,164.26108
22,Attention,self_attn.v_proj,61.0,-9.0,0.4706464,164.26108
22,Attention,self_attn.o_proj,4.96875,-4.0,0.122532465,11.92576
22,MLP,mlp.gate_proj,60.5,-9.1875,0.49087703,137.20294
22,MLP,mlp.up_proj,60.5,-9.1875,0.49087703,137.20294
22,MLP,mlp.down_proj,18.0,-11.0,0.06855987,533.0549
23,Attention,self_attn.q_proj,53.25,-9.4375,0.49662653,77.132225
23,Attention,self_attn.k_proj,53.25,-9.4375,0.49662653,77.132225
23,Attention,self_attn.v_proj,53.25,-9.4375,0.49662653,77.132225
23,Attention,self_attn.o_proj,4.25,-7.78125,0.1704903,8.50715
23,MLP,mlp.gate_proj,52.75,-9.75,0.5185769,63.479065
23,MLP,mlp.up_proj,52.75,-9.75,0.5185769,63.479065
23,MLP,mlp.down_proj,19.375,-12.5625,0.08235568,269.9132
24,Attention,self_attn.q_proj,48.0,-9.375,0.5392311,36.048336
24,Attention,self_attn.k_proj,48.0,-9.375,0.5392311,36.048336
24,Attention,self_attn.v_proj,48.0,-9.375,0.5392311,36.048336
24,Attention,self_attn.o_proj,6.65625,-9.375,0.09328039,60.50895
24,MLP,mlp.gate_proj,47.75,-9.875,0.5761271,28.154991
24,MLP,mlp.up_proj,47.75,-9.875,0.5761271,28.154991
24,MLP,mlp.down_proj,32.0,-23.0,0.0910737,1017.46674
25,Attention,self_attn.q_proj,45.5,-10.4375,0.60696757,19.70629
25,Attention,self_attn.k_proj,45.5,-10.4375,0.60696757,19.70629
25,Attention,self_attn.v_proj,45.5,-10.4375,0.60696757,19.70629
25,Attention,self_attn.o_proj,4.75,-5.6875,0.09321546,26.240145
25,MLP,mlp.gate_proj,45.25,-10.6875,0.62773544,17.184156
25,MLP,mlp.up_proj,45.25,-10.6875,0.62773544,17.184156
25,MLP,mlp.down_proj,35.5,-25.5,0.10099878,644.7811
26,Attention,self_attn.q_proj,43.5,-10.9375,0.6747583,11.565465
26,Attention,self_attn.k_proj,43.5,-10.9375,0.6747583,11.565465
26,Attention,self_attn.v_proj,43.5,-10.9375,0.6747583,11.565465
26,Attention,self_attn.o_proj,3.578125,-2.359375,0.08256999,18.26436
26,MLP,mlp.gate_proj,43.5,-11.1875,0.6915214,10.509032
26,MLP,mlp.up_proj,43.5,-11.1875,0.6915214,10.509032
26,MLP,mlp.down_proj,26.75,-40.25,0.11976927,680.3506
27,Attention,self_attn.q_proj,41.75,-11.0625,0.7374998,7.324996
27,Attention,self_attn.k_proj,41.75,-11.0625,0.7374998,7.324996
27,Attention,self_attn.v_proj,41.75,-11.0625,0.7374998,7.324996
27,Attention,self_attn.o_proj,3.484375,-3.1875,0.08067962,21.597292
27,MLP,mlp.gate_proj,41.75,-11.0625,0.7644759,6.325055
27,MLP,mlp.up_proj,41.75,-11.0625,0.7644759,6.325055
27,MLP,mlp.down_proj,58.75,-68.5,0.14808087,1675.4115
28,Attention,self_attn.q_proj,41.0,-10.4375,0.80692214,4.8916826
28,Attention,self_attn.k_proj,41.0,-10.4375,0.80692214,4.8916826
28,Attention,self_attn.v_proj,41.0,-10.4375,0.80692214,4.8916826
28,Attention,self_attn.o_proj,4.1875,-3.671875,0.11321391,16.960508
28,MLP,mlp.gate_proj,41.0,-10.1875,0.838224,4.311463
28,MLP,mlp.up_proj,41.0,-10.1875,0.838224,4.311463
28,MLP,mlp.down_proj,115.0,-132.0,0.2821739,1566.4213
29,Attention,self_attn.q_proj,39.0,-11.3125,0.86144227,4.1421065
29,Attention,self_attn.k_proj,39.0,-11.3125,0.86144227,4.1421065
29,Attention,self_attn.v_proj,39.0,-11.3125,0.86144227,4.1421065
29,Attention,self_attn.o_proj,3.453125,-2.59375,0.08904885,16.497017
29,MLP,mlp.gate_proj,38.5,-14.5,0.869559,5.2408533
29,MLP,mlp.up_proj,38.5,-14.5,0.869559,5.2408533
29,MLP,mlp.down_proj,30.125,-36.0,0.26443648,113.957924
0,Attention,self_attn.q_proj,0.203125,-0.20800781,0.02151855,0.19162345
0,Attention,self_attn.k_proj,0.203125,-0.20800781,0.02151855,0.19162345
0,Attention,self_attn.v_proj,0.203125,-0.20800781,0.02151855,0.19162345
0,Attention,self_attn.o_proj,0.40429688,-0.40234375,0.003709667,176.23717
0,MLP,mlp.gate_proj,0.62890625,-0.41796875,0.017929496,22.623634
0,MLP,mlp.up_proj,0.62890625,-0.41796875,0.017929496,22.623634
0,MLP,mlp.down_proj,0.10839844,-0.034423828,0.00019923523,2006.5726
1,Attention,self_attn.q_proj,1.203125,-0.9765625,0.03216061,16.649103
1,Attention,self_attn.k_proj,1.203125,-0.9765625,0.03216061,16.649103
1,Attention,self_attn.v_proj,1.203125,-0.9765625,0.03216061,16.649103
1,Attention,self_attn.o_proj,0.51953125,-0.40039062,0.00591177,50.237537
1,MLP,mlp.gate_proj,1.2734375,-1.0390625,0.036310736,14.353149
1,MLP,mlp.up_proj,1.2734375,-1.0390625,0.036310736,14.353149
1,MLP,mlp.down_proj,0.55859375,-0.1640625,0.00055190374,16352.514
2,Attention,self_attn.q_proj,1.484375,-1.578125,0.05064483,9.644424
2,Attention,self_attn.k_proj,1.484375,-1.578125,0.05064483,9.644424
2,Attention,self_attn.v_proj,1.484375,-1.578125,0.05064483,9.644424
2,Attention,self_attn.o_proj,0.65625,-1.3984375,0.0076250047,493.20084
2,MLP,mlp.gate_proj,1.5234375,-1.7578125,0.056757122,8.219259
2,MLP,mlp.up_proj,1.5234375,-1.7578125,0.056757122,8.219259
2,MLP,mlp.down_proj,0.29492188,-2.09375,0.0010916766,151385.53
3,Attention,self_attn.q_proj,3.140625,-2.359375,0.07235142,7.319338
3,Attention,self_attn.k_proj,3.140625,-2.359375,0.07235142,7.319338
3,Attention,self_attn.v_proj,3.140625,-2.359375,0.07235142,7.319338
3,Attention,self_attn.o_proj,0.953125,-2.078125,0.009686358,998.8929
3,MLP,mlp.gate_proj,3.34375,-2.59375,0.078757,6.957694
3,MLP,mlp.up_proj,3.34375,-2.59375,0.078757,6.957694
3,MLP,mlp.down_proj,0.6953125,-0.46289062,0.0020409296,1136.4832
4,Attention,self_attn.q_proj,3.5625,-2.796875,0.09954864,5.873905
4,Attention,self_attn.k_proj,3.5625,-2.796875,0.09954864,5.873905
4,Attention,self_attn.v_proj,3.5625,-2.796875,0.09954864,5.873905
4,Attention,self_attn.o_proj,1.15625,-0.890625,0.0136568295,105.91933
4,MLP,mlp.gate_proj,3.828125,-2.96875,0.109930225,5.270603
4,MLP,mlp.up_proj,3.828125,-2.96875,0.109930225,5.270603
4,MLP,mlp.down_proj,0.49609375,-1.328125,0.0035674141,792.86487
5,Attention,self_attn.q_proj,4.125,-3.03125,0.12753081,4.0348244
5,Attention,self_attn.k_proj,4.125,-3.03125,0.12753081,4.0348244
5,Attention,self_attn.v_proj,4.125,-3.03125,0.12753081,4.0348244
5,Attention,self_attn.o_proj,1.3828125,-1.578125,0.025377449,30.626003
5,MLP,mlp.gate_proj,4.15625,-2.984375,0.1373708,4.3480043
5,MLP,mlp.up_proj,4.15625,-2.984375,0.1373708,4.3480043
5,MLP,mlp.down_proj,0.98828125,-1.8125,0.0071267914,290.12766
6,Attention,self_attn.q_proj,4.875,-3.21875,0.16026479,4.549516
6,Attention,self_attn.k_proj,4.875,-3.21875,0.16026479,4.549516
6,Attention,self_attn.v_proj,4.875,-3.21875,0.16026479,4.549516
6,Attention,self_attn.o_proj,1.609375,-1.3671875,0.04537701,11.685612
6,MLP,mlp.gate_proj,5.3125,-3.53125,0.17921583,5.0599146
6,MLP,mlp.up_proj,5.3125,-3.53125,0.17921583,5.0599146
6,MLP,mlp.down_proj,2.453125,-1.703125,0.01144335,203.69485
7,Attention,self_attn.q_proj,5.875,-3.96875,0.19429952,4.9182134
7,Attention,self_attn.k_proj,5.875,-3.96875,0.19429952,4.9182134
7,Attention,self_attn.v_proj,5.875,-3.96875,0.19429952,4.9182134
7,Attention,self_attn.o_proj,1.7109375,-1.765625,0.049297366,12.0331
7,MLP,mlp.gate_proj,6.0625,-4.1875,0.21423659,4.719872
7,MLP,mlp.up_proj,6.0625,-4.1875,0.21423659,4.719872
7,MLP,mlp.down_proj,3.359375,-3.109375,0.017585436,200.00311
8,Attention,self_attn.q_proj,8.375,-4.59375,0.22064522,6.501705
8,Attention,self_attn.k_proj,8.375,-4.59375,0.22064522,6.501705
8,Attention,self_attn.v_proj,8.375,-4.59375,0.22064522,6.501705
8,Attention,self_attn.o_proj,1.9765625,-1.8671875,0.062227443,10.793993
8,MLP,mlp.gate_proj,9.6875,-4.8125,0.23307917,7.9036818
8,MLP,mlp.up_proj,9.6875,-4.8125,0.23307917,7.9036818
8,MLP,mlp.down_proj,2.015625,-12.5,0.018230855,6735.3525
9,Attention,self_attn.q_proj,17.875,-5.0,0.23884048,27.004177
9,Attention,self_attn.k_proj,17.875,-5.0,0.23884048,27.004177
9,Attention,self_attn.v_proj,17.875,-5.0,0.23884048,27.004177
9,Attention,self_attn.o_proj,1.859375,-1.890625,0.06408037,9.673675
9,MLP,mlp.gate_proj,26.25,-5.15625,0.25790513,82.67005
9,MLP,mlp.up_proj,26.25,-5.15625,0.25790513,82.67005
9,MLP,mlp.down_proj,17.125,-2.453125,0.022215754,15786.792
10,Attention,self_attn.q_proj,41.5,-5.34375,0.25759616,442.60693
10,Attention,self_attn.k_proj,41.5,-5.34375,0.25759616,442.60693
10,Attention,self_attn.v_proj,41.5,-5.34375,0.25759616,442.60693
10,Attention,self_attn.o_proj,2.1875,-1.734375,0.06429268,12.821321
10,MLP,mlp.gate_proj,46.0,-5.5,0.274167,542.92303
10,MLP,mlp.up_proj,46.0,-5.5,0.274167,542.92303
10,MLP,mlp.down_proj,3.296875,-43.25,0.024578981,191356.69
11,Attention,self_attn.q_proj,59.5,-6.0,0.26991573,1383.3594
11,Attention,self_attn.k_proj,59.5,-6.0,0.26991573,1383.3594
11,Attention,self_attn.v_proj,59.5,-6.0,0.26991573,1383.3594
11,Attention,self_attn.o_proj,1.9453125,-2.484375,0.091533124,10.166486
11,MLP,mlp.gate_proj,60.5,-6.0625,0.28461593,1199.462
11,MLP,mlp.up_proj,60.5,-6.0625,0.28461593,1199.462
11,MLP,mlp.down_proj,11.375,-15.8125,0.02390048,10404.445
12,Attention,self_attn.q_proj,63.25,-6.53125,0.2815786,1419.4551
12,Attention,self_attn.k_proj,63.25,-6.53125,0.2815786,1419.4551
12,Attention,self_attn.v_proj,63.25,-6.53125,0.2815786,1419.4551
12,Attention,self_attn.o_proj,3.5,-4.46875,0.07049623,22.043428
12,MLP,mlp.gate_proj,63.5,-6.59375,0.30016077,1161.8442
12,MLP,mlp.up_proj,63.5,-6.59375,0.30016077,1161.8442
12,MLP,mlp.down_proj,7.15625,-15.9375,0.027271278,11062.314
13,Attention,self_attn.q_proj,68.0,-7.3125,0.29693434,1468.8256
13,Attention,self_attn.k_proj,68.0,-7.3125,0.29693434,1468.8256
13,Attention,self_attn.v_proj,68.0,-7.3125,0.29693434,1468.8256
13,Attention,self_attn.o_proj,21.0,-12.5,0.14483283,227.7722
13,MLP,mlp.gate_proj,67.5,-7.21875,0.3077466,1275.5533
13,MLP,mlp.up_proj,67.5,-7.21875,0.3077466,1275.5533
13,MLP,mlp.down_proj,19.75,-18.125,0.028789869,15046.764
14,Attention,self_attn.q_proj,69.5,-7.75,0.30283716,1442.6008
14,Attention,self_attn.k_proj,69.5,-7.75,0.30283716,1442.6008
14,Attention,self_attn.v_proj,69.5,-7.75,0.30283716,1442.6008
14,Attention,self_attn.o_proj,4.5625,-7.34375,0.11170462,16.723028
14,MLP,mlp.gate_proj,69.5,-7.84375,0.32416952,1166.1301
14,MLP,mlp.up_proj,69.5,-7.84375,0.32416952,1166.1301
14,MLP,mlp.down_proj,6.40625,-5.5625,0.029973853,264.62222
15,Attention,self_attn.q_proj,70.0,-8.125,0.31746766,1264.3103
15,Attention,self_attn.k_proj,70.0,-8.125,0.31746766,1264.3103
15,Attention,self_attn.v_proj,70.0,-8.125,0.31746766,1264.3103
15,Attention,self_attn.o_proj,8.8125,-5.59375,0.083256125,86.879196
15,MLP,mlp.gate_proj,70.0,-8.1875,0.33417425,1072.2428
15,MLP,mlp.up_proj,70.0,-8.1875,0.33417425,1072.2428
15,MLP,mlp.down_proj,8.5625,-7.59375,0.03134431,864.77203
16,Attention,self_attn.q_proj,70.5,-8.25,0.33005193,1108.1522
16,Attention,self_attn.k_proj,70.5,-8.25,0.33005193,1108.1522
16,Attention,self_attn.v_proj,70.5,-8.25,0.33005193,1108.1522
16,Attention,self_attn.o_proj,5.65625,-4.71875,0.06995822,35.23503
16,MLP,mlp.gate_proj,70.5,-8.25,0.35043904,919.54205
16,MLP,mlp.up_proj,70.5,-8.25,0.35043904,919.54205
16,MLP,mlp.down_proj,13.875,-36.5,0.03351259,43168.914
17,Attention,self_attn.q_proj,70.5,-8.5625,0.34955353,911.9208
17,Attention,self_attn.k_proj,70.5,-8.5625,0.34955353,911.9208
17,Attention,self_attn.v_proj,70.5,-8.5625,0.34955353,911.9208
17,Attention,self_attn.o_proj,25.5,-2.21875,0.069755666,3743.6204
17,MLP,mlp.gate_proj,70.5,-8.5625,0.35685164,851.4713
17,MLP,mlp.up_proj,70.5,-8.5625,0.35685164,851.4713
17,MLP,mlp.down_proj,43.75,-4.3125,0.03335388,61635.242
18,Attention,self_attn.q_proj,70.5,-8.375,0.35841912,827.9902
18,Attention,self_attn.k_proj,70.5,-8.375,0.35841912,827.9902
18,Attention,self_attn.v_proj,70.5,-8.375,0.35841912,827.9902
18,Attention,self_attn.o_proj,4.78125,-4.0625,0.08942151,18.15941
18,MLP,mlp.gate_proj,70.5,-8.375,0.381743,671.9605
18,MLP,mlp.up_proj,70.5,-8.375,0.381743,671.9605
18,MLP,mlp.down_proj,22.625,-6.46875,0.039682433,7458.7554
19,Attention,self_attn.q_proj,70.5,-8.25,0.38625747,636.42566
19,Attention,self_attn.k_proj,70.5,-8.25,0.38625747,636.42566
19,Attention,self_attn.v_proj,70.5,-8.25,0.38625747,636.42566
19,Attention,self_attn.o_proj,5.8125,-11.75,0.113700874,114.50454
19,MLP,mlp.gate_proj,70.5,-8.1875,0.4102583,514.2208
19,MLP,mlp.up_proj,70.5,-8.1875,0.4102583,514.2208
19,MLP,mlp.down_proj,6.125,-26.625,0.046520982,6878.2236
20,Attention,self_attn.q_proj,70.0,-8.0625,0.4180219,465.06723
20,Attention,self_attn.k_proj,70.0,-8.0625,0.4180219,465.06723
20,Attention,self_attn.v_proj,70.0,-8.0625,0.4180219,465.06723
20,Attention,self_attn.o_proj,4.65625,-10.375,0.11279022,48.0069
20,MLP,mlp.gate_proj,70.0,-8.0625,0.43318304,403.02005
20,MLP,mlp.up_proj,70.0,-8.0625,0.43318304,403.02005
20,MLP,mlp.down_proj,7.5625,-8.4375,0.05168828,178.32478
21,Attention,self_attn.q_proj,67.0,-7.96875,0.4441107,309.57034
21,Attention,self_attn.k_proj,67.0,-7.96875,0.4441107,309.57034
21,Attention,self_attn.v_proj,67.0,-7.96875,0.4441107,309.57034
21,Attention,self_attn.o_proj,7.53125,-5.25,0.103872545,72.09796
21,MLP,mlp.gate_proj,66.5,-8.0,0.4602456,266.97916
21,MLP,mlp.up_proj,66.5,-8.0,0.4602456,266.97916
21,MLP,mlp.down_proj,9.0625,-7.1875,0.0597036,133.14203
22,Attention,self_attn.q_proj,61.25,-8.0,0.47226915,177.79309
22,Attention,self_attn.k_proj,61.25,-8.0,0.47226915,177.79309
22,Attention,self_attn.v_proj,61.25,-8.0,0.47226915,177.79309
22,Attention,self_attn.o_proj,4.96875,-4.03125,0.12105198,13.717085
22,MLP,mlp.gate_proj,60.75,-8.0625,0.49100885,149.59544
22,MLP,mlp.up_proj,60.75,-8.0625,0.49100885,149.59544
22,MLP,mlp.down_proj,18.25,-11.5,0.06996477,534.7006
23,Attention,self_attn.q_proj,53.75,-7.90625,0.49905547,82.77354
23,Attention,self_attn.k_proj,53.75,-7.90625,0.49905547,82.77354
23,Attention,self_attn.v_proj,53.75,-7.90625,0.49905547,82.77354
23,Attention,self_attn.o_proj,4.21875,-7.75,0.16529967,9.251777
23,MLP,mlp.gate_proj,53.25,-8.125,0.51892215,68.91079
23,MLP,mlp.up_proj,53.25,-8.125,0.51892215,68.91079
23,MLP,mlp.down_proj,14.9375,-19.25,0.08479614,262.4412
24,Attention,self_attn.q_proj,48.25,-8.5625,0.5415218,38.609592
24,Attention,self_attn.k_proj,48.25,-8.5625,0.5415218,38.609592
24,Attention,self_attn.v_proj,48.25,-8.5625,0.5415218,38.609592
24,Attention,self_attn.o_proj,6.65625,-9.375,0.08861318,69.87571
24,MLP,mlp.gate_proj,48.0,-8.9375,0.5733998,31.121532
24,MLP,mlp.up_proj,48.0,-8.9375,0.5733998,31.121532
24,MLP,mlp.down_proj,29.25,-25.0,0.09521774,838.8502
25,Attention,self_attn.q_proj,45.75,-9.4375,0.6092022,21.108938
25,Attention,self_attn.k_proj,45.75,-9.4375,0.6092022,21.108938
25,Attention,self_attn.v_proj,45.75,-9.4375,0.6092022,21.108938
25,Attention,self_attn.o_proj,4.5,-5.5,0.08577046,29.863598
25,MLP,mlp.gate_proj,45.5,-9.4375,0.6296856,18.501823
25,MLP,mlp.up_proj,45.5,-9.4375,0.6296856,18.501823
25,MLP,mlp.down_proj,26.5,-23.25,0.10611357,482.4477
26,Attention,self_attn.q_proj,43.75,-9.625,0.67503107,12.592709
26,Attention,self_attn.k_proj,43.75,-9.625,0.67503107,12.592709
26,Attention,self_attn.v_proj,43.75,-9.625,0.67503107,12.592709
26,Attention,self_attn.o_proj,3.59375,-3.359375,0.08297008,18.478447
26,MLP,mlp.gate_proj,43.75,-9.9375,0.6941758,11.399792
26,MLP,mlp.up_proj,43.75,-9.9375,0.6941758,11.399792
26,MLP,mlp.down_proj,31.875,-40.0,0.12656112,628.56635
27,Attention,self_attn.q_proj,42.0,-10.125,0.74883294,7.6397104
27,Attention,self_attn.k_proj,42.0,-10.125,0.74883294,7.6397104
27,Attention,self_attn.v_proj,42.0,-10.125,0.74883294,7.6397104
27,Attention,self_attn.o_proj,2.796875,-3.40625,0.07424521,22.35897
27,MLP,mlp.gate_proj,42.0,-9.875,0.7706042,6.7973814
27,MLP,mlp.up_proj,42.0,-9.875,0.7706042,6.7973814
27,MLP,mlp.down_proj,69.5,-68.5,0.15578505,1516.8564
28,Attention,self_attn.q_proj,41.25,-9.8125,0.8127307,5.2502356
28,Attention,self_attn.k_proj,41.25,-9.8125,0.8127307,5.2502356
28,Attention,self_attn.v_proj,41.25,-9.8125,0.8127307,5.2502356
28,Attention,self_attn.o_proj,3.96875,-4.84375,0.10560871,17.180584
28,MLP,mlp.gate_proj,41.25,-9.4375,0.84127,4.7241955
28,MLP,mlp.up_proj,41.25,-9.4375,0.84127,4.7241955
28,MLP,mlp.down_proj,142.0,-428.0,0.2813197,24108.434
29,Attention,self_attn.q_proj,39.25,-10.625,0.8694288,5.114337
29,Attention,self_attn.k_proj,39.25,-10.625,0.8694288,5.114337
29,Attention,self_attn.v_proj,39.25,-10.625,0.8694288,5.114337
29,Attention,self_attn.o_proj,3.453125,-2.921875,0.095297895,17.119337
29,MLP,mlp.gate_proj,39.0,-14.125,0.87981534,7.041642
29,MLP,mlp.up_proj,39.0,-14.125,0.87981534,7.041642
29,MLP,mlp.down_proj,34.75,-37.25,0.25828028,108.91509
0,Attention,self_attn.q_proj,0.203125,-0.203125,0.021249618,0.16220832
0,Attention,self_attn.k_proj,0.203125,-0.203125,0.021249618,0.16220832
0,Attention,self_attn.v_proj,0.203125,-0.203125,0.021249618,0.16220832
0,Attention,self_attn.o_proj,0.40820312,-0.40234375,0.0037936904,174.78278
0,MLP,mlp.gate_proj,0.60546875,-0.41796875,0.017470695,24.664
0,MLP,mlp.up_proj,0.60546875,-0.41796875,0.017470695,24.664
0,MLP,mlp.down_proj,0.10839844,-0.030151367,0.00018478849,2401.9636
1,Attention,self_attn.q_proj,1.171875,-0.9765625,0.030857123,18.099691
1,Attention,self_attn.k_proj,1.171875,-0.9765625,0.030857123,18.099691
1,Attention,self_attn.v_proj,1.171875,-0.9765625,0.030857123,18.099691
1,Attention,self_attn.o_proj,0.5078125,-0.40039062,0.0058926893,49.83819
1,MLP,mlp.gate_proj,1.2265625,-1.0390625,0.035212472,15.362194
1,MLP,mlp.up_proj,1.2265625,-1.0390625,0.035212472,15.362194
1,MLP,mlp.down_proj,0.55859375,-0.18359375,0.00052248134,19676.576
2,Attention,self_attn.q_proj,1.421875,-1.578125,0.048578538,10.362498
2,Attention,self_attn.k_proj,1.421875,-1.578125,0.048578538,10.362498
2,Attention,self_attn.v_proj,1.421875,-1.578125,0.048578538,10.362498
2,Attention,self_attn.o_proj,0.6171875,-1.3984375,0.0076604495,442.96692
2,MLP,mlp.gate_proj,1.484375,-1.7578125,0.054982428,8.602961
2,MLP,mlp.up_proj,1.484375,-1.7578125,0.054982428,8.602961
2,MLP,mlp.down_proj,0.3515625,-2.09375,0.0010396247,173929.75
3,Attention,self_attn.q_proj,3.140625,-2.359375,0.06987714,7.8054886
3,Attention,self_attn.k_proj,3.140625,-2.359375,0.06987714,7.8054886
3,Attention,self_attn.v_proj,3.140625,-2.359375,0.06987714,7.8054886
3,Attention,self_attn.o_proj,0.953125,-2.078125,0.01015577,900.5223
3,MLP,mlp.gate_proj,3.34375,-2.59375,0.07697941,7.1333704
3,MLP,mlp.up_proj,3.34375,-2.59375,0.07697941,7.1333704
3,MLP,mlp.down_proj,0.6953125,-0.6328125,0.0019739368,1321.573
4,Attention,self_attn.q_proj,3.5625,-2.796875,0.097458705,5.869158
4,Attention,self_attn.k_proj,3.5625,-2.796875,0.097458705,5.869158
4,Attention,self_attn.v_proj,3.5625,-2.796875,0.097458705,5.869158
4,Attention,self_attn.o_proj,1.15625,-0.890625,0.013759195,100.7326
4,MLP,mlp.gate_proj,3.828125,-2.96875,0.10748497,5.294794
4,MLP,mlp.up_proj,3.828125,-2.96875,0.10748497,5.294794
4,MLP,mlp.down_proj,0.515625,-1.328125,0.003460446,856.5119
5,Attention,self_attn.q_proj,4.125,-3.03125,0.12361272,4.162087
5,Attention,self_attn.k_proj,4.125,-3.03125,0.12361272,4.162087
5,Attention,self_attn.v_proj,4.125,-3.03125,0.12361272,4.162087
5,Attention,self_attn.o_proj,1.3828125,-1.578125,0.025851633,29.222054
5,MLP,mlp.gate_proj,4.15625,-2.984375,0.13408698,4.452822
5,MLP,mlp.up_proj,4.15625,-2.984375,0.13408698,4.452822
5,MLP,mlp.down_proj,1.296875,-1.8125,0.0069489647,359.04517
6,Attention,self_attn.q_proj,4.875,-3.21875,0.1550414,4.588118
6,Attention,self_attn.k_proj,4.875,-3.21875,0.1550414,4.588118
6,Attention,self_attn.v_proj,4.875,-3.21875,0.1550414,4.588118
6,Attention,self_attn.o_proj,1.3359375,-1.2109375,0.045259606,11.691138
6,MLP,mlp.gate_proj,5.3125,-3.375,0.17434849,5.1992893
6,MLP,mlp.up_proj,5.3125,-3.375,0.17434849,5.1992893
6,MLP,mlp.down_proj,2.609375,-2.3125,0.01104908,343.89233
7,Attention,self_attn.q_proj,5.875,-3.671875,0.18814448,5.091715
7,Attention,self_attn.k_proj,5.875,-3.671875,0.18814448,5.091715
7,Attention,self_attn.v_proj,5.875,-3.671875,0.18814448,5.091715
7,Attention,self_attn.o_proj,1.8125,-1.3515625,0.04969332,10.864657
7,MLP,mlp.gate_proj,6.0625,-3.859375,0.20813996,4.941705
7,MLP,mlp.up_proj,6.0625,-3.859375,0.20813996,4.941705
7,MLP,mlp.down_proj,3.328125,-3.03125,0.016891958,253.33188
8,Attention,self_attn.q_proj,8.125,-4.125,0.21328543,6.8987665
8,Attention,self_attn.k_proj,8.125,-4.125,0.21328543,6.8987665
8,Attention,self_attn.v_proj,8.125,-4.125,0.21328543,6.8987665
8,Attention,self_attn.o_proj,1.7109375,-1.8359375,0.062931016,9.196832
8,MLP,mlp.gate_proj,9.625,-4.46875,0.22721358,8.480568
8,MLP,mlp.up_proj,9.625,-4.46875,0.22721358,8.480568
8,MLP,mlp.down_proj,1.78125,-11.375,0.017642729,6410.4414
9,Attention,self_attn.q_proj,17.75,-4.6875,0.23257983,28.290777
9,Attention,self_attn.k_proj,17.75,-4.6875,0.23257983,28.290777
9,Attention,self_attn.v_proj,17.75,-4.6875,0.23257983,28.290777
9,Attention,self_attn.o_proj,1.9765625,-1.8984375,0.06487222,8.601423
9,MLP,mlp.gate_proj,26.25,-4.90625,0.25206658,82.496155
9,MLP,mlp.up_proj,26.25,-4.90625,0.25206658,82.496155
9,MLP,mlp.down_proj,18.625,-2.46875,0.021677101,23427.56
10,Attention,self_attn.q_proj,41.75,-5.0,0.2506705,483.69388
10,Attention,self_attn.k_proj,41.75,-5.0,0.2506705,483.69388
10,Attention,self_attn.v_proj,41.75,-5.0,0.2506705,483.69388
10,Attention,self_attn.o_proj,1.9375,-1.5703125,0.06358946,9.350073
10,MLP,mlp.gate_proj,46.5,-5.25,0.26729584,586.45306
10,MLP,mlp.up_proj,46.5,-5.25,0.26729584,586.45306
10,MLP,mlp.down_proj,3.25,-44.25,0.023868008,253544.2
11,Attention,self_attn.q_proj,60.0,-6.0625,0.26409367,1568.9985
11,Attention,self_attn.k_proj,60.0,-6.0625,0.26409367,1568.9985
11,Attention,self_attn.v_proj,60.0,-6.0625,0.26409367,1568.9985
11,Attention,self_attn.o_proj,2.3125,-2.390625,0.09255578,9.513979
11,MLP,mlp.gate_proj,61.0,-6.125,0.280508,1328.1396
11,MLP,mlp.up_proj,61.0,-6.125,0.280508,1328.1396
11,MLP,mlp.down_proj,11.4375,-15.9375,0.023548668,12978.605
12,Attention,self_attn.q_proj,63.75,-6.625,0.27792513,1562.6252
12,Attention,self_attn.k_proj,63.75,-6.625,0.27792513,1562.6252
12,Attention,self_attn.v_proj,63.75,-6.625,0.27792513,1562.6252
12,Attention,self_attn.o_proj,4.09375,-4.53125,0.07288243,18.523682
12,MLP,mlp.gate_proj,64.0,-6.71875,0.29646984,1269.0865
12,MLP,mlp.up_proj,64.0,-6.71875,0.29646984,1269.0865
12,MLP,mlp.down_proj,6.0625,-16.75,0.026880363,12470.269
13,Attention,self_attn.q_proj,68.5,-7.40625,0.2938656,1585.1323
13,Attention,self_attn.k_proj,68.5,-7.40625,0.2938656,1585.1323
13,Attention,self_attn.v_proj,68.5,-7.40625,0.2938656,1585.1323
13,Attention,self_attn.o_proj,21.625,-13.9375,0.14757308,199.03084
13,MLP,mlp.gate_proj,68.0,-7.3125,0.30466503,1376.3636
13,MLP,mlp.up_proj,68.0,-7.3125,0.30466503,1376.3636
13,MLP,mlp.down_proj,19.625,-18.375,0.028421305,17206.775
14,Attention,self_attn.q_proj,70.5,-7.8125,0.29827812,1587.9558
14,Attention,self_attn.k_proj,70.5,-7.8125,0.29827812,1587.9558
14,Attention,self_attn.v_proj,70.5,-7.8125,0.29827812,1587.9558
14,Attention,self_attn.o_proj,4.5625,-7.40625,0.11343448,16.278282
14,MLP,mlp.gate_proj,70.5,-7.875,0.32061026,1267.5089
14,MLP,mlp.up_proj,70.5,-7.875,0.32061026,1267.5089
14,MLP,mlp.down_proj,6.28125,-5.5,0.029508827,372.58023
15,Attention,self_attn.q_proj,71.0,-8.125,0.3131033,1385.759
15,Attention,self_attn.k_proj,71.0,-8.125,0.3131033,1385.759
15,Attention,self_attn.v_proj,71.0,-8.125,0.3131033,1385.759
15,Attention,self_attn.o_proj,8.375,-5.3125,0.08570046,63.8151
15,MLP,mlp.gate_proj,71.0,-8.1875,0.32903972,1179.6973
15,MLP,mlp.up_proj,71.0,-8.1875,0.32903972,1179.6973
15,MLP,mlp.down_proj,8.375,-7.75,0.03048478,1035.0793
16,Attention,self_attn.q_proj,71.5,-8.1875,0.3227338,1250.3059
16,Attention,self_attn.k_proj,71.5,-8.1875,0.3227338,1250.3059
16,Attention,self_attn.v_proj,71.5,-8.1875,0.3227338,1250.3059
16,Attention,self_attn.o_proj,5.8125,-4.875,0.07322929,29.869698
16,MLP,mlp.gate_proj,71.5,-8.25,0.34507814,1019.05975
16,MLP,mlp.up_proj,71.5,-8.25,0.34507814,1019.05975
16,MLP,mlp.down_proj,13.75,-35.25,0.03263967,43841.69
17,Attention,self_attn.q_proj,71.5,-8.5625,0.3420416,1031.9369
17,Attention,self_attn.k_proj,71.5,-8.5625,0.3420416,1031.9369
17,Attention,self_attn.v_proj,71.5,-8.5625,0.3420416,1031.9369
17,Attention,self_attn.o_proj,26.625,-2.0,0.07287096,3327.4714
17,MLP,mlp.gate_proj,71.5,-8.5625,0.3500601,956.14087
17,MLP,mlp.up_proj,71.5,-8.5625,0.3500601,956.14087
17,MLP,mlp.down_proj,43.0,-3.078125,0.032383315,71758.48
18,Attention,self_attn.q_proj,71.5,-8.375,0.35214895,927.2373
18,Attention,self_attn.k_proj,71.5,-8.375,0.35214895,927.2373
18,Attention,self_attn.v_proj,71.5,-8.375,0.35214895,927.2373
18,Attention,self_attn.o_proj,4.84375,-4.03125,0.09143107,17.359812
18,MLP,mlp.gate_proj,71.5,-8.375,0.3765186,745.6449
18,MLP,mlp.up_proj,71.5,-8.375,0.3765186,745.6449
18,MLP,mlp.down_proj,21.75,-6.40625,0.0389694,7976.832
19,Attention,self_attn.q_proj,71.5,-8.25,0.37943655,715.3655
19,Attention,self_attn.k_proj,71.5,-8.25,0.37943655,715.3655
19,Attention,self_attn.v_proj,71.5,-8.25,0.37943655,715.3655
19,Attention,self_attn.o_proj,6.09375,-12.3125,0.11405305,99.38602
19,MLP,mlp.gate_proj,71.5,-8.1875,0.4029258,579.57837
19,MLP,mlp.up_proj,71.5,-8.1875,0.4029258,579.57837
19,MLP,mlp.down_proj,6.625,-27.0,0.045357976,8334.648
20,Attention,self_attn.q_proj,71.0,-8.0625,0.4095738,528.69995
20,Attention,self_attn.k_proj,71.0,-8.0625,0.4095738,528.69995
20,Attention,self_attn.v_proj,71.0,-8.0625,0.4095738,528.69995
20,Attention,self_attn.o_proj,4.5625,-10.1875,0.11575168,40.902534
20,MLP,mlp.gate_proj,71.0,-8.0625,0.4256637,453.85065
20,MLP,mlp.up_proj,71.0,-8.0625,0.4256637,453.85065
20,MLP,mlp.down_proj,8.25,-10.25,0.049810264,172.9941
21,Attention,self_attn.q_proj,68.0,-8.0,0.43669972,348.46387
21,Attention,self_attn.k_proj,68.0,-8.0,0.43669972,348.46387
21,Attention,self_attn.v_proj,68.0,-8.0,0.43669972,348.46387
21,Attention,self_attn.o_proj,7.625,-5.5,0.10872102,64.37407
21,MLP,mlp.gate_proj,67.5,-7.96875,0.45378932,297.8194
21,MLP,mlp.up_proj,67.5,-7.96875,0.45378932,297.8194
21,MLP,mlp.down_proj,8.5625,-6.34375,0.057911664,156.5656
22,Attention,self_attn.q_proj,62.5,-8.0,0.46542522,200.18956
22,Attention,self_attn.k_proj,62.5,-8.0,0.46542522,200.18956
22,Attention,self_attn.v_proj,62.5,-8.0,0.46542522,200.18956
22,Attention,self_attn.o_proj,5.03125,-4.15625,0.122142695,12.462753
22,MLP,mlp.gate_proj,62.0,-7.9375,0.48238966,171.18765
22,MLP,mlp.up_proj,62.0,-7.9375,0.48238966,171.18765
22,MLP,mlp.down_proj,18.0,-14.875,0.06769682,718.07666
23,Attention,self_attn.q_proj,54.75,-8.625,0.4894652,96.79315
23,Attention,self_attn.k_proj,54.75,-8.625,0.4894652,96.79315
23,Attention,self_attn.v_proj,54.75,-8.625,0.4894652,96.79315
23,Attention,self_attn.o_proj,4.375,-8.0625,0.16650727,8.923879
23,MLP,mlp.gate_proj,54.25,-8.5,0.5112785,79.52078
23,MLP,mlp.up_proj,54.25,-8.5,0.5112785,79.52078
23,MLP,mlp.down_proj,11.1875,-14.4375,0.08129356,241.9186
24,Attention,self_attn.q_proj,48.75,-9.3125,0.5296644,46.19599
24,Attention,self_attn.k_proj,48.75,-9.3125,0.5296644,46.19599
24,Attention,self_attn.v_proj,48.75,-9.3125,0.5296644,46.19599
24,Attention,self_attn.o_proj,6.5625,-9.0625,0.092998676,57.51197
24,MLP,mlp.gate_proj,48.5,-9.0,0.561708,37.1901
24,MLP,mlp.up_proj,48.5,-9.0,0.561708,37.1901
24,MLP,mlp.down_proj,31.25,-19.5,0.088755555,947.8648
25,Attention,self_attn.q_proj,46.0,-9.375,0.5923054,25.820961
25,Attention,self_attn.k_proj,46.0,-9.375,0.5923054,25.820961
25,Attention,self_attn.v_proj,46.0,-9.375,0.5923054,25.820961
25,Attention,self_attn.o_proj,4.625,-5.59375,0.09108776,25.132103
25,MLP,mlp.gate_proj,45.75,-9.3125,0.6134827,22.447596
25,MLP,mlp.up_proj,45.75,-9.3125,0.6134827,22.447596
25,MLP,mlp.down_proj,26.25,-18.5,0.098379724,565.40515
26,Attention,self_attn.q_proj,44.0,-9.5,0.65677744,15.2916355
26,Attention,self_attn.k_proj,44.0,-9.5,0.65677744,15.2916355
26,Attention,self_attn.v_proj,44.0,-9.5,0.65677744,15.2916355
26,Attention,self_attn.o_proj,3.46875,-2.8125,0.084570125,17.429466
26,MLP,mlp.gate_proj,44.0,-9.75,0.675616,13.796135
26,MLP,mlp.up_proj,44.0,-9.75,0.675616,13.796135
26,MLP,mlp.down_proj,22.375,-41.0,0.11736232,842.8987
27,Attention,self_attn.q_proj,42.25,-9.3125,0.72271264,9.539318
27,Attention,self_attn.k_proj,42.25,-9.3125,0.72271264,9.539318
27,Attention,self_attn.v_proj,42.25,-9.3125,0.72271264,9.539318
27,Attention,self_attn.o_proj,2.890625,-3.3125,0.07941453,19.15579
27,MLP,mlp.gate_proj,42.25,-9.1875,0.7498013,8.238451
27,MLP,mlp.up_proj,42.25,-9.1875,0.7498013,8.238451
27,MLP,mlp.down_proj,41.25,-113.0,0.14426225,2918.137
28,Attention,self_attn.q_proj,41.5,-9.1875,0.7903139,6.4015446
28,Attention,self_attn.k_proj,41.5,-9.1875,0.7903139,6.4015446
28,Attention,self_attn.v_proj,41.5,-9.1875,0.7903139,6.4015446
28,Attention,self_attn.o_proj,3.625,-4.15625,0.108549975,16.330765
28,MLP,mlp.gate_proj,41.5,-8.875,0.82252145,5.6501656
28,MLP,mlp.up_proj,41.5,-8.875,0.82252145,5.6501656
28,MLP,mlp.down_proj,173.0,-222.0,0.26677305,6432.75
29,Attention,self_attn.q_proj,39.5,-8.875,0.85286343,6.7361746
29,Attention,self_attn.k_proj,39.5,-8.875,0.85286343,6.7361746
29,Attention,self_attn.v_proj,39.5,-8.875,0.85286343,6.7361746
29,Attention,self_attn.o_proj,3.09375,-3.09375,0.09279101,16.590944
29,MLP,mlp.gate_proj,39.0,-14.25,0.86255777,10.034405
29,MLP,mlp.up_proj,39.0,-14.25,0.86255777,10.034405
29,MLP,mlp.down_proj,26.0,-31.5,0.24734402,111.979065
0,Attention,self_attn.q_proj,0.203125,-0.203125,0.021534802,0.083623886
0,Attention,self_attn.k_proj,0.203125,-0.203125,0.021534802,0.083623886
0,Attention,self_attn.v_proj,0.203125,-0.203125,0.021534802,0.083623886
0,Attention,self_attn.o_proj,0.40429688,-0.40234375,0.0036854753,202.91396
0,MLP,mlp.gate_proj,0.6640625,-0.41796875,0.01838087,20.662565
0,MLP,mlp.up_proj,0.6640625,-0.41796875,0.01838087,20.662565
0,MLP,mlp.down_proj,0.10839844,-0.03515625,0.00021224073,1780.174
1,Attention,self_attn.q_proj,1.171875,-0.9921875,0.033646733,15.021465
1,Attention,self_attn.k_proj,1.171875,-0.9921875,0.033646733,15.021465
1,Attention,self_attn.v_proj,1.171875,-0.9921875,0.033646733,15.021465
1,Attention,self_attn.o_proj,0.49414062,-0.40039062,0.005868583,47.262413
1,MLP,mlp.gate_proj,1.265625,-1.0390625,0.037780974,13.231024
1,MLP,mlp.up_proj,1.265625,-1.0390625,0.037780974,13.231024
1,MLP,mlp.down_proj,0.55859375,-0.18164062,0.00058185187,14362.987
2,Attention,self_attn.q_proj,1.484375,-1.578125,0.053187698,8.5295105
2,Attention,self_attn.k_proj,1.484375,-1.578125,0.053187698,8.5295105
2,Attention,self_attn.v_proj,1.484375,-1.578125,0.053187698,8.5295105
2,Attention,self_attn.o_proj,0.4765625,-1.3984375,0.0075373086,477.13943
2,MLP,mlp.gate_proj,1.5390625,-1.7578125,0.059408206,7.380823
2,MLP,mlp.up_proj,1.5390625,-1.7578125,0.059408206,7.380823
2,MLP,mlp.down_proj,0.31640625,-2.09375,0.001168326,133350.61
3,Attention,self_attn.q_proj,3.140625,-2.359375,0.07613565,6.524954
3,Attention,self_attn.k_proj,3.140625,-2.359375,0.07613565,6.524954
3,Attention,self_attn.v_proj,3.140625,-2.359375,0.07613565,6.524954
3,Attention,self_attn.o_proj,0.953125,-2.078125,0.009566661,1054.9058
3,MLP,mlp.gate_proj,3.34375,-2.59375,0.0823507,6.383931
3,MLP,mlp.up_proj,3.34375,-2.59375,0.0823507,6.383931
3,MLP,mlp.down_proj,0.6953125,-0.53125,0.0021891668,1170.6884
4,Attention,self_attn.q_proj,3.5625,-2.796875,0.104241244,5.45265
4,Attention,self_attn.k_proj,3.5625,-2.796875,0.104241244,5.45265
4,Attention,self_attn.v_proj,3.5625,-2.796875,0.104241244,5.45265
4,Attention,self_attn.o_proj,1.15625,-0.890625,0.0132919215,114.774086
4,MLP,mlp.gate_proj,3.828125,-2.96875,0.11437527,5.0517206
4,MLP,mlp.up_proj,3.828125,-2.96875,0.11437527,5.0517206
4,MLP,mlp.down_proj,0.65625,-1.328125,0.0037805075,685.8375
5,Attention,self_attn.q_proj,4.125,-3.03125,0.13168542,3.9932456
5,Attention,self_attn.k_proj,4.125,-3.03125,0.13168542,3.9932456
5,Attention,self_attn.v_proj,4.125,-3.03125,0.13168542,3.9932456
5,Attention,self_attn.o_proj,1.3828125,-1.578125,0.025654858,30.571865
5,MLP,mlp.gate_proj,4.15625,-2.984375,0.14186823,4.424689
5,MLP,mlp.up_proj,4.15625,-2.984375,0.14186823,4.424689
5,MLP,mlp.down_proj,0.9921875,-1.8125,0.007547586,268.9345
6,Attention,self_attn.q_proj,4.875,-3.21875,0.16504322,4.530144
6,Attention,self_attn.k_proj,4.875,-3.21875,0.16504322,4.530144
6,Attention,self_attn.v_proj,4.875,-3.21875,0.16504322,4.530144
6,Attention,self_attn.o_proj,1.6171875,-1.5234375,0.046851285,11.607384
6,MLP,mlp.gate_proj,5.3125,-3.609375,0.1840886,5.3065596
6,MLP,mlp.up_proj,5.3125,-3.609375,0.1840886,5.3065596
6,MLP,mlp.down_proj,2.453125,-2.828125,0.011968989,283.0215
7,Attention,self_attn.q_proj,5.875,-3.796875,0.20009945,5.1081963
7,Attention,self_attn.k_proj,5.875,-3.796875,0.20009945,5.1081963
7,Attention,self_attn.v_proj,5.875,-3.796875,0.20009945,5.1081963
7,Attention,self_attn.o_proj,1.8125,-1.5703125,0.05044171,11.6822815
7,MLP,mlp.gate_proj,6.0625,-3.96875,0.22013494,4.9940844
7,MLP,mlp.up_proj,6.0625,-3.96875,0.22013494,4.9940844
7,MLP,mlp.down_proj,3.53125,-3.484375,0.018418454,221.86601
8,Attention,self_attn.q_proj,8.125,-4.34375,0.22740655,6.419757
8,Attention,self_attn.k_proj,8.125,-4.34375,0.22740655,6.419757
8,Attention,self_attn.v_proj,8.125,-4.34375,0.22740655,6.419757
8,Attention,self_attn.o_proj,2.0,-1.8671875,0.06369238,9.921571
8,MLP,mlp.gate_proj,9.5,-4.53125,0.23971859,8.18157
8,MLP,mlp.up_proj,9.5,-4.53125,0.23971859,8.18157
8,MLP,mlp.down_proj,1.6640625,-13.1875,0.0189378,5681.324
9,Attention,self_attn.q_proj,17.75,-4.8125,0.24630012,24.936707
9,Attention,self_attn.k_proj,17.75,-4.8125,0.24630012,24.936707
9,Attention,self_attn.v_proj,17.75,-4.8125,0.24630012,24.936707
9,Attention,self_attn.o_proj,2.671875,-2.0,0.065482855,10.201149
9,MLP,mlp.gate_proj,26.0,-4.9375,0.2640117,74.80273
9,MLP,mlp.up_proj,26.0,-4.9375,0.2640117,74.80273
9,MLP,mlp.down_proj,17.125,-2.46875,0.022928987,15305.346
10,Attention,self_attn.q_proj,41.75,-5.1875,0.26525444,422.40457
10,Attention,self_attn.k_proj,41.75,-5.1875,0.26525444,422.40457
10,Attention,self_attn.v_proj,41.75,-5.1875,0.26525444,422.40457
10,Attention,self_attn.o_proj,2.65625,-2.1875,0.06562711,10.880435
10,MLP,mlp.gate_proj,46.25,-5.21875,0.28034067,527.1848
10,MLP,mlp.up_proj,46.25,-5.21875,0.28034067,527.1848
10,MLP,mlp.down_proj,2.421875,-43.5,0.025292698,193853.73
11,Attention,self_attn.q_proj,60.0,-6.03125,0.27627987,1340.364
11,Attention,self_attn.k_proj,60.0,-6.03125,0.27627987,1340.364
11,Attention,self_attn.v_proj,60.0,-6.03125,0.27627987,1340.364
11,Attention,self_attn.o_proj,2.359375,-2.4375,0.09495419,9.949744
11,MLP,mlp.gate_proj,61.0,-6.125,0.29197893,1150.2007
11,MLP,mlp.up_proj,61.0,-6.125,0.29197893,1150.2007
11,MLP,mlp.down_proj,11.375,-15.8125,0.024635475,9936.244
12,Attention,self_attn.q_proj,63.75,-6.625,0.28934482,1338.535
12,Attention,self_attn.k_proj,63.75,-6.625,0.28934482,1338.535
12,Attention,self_attn.v_proj,63.75,-6.625,0.28934482,1338.535
12,Attention,self_attn.o_proj,4.0625,-5.375,0.07458407,19.685913
12,MLP,mlp.gate_proj,64.0,-6.6875,0.30920807,1082.781
12,MLP,mlp.up_proj,64.0,-6.6875,0.30920807,1082.781
12,MLP,mlp.down_proj,6.40625,-15.4375,0.02826872,9124.233
13,Attention,self_attn.q_proj,69.0,-7.375,0.30925068,1300.6357
13,Attention,self_attn.k_proj,69.0,-7.375,0.30925068,1300.6357
13,Attention,self_attn.v_proj,69.0,-7.375,0.30925068,1300.6357
13,Attention,self_attn.o_proj,21.375,-15.8125,0.15338868,195.86526
13,MLP,mlp.gate_proj,68.5,-7.3125,0.32032493,1127.6112
13,MLP,mlp.up_proj,68.5,-7.3125,0.32032493,1127.6112
13,MLP,mlp.down_proj,19.375,-18.375,0.030614594,13170.4375
14,Attention,self_attn.q_proj,71.0,-7.90625,0.31616062,1262.8927
14,Attention,self_attn.k_proj,71.0,-7.90625,0.31616062,1262.8927
14,Attention,self_attn.v_proj,71.0,-7.90625,0.31616062,1262.8927
14,Attention,self_attn.o_proj,4.65625,-7.40625,0.11625555,16.159641
14,MLP,mlp.gate_proj,71.0,-7.96875,0.33677623,1032.7456
14,MLP,mlp.up_proj,71.0,-7.96875,0.33677623,1032.7456
14,MLP,mlp.down_proj,6.40625,-5.5,0.031687785,259.07184
15,Attention,self_attn.q_proj,71.5,-8.25,0.32950658,1120.5553
15,Attention,self_attn.k_proj,71.5,-8.25,0.32950658,1120.5553
15,Attention,self_attn.v_proj,71.5,-8.25,0.32950658,1120.5553
15,Attention,self_attn.o_proj,8.9375,-5.59375,0.087395616,68.52985
15,MLP,mlp.gate_proj,71.5,-8.375,0.3471533,946.2486
15,MLP,mlp.up_proj,71.5,-8.375,0.3471533,946.2486
15,MLP,mlp.down_proj,9.625,-7.5625,0.03330699,708.5604
16,Attention,self_attn.q_proj,72.0,-8.4375,0.34410495,969.3218
16,Attention,self_attn.k_proj,72.0,-8.4375,0.34410495,969.3218
16,Attention,self_attn.v_proj,72.0,-8.4375,0.34410495,969.3218
16,Attention,self_attn.o_proj,6.40625,-4.8125,0.07454851,32.480965
16,MLP,mlp.gate_proj,72.0,-8.4375,0.3645358,805.77966
16,MLP,mlp.up_proj,72.0,-8.4375,0.3645358,805.77966
16,MLP,mlp.down_proj,13.5,-36.5,0.035441477,37694.473
17,Attention,self_attn.q_proj,72.0,-8.75,0.3637357,797.98706
17,Attention,self_attn.k_proj,72.0,-8.75,0.3637357,797.98706
17,Attention,self_attn.v_proj,72.0,-8.75,0.3637357,797.98706
17,Attention,self_attn.o_proj,26.125,-2.15625,0.073196165,3290.5144
17,MLP,mlp.gate_proj,72.0,-8.75,0.37020177,750.57404
17,MLP,mlp.up_proj,72.0,-8.75,0.37020177,750.57404
17,MLP,mlp.down_proj,43.75,-3.265625,0.03521852,57622.54
18,Attention,self_attn.q_proj,72.0,-8.5625,0.37117887,735.2433
18,Attention,self_attn.k_proj,72.0,-8.5625,0.37117887,735.2433
18,Attention,self_attn.v_proj,72.0,-8.5625,0.37117887,735.2433
18,Attention,self_attn.o_proj,4.8125,-4.0,0.09213812,16.60866
18,MLP,mlp.gate_proj,72.0,-8.5625,0.39424554,600.22986
18,MLP,mlp.up_proj,72.0,-8.5625,0.39424554,600.22986
18,MLP,mlp.down_proj,22.625,-6.46875,0.0418432,6321.558
19,Attention,self_attn.q_proj,72.0,-8.4375,0.39835516,570.66315
19,Attention,self_attn.k_proj,72.0,-8.4375,0.39835516,570.66315
19,Attention,self_attn.v_proj,72.0,-8.4375,0.39835516,570.66315
19,Attention,self_attn.o_proj,6.0625,-12.25,0.113907285,105.76714
19,MLP,mlp.gate_proj,72.0,-8.375,0.4204629,469.71414
19,MLP,mlp.up_proj,72.0,-8.375,0.4204629,469.71414
19,MLP,mlp.down_proj,6.40625,-26.75,0.048396092,6298.51
20,Attention,self_attn.q_proj,71.5,-8.25,0.427668,426.1945
20,Attention,self_attn.k_proj,71.5,-8.25,0.427668,426.1945
20,Attention,self_attn.v_proj,71.5,-8.25,0.427668,426.1945
20,Attention,self_attn.o_proj,4.59375,-10.625,0.11707336,38.51293
20,MLP,mlp.gate_proj,71.5,-8.25,0.44358072,367.71747
20,MLP,mlp.up_proj,71.5,-8.25,0.44358072,367.71747
20,MLP,mlp.down_proj,7.9375,-9.625,0.05353382,193.01418
21,Attention,self_attn.q_proj,68.5,-8.125,0.45350236,285.07623
21,Attention,self_attn.k_proj,68.5,-8.125,0.45350236,285.07623
21,Attention,self_attn.v_proj,68.5,-8.125,0.45350236,285.07623
21,Attention,self_attn.o_proj,7.84375,-5.5625,0.105158694,66.30785
21,MLP,mlp.gate_proj,68.0,-8.125,0.4683951,247.99234
21,MLP,mlp.up_proj,68.0,-8.125,0.4683951,247.99234
21,MLP,mlp.down_proj,8.625,-8.1875,0.061389126,118.21651
22,Attention,self_attn.q_proj,62.75,-8.0625,0.48017785,165.68294
22,Attention,self_attn.k_proj,62.75,-8.0625,0.48017785,165.68294
22,Attention,self_attn.v_proj,62.75,-8.0625,0.48017785,165.68294
22,Attention,self_attn.o_proj,5.0625,-4.125,0.12631951,12.012089
22,MLP,mlp.gate_proj,62.25,-8.25,0.49858898,140.26648
22,MLP,mlp.up_proj,62.25,-8.25,0.49858898,140.26648
22,MLP,mlp.down_proj,23.375,-9.9375,0.071905054,619.664
23,Attention,self_attn.q_proj,54.5,-8.5,0.50686336,77.57984
23,Attention,self_attn.k_proj,54.5,-8.5,0.50686336,77.57984
23,Attention,self_attn.v_proj,54.5,-8.5,0.50686336,77.57984
23,Attention,self_attn.o_proj,4.21875,-7.78125,0.16821285,8.573622
23,MLP,mlp.gate_proj,54.0,-8.8125,0.5266287,64.90863
23,MLP,mlp.up_proj,54.0,-8.8125,0.5266287,64.90863
23,MLP,mlp.down_proj,13.125,-14.8125,0.08657677,230.66405
24,Attention,self_attn.q_proj,48.5,-8.75,0.5499098,36.759735
24,Attention,self_attn.k_proj,48.5,-8.75,0.5499098,36.759735
24,Attention,self_attn.v_proj,48.5,-8.75,0.5499098,36.759735
24,Attention,self_attn.o_proj,6.65625,-9.375,0.08598865,67.88889
24,MLP,mlp.gate_proj,48.25,-9.25,0.5784543,30.358562
24,MLP,mlp.up_proj,48.25,-9.25,0.5784543,30.358562
24,MLP,mlp.down_proj,31.25,-20.0,0.09657821,690.72296
25,Attention,self_attn.q_proj,46.0,-9.625,0.6180186,20.39613
25,Attention,self_attn.k_proj,46.0,-9.625,0.6180186,20.39613
25,Attention,self_attn.v_proj,46.0,-9.625,0.6180186,20.39613
25,Attention,self_attn.o_proj,4.75,-5.6875,0.08614844,28.188328
25,MLP,mlp.gate_proj,45.75,-9.875,0.6378611,17.977869
25,MLP,mlp.up_proj,45.75,-9.875,0.6378611,17.977869
25,MLP,mlp.down_proj,26.375,-19.375,0.10805974,491.12396
26,Attention,self_attn.q_proj,44.0,-10.0625,0.68728495,12.127353
26,Attention,self_attn.k_proj,44.0,-10.0625,0.68728495,12.127353
26,Attention,self_attn.v_proj,44.0,-10.0625,0.68728495,12.127353
26,Attention,self_attn.o_proj,3.59375,-2.546875,0.078786016,18.005266
26,MLP,mlp.gate_proj,44.0,-10.3125,0.70145977,11.281783
26,MLP,mlp.up_proj,44.0,-10.3125,0.70145977,11.281783
26,MLP,mlp.down_proj,24.75,-41.0,0.12922475,575.689
27,Attention,self_attn.q_proj,42.25,-9.875,0.7496549,7.866295
27,Attention,self_attn.k_proj,42.25,-9.875,0.7496549,7.866295
27,Attention,self_attn.v_proj,42.25,-9.875,0.7496549,7.866295
27,Attention,self_attn.o_proj,3.328125,-3.859375,0.07656465,21.302134
27,MLP,mlp.gate_proj,42.25,-9.8125,0.77181345,6.9605894
27,MLP,mlp.up_proj,42.25,-9.8125,0.77181345,6.9605894
27,MLP,mlp.down_proj,81.5,-70.0,0.15703659,1679.595
28,Attention,self_attn.q_proj,41.5,-9.8125,0.8113829,5.4241505
28,Attention,self_attn.k_proj,41.5,-9.8125,0.8113829,5.4241505
28,Attention,self_attn.v_proj,41.5,-9.8125,0.8113829,5.4241505
28,Attention,self_attn.o_proj,4.0625,-4.40625,0.10623315,17.53028
28,MLP,mlp.gate_proj,41.5,-9.1875,0.83928555,4.816335
28,MLP,mlp.up_proj,41.5,-9.1875,0.83928555,4.816335
28,MLP,mlp.down_proj,152.0,-90.5,0.28288826,1488.4154
29,Attention,self_attn.q_proj,39.5,-10.4375,0.8635513,4.276546
29,Attention,self_attn.k_proj,39.5,-10.4375,0.8635513,4.276546
29,Attention,self_attn.v_proj,39.5,-10.4375,0.8635513,4.276546
29,Attention,self_attn.o_proj,3.328125,-2.921875,0.08980356,17.417208
29,MLP,mlp.gate_proj,39.0,-14.75,0.8695423,4.937785
29,MLP,mlp.up_proj,39.0,-14.75,0.8695423,4.937785
29,MLP,mlp.down_proj,36.25,-26.375,0.26066187,89.18635
0,Attention,self_attn.q_proj,0.203125,-0.203125,0.021128949,0.06610322
0,Attention,self_attn.k_proj,0.203125,-0.203125,0.021128949,0.06610322
0,Attention,self_attn.v_proj,0.203125,-0.203125,0.021128949,0.06610322
0,Attention,self_attn.o_proj,0.40625,-0.40234375,0.003773949,182.34004
0,MLP,mlp.gate_proj,0.640625,-0.41796875,0.017717555,24.010956
0,MLP,mlp.up_proj,0.640625,-0.41796875,0.017717555,24.010956
0,MLP,mlp.down_proj,0.10839844,-0.034423828,0.00018344301,2489.1135
1,Attention,self_attn.q_proj,1.1484375,-1.03125,0.031163735,17.56875
1,Attention,self_attn.k_proj,1.1484375,-1.03125,0.031163735,17.56875
1,Attention,self_attn.v_proj,1.1484375,-1.03125,0.031163735,17.56875
1,Attention,self_attn.o_proj,0.27539062,-0.40039062,0.005869097,36.14564
1,MLP,mlp.gate_proj,1.25,-1.0625,0.03517158,15.2666855
1,MLP,mlp.up_proj,1.25,-1.0625,0.03517158,15.2666855
1,MLP,mlp.down_proj,0.55859375,-0.18652344,0.0005089069,20214.13
2,Attention,self_attn.q_proj,1.40625,-1.578125,0.04854203,10.477628
2,Attention,self_attn.k_proj,1.40625,-1.578125,0.04854203,10.477628
2,Attention,self_attn.v_proj,1.40625,-1.578125,0.04854203,10.477628
2,Attention,self_attn.o_proj,0.66015625,-1.3984375,0.007530936,510.84595
2,MLP,mlp.gate_proj,1.484375,-1.7578125,0.054593,8.868915
2,MLP,mlp.up_proj,1.484375,-1.7578125,0.054593,8.868915
2,MLP,mlp.down_proj,0.33203125,-2.09375,0.001020533,176644.2
3,Attention,self_attn.q_proj,3.140625,-2.359375,0.0697754,8.033352
3,Attention,self_attn.k_proj,3.140625,-2.359375,0.0697754,8.033352
3,Attention,self_attn.v_proj,3.140625,-2.359375,0.0697754,8.033352
3,Attention,self_attn.o_proj,0.953125,-2.078125,0.009906823,988.1741
3,MLP,mlp.gate_proj,3.34375,-2.59375,0.07639311,7.5026827
3,MLP,mlp.up_proj,3.34375,-2.59375,0.07639311,7.5026827
3,MLP,mlp.down_proj,0.6953125,-0.46289062,0.001948329,1332.8594
4,Attention,self_attn.q_proj,3.5625,-2.796875,0.096265525,6.4598875
4,Attention,self_attn.k_proj,3.5625,-2.796875,0.096265525,6.4598875
4,Attention,self_attn.v_proj,3.5625,-2.796875,0.096265525,6.4598875
4,Attention,self_attn.o_proj,1.15625,-0.890625,0.013525101,111.724556
4,MLP,mlp.gate_proj,3.828125,-2.96875,0.10673979,5.7468643
4,MLP,mlp.up_proj,3.828125,-2.96875,0.10673979,5.7468643
4,MLP,mlp.down_proj,0.44921875,-1.328125,0.0034582384,838.10974
5,Attention,self_attn.q_proj,4.125,-3.03125,0.12329808,4.448736
5,Attention,self_attn.k_proj,4.125,-3.03125,0.12329808,4.448736
5,Attention,self_attn.v_proj,4.125,-3.03125,0.12329808,4.448736
5,Attention,self_attn.o_proj,1.3828125,-1.578125,0.025150612,31.777523
5,MLP,mlp.gate_proj,4.15625,-2.984375,0.13334593,4.863009
5,MLP,mlp.up_proj,4.15625,-2.984375,0.13334593,4.863009
5,MLP,mlp.down_proj,0.984375,-1.8125,0.006873561,317.24286
6,Attention,self_attn.q_proj,4.875,-3.515625,0.15484333,5.0727005
6,Attention,self_attn.k_proj,4.875,-3.515625,0.15484333,5.0727005
6,Attention,self_attn.v_proj,4.875,-3.515625,0.15484333,5.0727005
6,Attention,self_attn.o_proj,1.5546875,-1.671875,0.04647885,11.73667
6,MLP,mlp.gate_proj,5.3125,-3.875,0.17437243,5.653308
6,MLP,mlp.up_proj,5.3125,-3.875,0.17437243,5.653308
6,MLP,mlp.down_proj,2.453125,-2.421875,0.011021479,306.47827
7,Attention,self_attn.q_proj,5.875,-4.3125,0.18955329,5.4661617
7,Attention,self_attn.k_proj,5.875,-4.3125,0.18955329,5.4661617
7,Attention,self_attn.v_proj,5.875,-4.3125,0.18955329,5.4661617
7,Attention,self_attn.o_proj,1.703125,-1.59375,0.04988533,10.670602
7,MLP,mlp.gate_proj,6.0625,-4.5625,0.20962046,5.275964
7,MLP,mlp.up_proj,6.0625,-4.5625,0.20962046,5.275964
7,MLP,mlp.down_proj,2.890625,-3.15625,0.017038133,201.92578
8,Attention,self_attn.q_proj,8.125,-4.9375,0.21606205,7.41823
8,Attention,self_attn.k_proj,8.125,-4.9375,0.21606205,7.41823
8,Attention,self_attn.v_proj,8.125,-4.9375,0.21606205,7.41823
8,Attention,self_attn.o_proj,1.7890625,-1.8671875,0.06377062,8.739678
8,MLP,mlp.gate_proj,9.5,-5.1875,0.22902265,9.159163
8,MLP,mlp.up_proj,9.5,-5.1875,0.22902265,9.159163
8,MLP,mlp.down_proj,1.328125,-9.5625,0.017795978,5254.2817
9,Attention,self_attn.q_proj,17.75,-5.40625,0.23480384,32.009514
9,Attention,self_attn.k_proj,17.75,-5.40625,0.23480384,32.009514
9,Attention,self_attn.v_proj,17.75,-5.40625,0.23480384,32.009514
9,Attention,self_attn.o_proj,2.125,-1.890625,0.06457581,9.004708
9,MLP,mlp.gate_proj,26.0,-5.5,0.25360397,99.09092
9,MLP,mlp.up_proj,26.0,-5.5,0.25360397,99.09092
9,MLP,mlp.down_proj,18.0,-3.0625,0.021610495,23216.666
10,Attention,self_attn.q_proj,41.5,-5.6875,0.25422385,545.6091
10,Attention,self_attn.k_proj,41.5,-5.6875,0.25422385,545.6091
10,Attention,self_attn.v_proj,41.5,-5.6875,0.25422385,545.6091
10,Attention,self_attn.o_proj,2.28125,-1.7265625,0.06405022,10.336118
10,MLP,mlp.gate_proj,46.25,-5.875,0.2702096,675.6287
10,MLP,mlp.up_proj,46.25,-5.875,0.2702096,675.6287
10,MLP,mlp.down_proj,1.78125,-45.25,0.02415533,253200.45
11,Attention,self_attn.q_proj,60.25,-6.03125,0.26677653,1665.0962
11,Attention,self_attn.k_proj,60.25,-6.03125,0.26677653,1665.0962
11,Attention,self_attn.v_proj,60.25,-6.03125,0.26677653,1665.0962
11,Attention,self_attn.o_proj,2.265625,-2.34375,0.09217512,9.714862
11,MLP,mlp.gate_proj,61.25,-6.21875,0.28223807,1424.603
11,MLP,mlp.up_proj,61.25,-6.21875,0.28223807,1424.603
11,MLP,mlp.down_proj,11.4375,-15.9375,0.023648422,13625.293
12,Attention,self_attn.q_proj,64.0,-6.65625,0.27934134,1663.7615
12,Attention,self_attn.k_proj,64.0,-6.65625,0.27934134,1663.7615
12,Attention,self_attn.v_proj,64.0,-6.65625,0.27934134,1663.7615
12,Attention,self_attn.o_proj,3.796875,-4.46875,0.07340125,22.51064
12,MLP,mlp.gate_proj,64.5,-6.71875,0.29810834,1357.9044
12,MLP,mlp.up_proj,64.5,-6.71875,0.29810834,1357.9044
12,MLP,mlp.down_proj,6.96875,-15.625,0.026805012,11864.257
13,Attention,self_attn.q_proj,69.5,-7.4375,0.29703003,1645.5844
13,Attention,self_attn.k_proj,69.5,-7.4375,0.29703003,1645.5844
13,Attention,self_attn.v_proj,69.5,-7.4375,0.29703003,1645.5844
13,Attention,self_attn.o_proj,21.375,-14.875,0.14852557,240.3337
13,MLP,mlp.gate_proj,69.0,-7.34375,0.3074732,1436.0404
13,MLP,mlp.up_proj,69.0,-7.34375,0.3074732,1436.0404
13,MLP,mlp.down_proj,19.375,-18.125,0.028601594,16081.777
14,Attention,self_attn.q_proj,71.5,-7.875,0.30222368,1617.9142
14,Attention,self_attn.k_proj,71.5,-7.875,0.30222368,1617.9142
14,Attention,self_attn.v_proj,71.5,-7.875,0.30222368,1617.9142
14,Attention,self_attn.o_proj,4.5625,-7.34375,0.11538984,16.75552
14,MLP,mlp.gate_proj,71.5,-7.90625,0.32328668,1312.5725
14,MLP,mlp.up_proj,71.5,-7.90625,0.32328668,1312.5725
14,MLP,mlp.down_proj,6.40625,-5.34375,0.029832462,311.0966
15,Attention,self_attn.q_proj,72.0,-8.125,0.3164088,1417.8475
15,Attention,self_attn.k_proj,72.0,-8.125,0.3164088,1417.8475
15,Attention,self_attn.v_proj,72.0,-8.125,0.3164088,1417.8475
15,Attention,self_attn.o_proj,8.6875,-5.5,0.08396347,80.6378
15,MLP,mlp.gate_proj,72.0,-8.1875,0.3315447,1221.6338
15,MLP,mlp.up_proj,72.0,-8.1875,0.3315447,1221.6338
15,MLP,mlp.down_proj,8.375,-8.1875,0.030860728,952.3781
16,Attention,self_attn.q_proj,72.5,-8.25,0.3279491,1258.11
16,Attention,self_attn.k_proj,72.5,-8.25,0.3279491,1258.11
16,Attention,self_attn.v_proj,72.5,-8.25,0.3279491,1258.11
16,Attention,self_attn.o_proj,6.28125,-4.75,0.07366703,37.310425
16,MLP,mlp.gate_proj,72.5,-8.3125,0.34910503,1037.5546
16,MLP,mlp.up_proj,72.5,-8.3125,0.34910503,1037.5546
16,MLP,mlp.down_proj,13.5,-36.5,0.03317637,46582.266
17,Attention,self_attn.q_proj,72.5,-8.5625,0.3489966,1023.67505
17,Attention,self_attn.k_proj,72.5,-8.5625,0.3489966,1023.67505
17,Attention,self_attn.v_proj,72.5,-8.5625,0.3489966,1023.67505
17,Attention,self_attn.o_proj,25.875,-2.125,0.07595336,3637.6492
17,MLP,mlp.gate_proj,72.5,-8.5625,0.3569544,949.52234
17,MLP,mlp.up_proj,72.5,-8.5625,0.3569544,949.52234
17,MLP,mlp.down_proj,44.25,-2.90625,0.033475265,71355.49
18,Attention,self_attn.q_proj,72.5,-8.375,0.3598155,915.2547
18,Attention,self_attn.k_proj,72.5,-8.375,0.3598155,915.2547
18,Attention,self_attn.v_proj,72.5,-8.375,0.3598155,915.2547
18,Attention,self_attn.o_proj,4.8125,-4.03125,0.093370326,17.606276
18,MLP,mlp.gate_proj,72.5,-8.375,0.38326958,743.3837
18,MLP,mlp.up_proj,72.5,-8.375,0.38326958,743.3837
18,MLP,mlp.down_proj,22.625,-6.6875,0.039755832,8129.861
19,Attention,self_attn.q_proj,72.5,-8.1875,0.38841915,700.62274
19,Attention,self_attn.k_proj,72.5,-8.1875,0.38841915,700.62274
19,Attention,self_attn.v_proj,72.5,-8.1875,0.38841915,700.62274
19,Attention,self_attn.o_proj,6.0,-12.0625,0.113958545,128.58136
19,MLP,mlp.gate_proj,72.5,-8.125,0.4102409,575.9017
19,MLP,mlp.up_proj,72.5,-8.125,0.4102409,575.9017
19,MLP,mlp.down_proj,6.5625,-26.875,0.046219766,8137.5146
20,Attention,self_attn.q_proj,72.0,-7.96875,0.41849923,518.8883
20,Attention,self_attn.k_proj,72.0,-7.96875,0.41849923,518.8883
20,Attention,self_attn.v_proj,72.0,-7.96875,0.41849923,518.8883
20,Attention,self_attn.o_proj,4.5625,-10.0,0.11843633,41.56789
20,MLP,mlp.gate_proj,72.0,-7.96875,0.43484965,444.69885
20,MLP,mlp.up_proj,72.0,-7.96875,0.43484965,444.69885
20,MLP,mlp.down_proj,8.3125,-9.9375,0.051242903,200.93376
21,Attention,self_attn.q_proj,69.0,-7.90625,0.44846025,334.3744
21,Attention,self_attn.k_proj,69.0,-7.90625,0.44846025,334.3744
21,Attention,self_attn.v_proj,69.0,-7.90625,0.44846025,334.3744
21,Attention,self_attn.o_proj,7.5625,-5.375,0.10950884,63.100555
21,MLP,mlp.gate_proj,68.5,-7.875,0.46392974,289.55173
21,MLP,mlp.up_proj,68.5,-7.875,0.46392974,289.55173
21,MLP,mlp.down_proj,7.6875,-7.375,0.059612073,116.52031
22,Attention,self_attn.q_proj,63.5,-8.125,0.4761448,192.86142
22,Attention,self_attn.k_proj,63.5,-8.125,0.4761448,192.86142
22,Attention,self_attn.v_proj,63.5,-8.125,0.4761448,192.86142
22,Attention,self_attn.o_proj,5.09375,-4.125,0.124106385,12.707073
22,MLP,mlp.gate_proj,63.0,-8.3125,0.4939276,164.05673
22,MLP,mlp.up_proj,63.0,-8.3125,0.4939276,164.05673
22,MLP,mlp.down_proj,18.625,-11.3125,0.06960493,561.48334
23,Attention,self_attn.q_proj,55.5,-8.0,0.50244296,90.00321
23,Attention,self_attn.k_proj,55.5,-8.0,0.50244296,90.00321
23,Attention,self_attn.v_proj,55.5,-8.0,0.50244296,90.00321
23,Attention,self_attn.o_proj,4.1875,-7.71875,0.17019735,8.190338
23,MLP,mlp.gate_proj,55.0,-8.25,0.5237241,74.28397
23,MLP,mlp.up_proj,55.0,-8.25,0.5237241,74.28397
23,MLP,mlp.down_proj,11.1875,-17.0,0.08418882,250.77376
24,Attention,self_attn.q_proj,49.0,-8.5625,0.5453428,41.993465
24,Attention,self_attn.k_proj,49.0,-8.5625,0.5453428,41.993465
24,Attention,self_attn.v_proj,49.0,-8.5625,0.5453428,41.993465
24,Attention,self_attn.o_proj,6.65625,-9.375,0.09018859,70.47785
24,MLP,mlp.gate_proj,48.75,-8.5,0.5749148,34.337845
24,MLP,mlp.up_proj,48.75,-8.5,0.5749148,34.337845
24,MLP,mlp.down_proj,30.875,-19.875,0.09254122,787.75476
25,Attention,self_attn.q_proj,46.25,-8.6875,0.6067503,23.827597
25,Attention,self_attn.k_proj,46.25,-8.6875,0.6067503,23.827597
25,Attention,self_attn.v_proj,46.25,-8.6875,0.6067503,23.827597
25,Attention,self_attn.o_proj,4.53125,-5.5625,0.0902284,25.832798
25,MLP,mlp.gate_proj,46.0,-8.625,0.626599,20.901928
25,MLP,mlp.up_proj,46.0,-8.625,0.626599,20.901928
25,MLP,mlp.down_proj,26.25,-23.375,0.103989266,478.43964
26,Attention,self_attn.q_proj,44.0,-9.25,0.6764729,13.870119
26,Attention,self_attn.k_proj,44.0,-9.25,0.6764729,13.870119
26,Attention,self_attn.v_proj,44.0,-9.25,0.6764729,13.870119
26,Attention,self_attn.o_proj,3.59375,-2.625,0.08292222,16.26323
26,MLP,mlp.gate_proj,44.0,-9.375,0.6920712,12.758978
26,MLP,mlp.up_proj,44.0,-9.375,0.6920712,12.758978
26,MLP,mlp.down_proj,26.375,-41.25,0.12574375,698.12256
27,Attention,self_attn.q_proj,42.25,-9.3125,0.7420889,8.706012
27,Attention,self_attn.k_proj,42.25,-9.3125,0.7420889,8.706012
27,Attention,self_attn.v_proj,42.25,-9.3125,0.7420889,8.706012
27,Attention,self_attn.o_proj,3.265625,-3.765625,0.077078186,19.974129
27,MLP,mlp.gate_proj,42.25,-9.125,0.7661453,7.6318016
27,MLP,mlp.up_proj,42.25,-9.125,0.7661453,7.6318016
27,MLP,mlp.down_proj,56.25,-70.0,0.15411606,1780.2924
28,Attention,self_attn.q_proj,41.5,-9.125,0.8093246,5.8454247
28,Attention,self_attn.k_proj,41.5,-9.125,0.8093246,5.8454247
28,Attention,self_attn.v_proj,41.5,-9.125,0.8093246,5.8454247
28,Attention,self_attn.o_proj,4.1875,-4.40625,0.10954097,17.935843
28,MLP,mlp.gate_proj,41.5,-8.875,0.84086984,5.1135626
28,MLP,mlp.up_proj,41.5,-8.875,0.84086984,5.1135626
28,MLP,mlp.down_proj,135.0,-152.0,0.2838691,2600.287
29,Attention,self_attn.q_proj,39.75,-9.625,0.8675163,4.368681
29,Attention,self_attn.k_proj,39.75,-9.625,0.8675163,4.368681
29,Attention,self_attn.v_proj,39.75,-9.625,0.8675163,4.368681
29,Attention,self_attn.o_proj,3.484375,-3.5625,0.0890962,18.48068
29,MLP,mlp.gate_proj,39.5,-14.125,0.87632644,4.930567
29,MLP,mlp.up_proj,39.5,-14.125,0.87632644,4.930567
29,MLP,mlp.down_proj,27.75,-32.25,0.26165727,111.846535
0,Attention,self_attn.q_proj,0.203125,-0.203125,0.02154939,0.14612818
0,Attention,self_attn.k_proj,0.203125,-0.203125,0.02154939,0.14612818
0,Attention,self_attn.v_proj,0.203125,-0.203125,0.02154939,0.14612818
0,Attention,self_attn.o_proj,0.40820312,-0.40234375,0.0037234076,195.42871
0,MLP,mlp.gate_proj,0.59765625,-0.41796875,0.01815921,22.748827
0,MLP,mlp.up_proj,0.59765625,-0.41796875,0.01815921,22.748827
0,MLP,mlp.down_proj,0.10839844,-0.03466797,0.00020880836,1817.26
1,Attention,self_attn.q_proj,1.34375,-0.9765625,0.033118058,16.102749
1,Attention,self_attn.k_proj,1.34375,-0.9765625,0.033118058,16.102749
1,Attention,self_attn.v_proj,1.34375,-0.9765625,0.033118058,16.102749
1,Attention,self_attn.o_proj,0.37890625,-0.40039062,0.005963417,37.779247
1,MLP,mlp.gate_proj,1.4140625,-1.0390625,0.03727345,14.0494
1,MLP,mlp.up_proj,1.4140625,-1.0390625,0.03727345,14.0494
1,MLP,mlp.down_proj,0.55859375,-0.140625,0.0005749241,14651.071
2,Attention,self_attn.q_proj,1.625,-1.578125,0.051366586,9.342277
2,Attention,self_attn.k_proj,1.625,-1.578125,0.051366586,9.342277
2,Attention,self_attn.v_proj,1.625,-1.578125,0.051366586,9.342277
2,Attention,self_attn.o_proj,0.640625,-1.3984375,0.0074728257,478.51938
2,MLP,mlp.gate_proj,1.640625,-1.7578125,0.057598777,7.932764
2,MLP,mlp.up_proj,1.640625,-1.7578125,0.057598777,7.932764
2,MLP,mlp.down_proj,0.29882812,-2.09375,0.0011264819,145241.39
3,Attention,self_attn.q_proj,3.140625,-2.359375,0.07347302,6.972886
3,Attention,self_attn.k_proj,3.140625,-2.359375,0.07347302,6.972886
3,Attention,self_attn.v_proj,3.140625,-2.359375,0.07347302,6.972886
3,Attention,self_attn.o_proj,0.953125,-2.078125,0.0096966345,985.12897
3,MLP,mlp.gate_proj,3.34375,-2.59375,0.079984546,6.615327
3,MLP,mlp.up_proj,3.34375,-2.59375,0.079984546,6.615327
3,MLP,mlp.down_proj,0.6953125,-0.41601562,0.0020952693,1056.5258
4,Attention,self_attn.q_proj,3.5625,-2.796875,0.1004803,5.601759
4,Attention,self_attn.k_proj,3.5625,-2.796875,0.1004803,5.601759
4,Attention,self_attn.v_proj,3.5625,-2.796875,0.1004803,5.601759
4,Attention,self_attn.o_proj,1.15625,-0.890625,0.013464393,114.5052
4,MLP,mlp.gate_proj,3.828125,-2.96875,0.11035011,5.143777
4,MLP,mlp.up_proj,3.828125,-2.96875,0.11035011,5.143777
4,MLP,mlp.down_proj,0.5078125,-1.328125,0.0035770521,764.8307
5,Attention,self_attn.q_proj,4.125,-3.03125,0.12639125,4.10015
5,Attention,self_attn.k_proj,4.125,-3.03125,0.12639125,4.10015
5,Attention,self_attn.v_proj,4.125,-3.03125,0.12639125,4.10015
5,Attention,self_attn.o_proj,1.3828125,-1.578125,0.025311345,30.802876
5,MLP,mlp.gate_proj,4.15625,-2.984375,0.1369671,4.4933414
5,MLP,mlp.up_proj,4.15625,-2.984375,0.1369671,4.4933414
5,MLP,mlp.down_proj,0.796875,-1.8125,0.0071817474,285.6116
6,Attention,self_attn.q_proj,4.875,-3.21875,0.15820481,4.638691
6,Attention,self_attn.k_proj,4.875,-3.21875,0.15820481,4.638691
6,Attention,self_attn.v_proj,4.875,-3.21875,0.15820481,4.638691
6,Attention,self_attn.o_proj,1.4921875,-1.4609375,0.04647356,11.786205
6,MLP,mlp.gate_proj,5.3125,-3.5,0.17800574,5.1719065
6,MLP,mlp.up_proj,5.3125,-3.5,0.17800574,5.1719065
6,MLP,mlp.down_proj,2.96875,-1.703125,0.011464033,268.28912
7,Attention,self_attn.q_proj,5.875,-3.953125,0.19299783,4.9882293
7,Attention,self_attn.k_proj,5.875,-3.953125,0.19299783,4.9882293
7,Attention,self_attn.v_proj,5.875,-3.953125,0.19299783,4.9882293
7,Attention,self_attn.o_proj,1.6484375,-1.5234375,0.0505432,10.954885
7,MLP,mlp.gate_proj,6.0625,-4.15625,0.21370578,4.853893
7,MLP,mlp.up_proj,6.0625,-4.15625,0.21370578,4.853893
7,MLP,mlp.down_proj,2.75,-3.234375,0.01764239,177.32953
8,Attention,self_attn.q_proj,8.3125,-4.53125,0.22042264,6.6363
8,Attention,self_attn.k_proj,8.3125,-4.53125,0.22042264,6.6363
8,Attention,self_attn.v_proj,8.3125,-4.53125,0.22042264,6.6363
8,Attention,self_attn.o_proj,1.6796875,-1.9140625,0.06399689,9.180931
8,MLP,mlp.gate_proj,9.625,-4.6875,0.23312303,8.364919
8,MLP,mlp.up_proj,9.625,-4.6875,0.23312303,8.364919
8,MLP,mlp.down_proj,1.953125,-11.0625,0.018307215,5509.627
9,Attention,self_attn.q_proj,17.75,-4.875,0.23929438,27.760965
9,Attention,self_attn.k_proj,17.75,-4.875,0.23929438,27.760965
9,Attention,self_attn.v_proj,17.75,-4.875,0.23929438,27.760965
9,Attention,self_attn.o_proj,2.0625,-2.0,0.066333644,8.827794
9,MLP,mlp.gate_proj,26.25,-4.96875,0.25863954,84.76458
9,MLP,mlp.up_proj,26.25,-4.96875,0.25863954,84.76458
9,MLP,mlp.down_proj,17.0,-2.625,0.022526247,15398.062
10,Attention,self_attn.q_proj,41.75,-5.1875,0.2594314,467.18433
10,Attention,self_attn.k_proj,41.75,-5.1875,0.2594314,467.18433
10,Attention,self_attn.v_proj,41.75,-5.1875,0.2594314,467.18433
10,Attention,self_attn.o_proj,2.53125,-2.0625,0.06705519,9.688222
10,MLP,mlp.gate_proj,46.5,-5.28125,0.27655533,568.3937
10,MLP,mlp.up_proj,46.5,-5.28125,0.27655533,568.3937
10,MLP,mlp.down_proj,2.359375,-41.0,0.025125993,182561.77
11,Attention,self_attn.q_proj,60.0,-6.03125,0.27299914,1436.4045
11,Attention,self_attn.k_proj,60.0,-6.03125,0.27299914,1436.4045
11,Attention,self_attn.v_proj,60.0,-6.03125,0.27299914,1436.4045
11,Attention,self_attn.o_proj,2.328125,-2.359375,0.09557452,10.523009
11,MLP,mlp.gate_proj,61.0,-6.09375,0.2888251,1226.0829
11,MLP,mlp.up_proj,61.0,-6.09375,0.2888251,1226.0829
11,MLP,mlp.down_proj,10.6875,-15.0625,0.024507795,10356.972
12,Attention,self_attn.q_proj,63.75,-6.5625,0.2860154,1431.0703
12,Attention,self_attn.k_proj,63.75,-6.5625,0.2860154,1431.0703
12,Attention,self_attn.v_proj,63.75,-6.5625,0.2860154,1431.0703
12,Attention,self_attn.o_proj,3.75,-4.625,0.0736588,21.074036
12,MLP,mlp.gate_proj,64.0,-6.65625,0.30409393,1175.0879
12,MLP,mlp.up_proj,64.0,-6.65625,0.30409393,1175.0879
12,MLP,mlp.down_proj,6.8125,-14.5,0.02778591,8609.099
13,Attention,self_attn.q_proj,68.5,-7.34375,0.30273885,1436.1213
13,Attention,self_attn.k_proj,68.5,-7.34375,0.30273885,1436.1213
13,Attention,self_attn.v_proj,68.5,-7.34375,0.30273885,1436.1213
13,Attention,self_attn.o_proj,21.25,-15.0625,0.14926244,212.76321
13,MLP,mlp.gate_proj,68.0,-7.25,0.31350386,1249.826
13,MLP,mlp.up_proj,68.0,-7.25,0.31350386,1249.826
13,MLP,mlp.down_proj,19.75,-17.0,0.029554501,13897.766
14,Attention,self_attn.q_proj,70.0,-7.75,0.3090223,1402.6025
14,Attention,self_attn.k_proj,70.0,-7.75,0.3090223,1402.6025
14,Attention,self_attn.v_proj,70.0,-7.75,0.3090223,1402.6025
14,Attention,self_attn.o_proj,4.59375,-7.34375,0.11704218,15.647829
14,MLP,mlp.gate_proj,70.0,-7.78125,0.33051592,1132.3888
14,MLP,mlp.up_proj,70.0,-7.78125,0.33051592,1132.3888
14,MLP,mlp.down_proj,6.1875,-5.46875,0.030889675,263.8864
15,Attention,self_attn.q_proj,70.5,-8.0,0.32328242,1233.1758
15,Attention,self_attn.k_proj,70.5,-8.0,0.32328242,1233.1758
15,Attention,self_attn.v_proj,70.5,-8.0,0.32328242,1233.1758
15,Attention,self_attn.o_proj,8.4375,-5.34375,0.08606852,66.863174
15,MLP,mlp.gate_proj,70.5,-8.0625,0.3400428,1046.8728
15,MLP,mlp.up_proj,70.5,-8.0625,0.3400428,1046.8728
15,MLP,mlp.down_proj,8.4375,-7.3125,0.032017004,769.1005
16,Attention,self_attn.q_proj,71.0,-8.125,0.33501205,1095.1417
16,Attention,self_attn.k_proj,71.0,-8.125,0.33501205,1095.1417
16,Attention,self_attn.v_proj,71.0,-8.125,0.33501205,1095.1417
16,Attention,self_attn.o_proj,6.65625,-4.59375,0.07453999,33.481716
16,MLP,mlp.gate_proj,71.0,-8.1875,0.35510415,912.47186
16,MLP,mlp.up_proj,71.0,-8.1875,0.35510415,912.47186
16,MLP,mlp.down_proj,13.625,-35.25,0.034107912,42135.95
17,Attention,self_attn.q_proj,71.0,-8.5,0.35416493,907.25433
17,Attention,self_attn.k_proj,71.0,-8.5,0.35416493,907.25433
17,Attention,self_attn.v_proj,71.0,-8.5,0.35416493,907.25433
17,Attention,self_attn.o_proj,25.875,-1.8671875,0.07278595,3535.3792
17,MLP,mlp.gate_proj,71.0,-8.5,0.36101705,850.4937
17,MLP,mlp.up_proj,71.0,-8.5,0.36101705,850.4937
17,MLP,mlp.down_proj,42.5,-3.953125,0.033889886,64847.94
18,Attention,self_attn.q_proj,71.0,-8.3125,0.36341727,822.7556
18,Attention,self_attn.k_proj,71.0,-8.3125,0.36341727,822.7556
18,Attention,self_attn.v_proj,71.0,-8.3125,0.36341727,822.7556
18,Attention,self_attn.o_proj,4.65625,-3.875,0.09391249,15.884743
18,MLP,mlp.gate_proj,71.0,-8.3125,0.3868494,667.7408
18,MLP,mlp.up_proj,71.0,-8.3125,0.3868494,667.7408
18,MLP,mlp.down_proj,21.75,-6.28125,0.04025743,7225.0024
19,Attention,self_attn.q_proj,71.0,-8.1875,0.39099836,633.55206
19,Attention,self_attn.k_proj,71.0,-8.1875,0.39099836,633.55206
19,Attention,self_attn.v_proj,71.0,-8.1875,0.39099836,633.55206
19,Attention,self_attn.o_proj,5.96875,-11.9375,0.111756764,116.61308
19,MLP,mlp.gate_proj,71.0,-8.125,0.41183496,526.6995
19,MLP,mlp.up_proj,71.0,-8.125,0.41183496,526.6995
19,MLP,mlp.down_proj,9.3125,-26.75,0.0465959,7384.548
20,Attention,self_attn.q_proj,70.5,-8.0,0.42198825,467.22708
20,Attention,self_attn.k_proj,70.5,-8.0,0.42198825,467.22708
20,Attention,self_attn.v_proj,70.5,-8.0,0.42198825,467.22708
20,Attention,self_attn.o_proj,4.625,-9.6875,0.115325965,38.935436
20,MLP,mlp.gate_proj,70.5,-8.0,0.43679196,405.5046
20,MLP,mlp.up_proj,70.5,-8.0,0.43679196,405.5046
20,MLP,mlp.down_proj,6.90625,-9.6875,0.051847536,170.4553
21,Attention,self_attn.q_proj,67.5,-7.90625,0.44911614,308.04337
21,Attention,self_attn.k_proj,67.5,-7.90625,0.44911614,308.04337
21,Attention,self_attn.v_proj,67.5,-7.90625,0.44911614,308.04337
21,Attention,self_attn.o_proj,7.40625,-5.28125,0.106962875,62.999855
21,MLP,mlp.gate_proj,67.0,-8.125,0.46408826,268.00607
21,MLP,mlp.up_proj,67.0,-8.125,0.46408826,268.00607
21,MLP,mlp.down_proj,6.84375,-6.6875,0.059777267,96.76335
22,Attention,self_attn.q_proj,61.75,-8.3125,0.47575682,178.56442
22,Attention,self_attn.k_proj,61.75,-8.3125,0.47575682,178.56442
22,Attention,self_attn.v_proj,61.75,-8.3125,0.47575682,178.56442
22,Attention,self_attn.o_proj,4.96875,-4.03125,0.12257946,12.379793
22,MLP,mlp.gate_proj,61.25,-8.5625,0.49231437,153.12709
22,MLP,mlp.up_proj,61.25,-8.5625,0.49231437,153.12709
22,MLP,mlp.down_proj,18.0,-9.9375,0.069583915,559.2943
23,Attention,self_attn.q_proj,53.5,-8.375,0.5004647,84.3711
23,Attention,self_attn.k_proj,53.5,-8.375,0.5004647,84.3711
23,Attention,self_attn.v_proj,53.5,-8.375,0.5004647,84.3711
23,Attention,self_attn.o_proj,4.1875,-7.78125,0.16410585,8.677438
23,MLP,mlp.gate_proj,53.0,-8.4375,0.51948,70.80422
23,MLP,mlp.up_proj,53.0,-8.4375,0.51948,70.80422
23,MLP,mlp.down_proj,12.125,-17.0,0.08402822,241.14522
24,Attention,self_attn.q_proj,48.25,-9.0,0.5423604,39.68424
24,Attention,self_attn.k_proj,48.25,-9.0,0.5423604,39.68424
24,Attention,self_attn.v_proj,48.25,-9.0,0.5423604,39.68424
24,Attention,self_attn.o_proj,6.625,-9.0,0.08839869,62.166794
24,MLP,mlp.gate_proj,48.0,-9.0,0.5702487,32.76392
24,MLP,mlp.up_proj,48.0,-9.0,0.5702487,32.76392
24,MLP,mlp.down_proj,29.5,-16.75,0.09239805,714.05865
25,Attention,self_attn.q_proj,45.75,-9.0625,0.6014994,22.750114
25,Attention,self_attn.k_proj,45.75,-9.0625,0.6014994,22.750114
25,Attention,self_attn.v_proj,45.75,-9.0625,0.6014994,22.750114
25,Attention,self_attn.o_proj,4.5,-5.5625,0.086685225,26.736506
25,MLP,mlp.gate_proj,45.5,-9.0,0.6199836,20.107325
25,MLP,mlp.up_proj,45.5,-9.0,0.6199836,20.107325
25,MLP,mlp.down_proj,41.75,-18.25,0.10311692,996.47675
26,Attention,self_attn.q_proj,43.75,-9.0,0.6637074,13.745771
26,Attention,self_attn.k_proj,43.75,-9.0,0.6637074,13.745771
26,Attention,self_attn.v_proj,43.75,-9.0,0.6637074,13.745771
26,Attention,self_attn.o_proj,3.46875,-2.609375,0.07943973,19.350403
26,MLP,mlp.gate_proj,43.75,-9.0,0.6790866,12.647087
26,MLP,mlp.up_proj,43.75,-9.0,0.6790866,12.647087
26,MLP,mlp.down_proj,22.25,-40.0,0.12259091,682.60504
27,Attention,self_attn.q_proj,42.0,-9.0625,0.7273994,8.700755
27,Attention,self_attn.k_proj,42.0,-9.0625,0.7273994,8.700755
27,Attention,self_attn.v_proj,42.0,-9.0625,0.7273994,8.700755
27,Attention,self_attn.o_proj,2.953125,-3.5,0.07298729,22.413921
27,MLP,mlp.gate_proj,42.0,-8.9375,0.74908507,7.6959963
27,MLP,mlp.up_proj,42.0,-8.9375,0.74908507,7.6959963
27,MLP,mlp.down_proj,44.25,-112.5,0.1508098,2656.2627
28,Attention,self_attn.q_proj,41.25,-9.0,0.7872615,6.0175695
28,Attention,self_attn.k_proj,41.25,-9.0,0.7872615,6.0175695
28,Attention,self_attn.v_proj,41.25,-9.0,0.7872615,6.0175695
28,Attention,self_attn.o_proj,3.15625,-3.921875,0.10401921,18.160738
28,MLP,mlp.gate_proj,41.25,-8.9375,0.8150941,5.345316
28,MLP,mlp.up_proj,41.25,-8.9375,0.8150941,5.345316
28,MLP,mlp.down_proj,121.5,-85.0,0.27377394,929.75653
29,Attention,self_attn.q_proj,39.25,-9.0,0.84044534,4.8058605
29,Attention,self_attn.k_proj,39.25,-9.0,0.84044534,4.8058605
29,Attention,self_attn.v_proj,39.25,-9.0,0.84044534,4.8058605
29,Attention,self_attn.o_proj,3.25,-3.0625,0.08811522,18.665003
29,MLP,mlp.gate_proj,39.0,-13.75,0.8467909,5.515877
29,MLP,mlp.up_proj,39.0,-13.75,0.8467909,5.515877
29,MLP,mlp.down_proj,23.875,-35.5,0.2529621,90.21754
0,Attention,self_attn.q_proj,0.203125,-0.203125,0.021231763,0.09028196
0,Attention,self_attn.k_proj,0.203125,-0.203125,0.021231763,0.09028196
0,Attention,self_attn.v_proj,0.203125,-0.203125,0.021231763,0.09028196
0,Attention,self_attn.o_proj,0.40625,-0.40234375,0.0037790018,180.20421
0,MLP,mlp.gate_proj,0.64453125,-0.41796875,0.017770875,23.941319
0,MLP,mlp.up_proj,0.64453125,-0.41796875,0.017770875,23.941319
0,MLP,mlp.down_proj,0.10839844,-0.03466797,0.0001928071,2215.1763
1,Attention,self_attn.q_proj,1.265625,-1.015625,0.031523753,17.779875
1,Attention,self_attn.k_proj,1.265625,-1.015625,0.031523753,17.779875
1,Attention,self_attn.v_proj,1.265625,-1.015625,0.031523753,17.779875
1,Attention,self_attn.o_proj,0.49414062,-0.40039062,0.005883354,38.53676
1,MLP,mlp.gate_proj,1.375,-1.046875,0.035656646,15.518152
1,MLP,mlp.up_proj,1.375,-1.046875,0.035656646,15.518152
1,MLP,mlp.down_proj,0.55859375,-0.15625,0.0005283947,18459.484
2,Attention,self_attn.q_proj,1.609375,-1.578125,0.049581386,10.330179
2,Attention,self_attn.k_proj,1.609375,-1.578125,0.049581386,10.330179
2,Attention,self_attn.v_proj,1.609375,-1.578125,0.049581386,10.330179
2,Attention,self_attn.o_proj,0.4765625,-1.3984375,0.0076556113,443.99976
2,MLP,mlp.gate_proj,1.6640625,-1.7578125,0.05599723,8.715391
2,MLP,mlp.up_proj,1.6640625,-1.7578125,0.05599723,8.715391
2,MLP,mlp.down_proj,0.28515625,-2.09375,0.0010718167,162115.97
3,Attention,self_attn.q_proj,3.140625,-2.359375,0.07124985,7.7391214
3,Attention,self_attn.k_proj,3.140625,-2.359375,0.07124985,7.7391214
3,Attention,self_attn.v_proj,3.140625,-2.359375,0.07124985,7.7391214
3,Attention,self_attn.o_proj,0.953125,-2.078125,0.009930615,946.14905
3,MLP,mlp.gate_proj,3.34375,-2.59375,0.07804915,7.314828
3,MLP,mlp.up_proj,3.34375,-2.59375,0.07804915,7.314828
3,MLP,mlp.down_proj,0.6953125,-0.46484375,0.0020265775,1192.7146
4,Attention,self_attn.q_proj,3.5625,-2.796875,0.09885474,6.1780157
4,Attention,self_attn.k_proj,3.5625,-2.796875,0.09885474,6.1780157
4,Attention,self_attn.v_proj,3.5625,-2.796875,0.09885474,6.1780157
4,Attention,self_attn.o_proj,1.15625,-0.890625,0.013699358,103.20587
4,MLP,mlp.gate_proj,3.828125,-2.96875,0.109047234,5.660816
4,MLP,mlp.up_proj,3.828125,-2.96875,0.109047234,5.660816
4,MLP,mlp.down_proj,0.51171875,-1.328125,0.0035398481,807.6071
5,Attention,self_attn.q_proj,4.125,-3.03125,0.12587838,4.4098315
5,Attention,self_attn.k_proj,4.125,-3.03125,0.12587838,4.4098315
5,Attention,self_attn.v_proj,4.125,-3.03125,0.12587838,4.4098315
5,Attention,self_attn.o_proj,1.3828125,-1.578125,0.025021091,31.734413
5,MLP,mlp.gate_proj,4.15625,-2.984375,0.1354179,4.9577312
5,MLP,mlp.up_proj,4.15625,-2.984375,0.1354179,4.9577312
5,MLP,mlp.down_proj,1.1953125,-1.8125,0.0070127165,328.4951
6,Attention,self_attn.q_proj,4.875,-3.484375,0.15733102,5.0718737
6,Attention,self_attn.k_proj,4.875,-3.484375,0.15733102,5.0718737
6,Attention,self_attn.v_proj,4.875,-3.484375,0.15733102,5.0718737
6,Attention,self_attn.o_proj,1.4921875,-1.4609375,0.046269882,11.577702
6,MLP,mlp.gate_proj,5.3125,-3.78125,0.1770147,5.83029
6,MLP,mlp.up_proj,5.3125,-3.78125,0.1770147,5.83029
6,MLP,mlp.down_proj,3.125,-2.203125,0.011328081,309.23376
7,Attention,self_attn.q_proj,5.875,-4.15625,0.19262156,5.5366106
7,Attention,self_attn.k_proj,5.875,-4.15625,0.19262156,5.5366106
7,Attention,self_attn.v_proj,5.875,-4.15625,0.19262156,5.5366106
7,Attention,self_attn.o_proj,1.8046875,-1.53125,0.049750037,11.026684
7,MLP,mlp.gate_proj,6.0625,-4.375,0.21235318,5.4115076
7,MLP,mlp.up_proj,6.0625,-4.375,0.21235318,5.4115076
7,MLP,mlp.down_proj,3.59375,-3.140625,0.017456243,206.83318
8,Attention,self_attn.q_proj,8.125,-4.875,0.21808645,7.28916
8,Attention,self_attn.k_proj,8.125,-4.875,0.21808645,7.28916
8,Attention,self_attn.v_proj,8.125,-4.875,0.21808645,7.28916
8,Attention,self_attn.o_proj,1.6953125,-1.8359375,0.06275741,8.78502
8,MLP,mlp.gate_proj,9.5,-5.1875,0.23086958,8.916116
8,MLP,mlp.up_proj,9.5,-5.1875,0.23086958,8.916116
8,MLP,mlp.down_proj,2.15625,-10.375,0.017969888,4755.675
9,Attention,self_attn.q_proj,17.5,-5.4375,0.23759195,27.337826
9,Attention,self_attn.k_proj,17.5,-5.4375,0.23759195,27.337826
9,Attention,self_attn.v_proj,17.5,-5.4375,0.23759195,27.337826
9,Attention,self_attn.o_proj,1.8828125,-1.875,0.06562844,10.216753
9,MLP,mlp.gate_proj,26.0,-5.5625,0.25693142,83.894295
9,MLP,mlp.up_proj,26.0,-5.5625,0.25693142,83.894295
9,MLP,mlp.down_proj,17.875,-2.46875,0.022197971,15806.907
10,Attention,self_attn.q_proj,41.5,-5.75,0.25719798,474.80386
10,Attention,self_attn.k_proj,41.5,-5.75,0.25719798,474.80386
10,Attention,self_attn.v_proj,41.5,-5.75,0.25719798,474.80386
10,Attention,self_attn.o_proj,2.25,-1.8046875,0.0645987,9.99718
10,MLP,mlp.gate_proj,46.0,-5.9375,0.27346385,584.1893
10,MLP,mlp.up_proj,46.0,-5.9375,0.27346385,584.1893
10,MLP,mlp.down_proj,2.75,-44.25,0.024682265,200618.0
11,Attention,self_attn.q_proj,60.0,-6.1875,0.26947993,1497.9619
11,Attention,self_attn.k_proj,60.0,-6.1875,0.26947993,1497.9619
11,Attention,self_attn.v_proj,60.0,-6.1875,0.26947993,1497.9619
11,Attention,self_attn.o_proj,1.9296875,-2.28125,0.09465707,9.787868
11,MLP,mlp.gate_proj,60.75,-6.40625,0.2854733,1277.1034
11,MLP,mlp.up_proj,60.75,-6.40625,0.2854733,1277.1034
11,MLP,mlp.down_proj,11.4375,-15.9375,0.023928722,11130.652
12,Attention,self_attn.q_proj,63.5,-6.65625,0.28178996,1502.7926
12,Attention,self_attn.k_proj,63.5,-6.65625,0.28178996,1502.7926
12,Attention,self_attn.v_proj,63.5,-6.65625,0.28178996,1502.7926
12,Attention,self_attn.o_proj,4.125,-4.40625,0.07387859,19.153547
12,MLP,mlp.gate_proj,63.75,-6.71875,0.30139208,1216.8253
12,MLP,mlp.up_proj,63.75,-6.71875,0.30139208,1216.8253
12,MLP,mlp.down_proj,7.0625,-15.375,0.027221637,9251.211
13,Attention,self_attn.q_proj,68.0,-7.375,0.30161396,1449.4668
13,Attention,self_attn.k_proj,68.0,-7.375,0.30161396,1449.4668
13,Attention,self_attn.v_proj,68.0,-7.375,0.30161396,1449.4668
13,Attention,self_attn.o_proj,21.125,-13.9375,0.15318678,203.9837
13,MLP,mlp.gate_proj,67.5,-7.28125,0.31284612,1252.3129
13,MLP,mlp.up_proj,67.5,-7.28125,0.31284612,1252.3129
13,MLP,mlp.down_proj,19.75,-18.75,0.029513314,13518.954
14,Attention,self_attn.q_proj,69.5,-7.75,0.3072921,1418.8163
14,Attention,self_attn.k_proj,69.5,-7.75,0.3072921,1418.8163
14,Attention,self_attn.v_proj,69.5,-7.75,0.3072921,1418.8163
14,Attention,self_attn.o_proj,4.5,-7.40625,0.1171702,15.446674
14,MLP,mlp.gate_proj,69.5,-7.78125,0.32988262,1135.563
14,MLP,mlp.up_proj,69.5,-7.78125,0.32988262,1135.563
14,MLP,mlp.down_proj,7.0,-5.625,0.03090592,307.58618
15,Attention,self_attn.q_proj,70.0,-8.0,0.32224128,1236.4806
15,Attention,self_attn.k_proj,70.0,-8.0,0.32224128,1236.4806
15,Attention,self_attn.v_proj,70.0,-8.0,0.32224128,1236.4806
15,Attention,self_attn.o_proj,8.5,-5.375,0.08786009,61.93611
15,MLP,mlp.gate_proj,70.0,-8.0625,0.33892137,1050.8954
15,MLP,mlp.up_proj,70.0,-8.0625,0.33892137,1050.8954
15,MLP,mlp.down_proj,8.6875,-7.15625,0.032130614,695.1134
16,Attention,self_attn.q_proj,70.5,-8.0625,0.3360198,1071.8109
16,Attention,self_attn.k_proj,70.5,-8.0625,0.3360198,1071.8109
16,Attention,self_attn.v_proj,70.5,-8.0625,0.3360198,1071.8109
16,Attention,self_attn.o_proj,7.09375,-4.75,0.07740403,29.919315
16,MLP,mlp.gate_proj,70.5,-8.125,0.35727358,883.2496
16,MLP,mlp.up_proj,70.5,-8.125,0.35727358,883.2496
16,MLP,mlp.down_proj,13.5,-35.0,0.034610655,42438.64
17,Attention,self_attn.q_proj,70.5,-8.5,0.3561561,879.1559
17,Attention,self_attn.k_proj,70.5,-8.5,0.3561561,879.1559
17,Attention,self_attn.v_proj,70.5,-8.5,0.3561561,879.1559
17,Attention,self_attn.o_proj,25.875,-1.96875,0.07562259,3239.896
17,MLP,mlp.gate_proj,70.5,-8.5,0.3637067,819.21246
17,MLP,mlp.up_proj,70.5,-8.5,0.3637067,819.21246
17,MLP,mlp.down_proj,42.25,-5.3125,0.034523286,65421.676
18,Attention,self_attn.q_proj,70.5,-8.3125,0.36639634,790.5964
18,Attention,self_attn.k_proj,70.5,-8.3125,0.36639634,790.5964
18,Attention,self_attn.v_proj,70.5,-8.3125,0.36639634,790.5964
18,Attention,self_attn.o_proj,4.71875,-3.9375,0.09526576,15.31971
18,MLP,mlp.gate_proj,70.5,-8.3125,0.39024395,641.1369
18,MLP,mlp.up_proj,70.5,-8.3125,0.39024395,641.1369
18,MLP,mlp.down_proj,21.75,-6.4375,0.041254897,7046.2896
19,Attention,self_attn.q_proj,70.5,-8.1875,0.3944333,610.5665
19,Attention,self_attn.k_proj,70.5,-8.1875,0.3944333,610.5665
19,Attention,self_attn.v_proj,70.5,-8.1875,0.3944333,610.5665
19,Attention,self_attn.o_proj,5.96875,-12.0,0.11344388,112.654755
19,MLP,mlp.gate_proj,70.5,-8.125,0.4153134,507.31693
19,MLP,mlp.up_proj,70.5,-8.125,0.4153134,507.31693
19,MLP,mlp.down_proj,6.875,-26.875,0.047317676,7396.6353
20,Attention,self_attn.q_proj,70.0,-8.0,0.42399627,456.37253
20,Attention,self_attn.k_proj,70.0,-8.0,0.42399627,456.37253
20,Attention,self_attn.v_proj,70.0,-8.0,0.42399627,456.37253
20,Attention,self_attn.o_proj,4.59375,-9.75,0.118172824,36.23112
20,MLP,mlp.gate_proj,70.0,-8.0,0.4392603,395.10303
20,MLP,mlp.up_proj,70.0,-8.0,0.4392603,395.10303
20,MLP,mlp.down_proj,6.03125,-8.875,0.052199733,147.89514
21,Attention,self_attn.q_proj,67.0,-8.1875,0.45071772,301.87152
21,Attention,self_attn.k_proj,67.0,-8.1875,0.45071772,301.87152
21,Attention,self_attn.v_proj,67.0,-8.1875,0.45071772,301.87152
21,Attention,self_attn.o_proj,7.46875,-5.3125,0.10651324,64.29114
21,MLP,mlp.gate_proj,66.5,-8.0625,0.46576327,262.2168
21,MLP,mlp.up_proj,66.5,-8.0625,0.46576327,262.2168
21,MLP,mlp.down_proj,5.6875,-8.3125,0.059964083,111.94139
22,Attention,self_attn.q_proj,61.25,-7.90625,0.4765843,175.84708
22,Attention,self_attn.k_proj,61.25,-7.90625,0.4765843,175.84708
22,Attention,self_attn.v_proj,61.25,-7.90625,0.4765843,175.84708
22,Attention,self_attn.o_proj,4.84375,-4.03125,0.12518653,11.747748
22,MLP,mlp.gate_proj,60.75,-7.9375,0.49404666,150.23448
22,MLP,mlp.up_proj,60.75,-7.9375,0.49404666,150.23448
22,MLP,mlp.down_proj,17.5,-9.5625,0.06978177,497.24332
23,Attention,self_attn.q_proj,53.75,-8.4375,0.50167644,83.023735
23,Attention,self_attn.k_proj,53.75,-8.4375,0.50167644,83.023735
23,Attention,self_attn.v_proj,53.75,-8.4375,0.50167644,83.023735
23,Attention,self_attn.o_proj,4.125,-7.65625,0.16886844,7.927435
23,MLP,mlp.gate_proj,53.25,-8.375,0.52224296,69.084114
23,MLP,mlp.up_proj,53.25,-8.375,0.52224296,69.084114
23,MLP,mlp.down_proj,14.0625,-14.25,0.084161475,223.56418
24,Attention,self_attn.q_proj,48.5,-8.8125,0.54370385,39.15668
24,Attention,self_attn.k_proj,48.5,-8.8125,0.54370385,39.15668
24,Attention,self_attn.v_proj,48.5,-8.8125,0.54370385,39.15668
24,Attention,self_attn.o_proj,6.5625,-9.0625,0.08684531,66.77352
24,MLP,mlp.gate_proj,48.25,-8.5625,0.57179636,32.333153
24,MLP,mlp.up_proj,48.25,-8.5625,0.57179636,32.333153
24,MLP,mlp.down_proj,28.625,-24.125,0.09338815,748.36786
25,Attention,self_attn.q_proj,46.0,-8.875,0.60851467,21.82712
25,Attention,self_attn.k_proj,46.0,-8.875,0.60851467,21.82712
25,Attention,self_attn.v_proj,46.0,-8.875,0.60851467,21.82712
25,Attention,self_attn.o_proj,4.5,-5.4375,0.087579444,24.19316
25,MLP,mlp.gate_proj,45.75,-8.9375,0.6294184,19.057886
25,MLP,mlp.up_proj,45.75,-8.9375,0.6294184,19.057886
25,MLP,mlp.down_proj,25.625,-14.375,0.105269626,429.30353
26,Attention,self_attn.q_proj,44.0,-9.25,0.6779462,12.747228
26,Attention,self_attn.k_proj,44.0,-9.25,0.6779462,12.747228
26,Attention,self_attn.v_proj,44.0,-9.25,0.6779462,12.747228
26,Attention,self_attn.o_proj,3.5,-3.046875,0.0822467,16.737045
26,MLP,mlp.gate_proj,44.0,-9.0625,0.69350326,11.727508
26,MLP,mlp.up_proj,44.0,-9.0625,0.69350326,11.727508
26,MLP,mlp.down_proj,20.5,-40.25,0.12642515,608.8316
27,Attention,self_attn.q_proj,42.25,-9.5625,0.747547,7.882716
27,Attention,self_attn.k_proj,42.25,-9.5625,0.747547,7.882716
27,Attention,self_attn.v_proj,42.25,-9.5625,0.747547,7.882716
27,Attention,self_attn.o_proj,2.875,-3.71875,0.07711251,19.377445
27,MLP,mlp.gate_proj,42.25,-9.4375,0.7706075,6.943329
27,MLP,mlp.up_proj,42.25,-9.4375,0.7706075,6.943329
27,MLP,mlp.down_proj,58.5,-68.5,0.15433292,1835.2043
28,Attention,self_attn.q_proj,41.5,-9.375,0.81306297,5.3492975
28,Attention,self_attn.k_proj,41.5,-9.375,0.81306297,5.3492975
28,Attention,self_attn.v_proj,41.5,-9.375,0.81306297,5.3492975
28,Attention,self_attn.o_proj,3.859375,-4.0,0.106462106,17.531092
28,MLP,mlp.gate_proj,41.5,-9.3125,0.84106386,4.7861743
28,MLP,mlp.up_proj,41.5,-9.3125,0.84106386,4.7861743
28,MLP,mlp.down_proj,105.5,-278.0,0.27923176,6511.263
29,Attention,self_attn.q_proj,39.5,-8.9375,0.8681854,4.271335
29,Attention,self_attn.k_proj,39.5,-8.9375,0.8681854,4.271335
29,Attention,self_attn.v_proj,39.5,-8.9375,0.8681854,4.271335
29,Attention,self_attn.o_proj,2.984375,-2.75,0.08986876,17.059843
29,MLP,mlp.gate_proj,39.0,-14.125,0.8769234,5.163975
29,MLP,mlp.up_proj,39.0,-14.125,0.8769234,5.163975
29,MLP,mlp.down_proj,33.0,-27.25,0.2580343,108.3007
0,Attention,self_attn.q_proj,0.203125,-0.203125,0.019426068,0.34614205
0,Attention,self_attn.k_proj,0.203125,-0.203125,0.019426068,0.34614205
0,Attention,self_attn.v_proj,0.203125,-0.203125,0.019426068,0.34614205
0,Attention,self_attn.o_proj,0.41210938,-0.40234375,0.0036402994,173.14738
0,MLP,mlp.gate_proj,0.69921875,-0.41796875,0.016580818,66.02006
0,MLP,mlp.up_proj,0.69921875,-0.41796875,0.016580818,66.02006
0,MLP,mlp.down_proj,0.10839844,-0.044921875,0.0001907484,2686.543
1,Attention,self_attn.q_proj,1.15625,-0.9765625,0.030690935,20.769644
1,Attention,self_attn.k_proj,1.15625,-0.9765625,0.030690935,20.769644
1,Attention,self_attn.v_proj,1.15625,-0.9765625,0.030690935,20.769644
1,Attention,self_attn.o_proj,0.390625,-0.40039062,0.0054476066,43.289284
1,MLP,mlp.gate_proj,1.171875,-1.0390625,0.034187376,18.222101
1,MLP,mlp.up_proj,1.171875,-1.0390625,0.034187376,18.222101
1,MLP,mlp.down_proj,0.55859375,-0.1953125,0.00046974656,29118.336
2,Attention,self_attn.q_proj,1.546875,-1.578125,0.046753,13.0482025
2,Attention,self_attn.k_proj,1.546875,-1.578125,0.046753,13.0482025
2,Attention,self_attn.v_proj,1.546875,-1.578125,0.046753,13.0482025
2,Attention,self_attn.o_proj,0.48046875,-1.3984375,0.007144854,629.6932
2,MLP,mlp.gate_proj,1.578125,-1.7578125,0.05220084,10.846875
2,MLP,mlp.up_proj,1.578125,-1.7578125,0.05220084,10.846875
2,MLP,mlp.down_proj,0.30859375,-2.09375,0.0009156361,249147.0
3,Attention,self_attn.q_proj,3.140625,-2.359375,0.06611528,10.353755
3,Attention,self_attn.k_proj,3.140625,-2.359375,0.06611528,10.353755
3,Attention,self_attn.v_proj,3.140625,-2.359375,0.06611528,10.353755
3,Attention,self_attn.o_proj,0.953125,-2.078125,0.009512459,1061.8964
3,MLP,mlp.gate_proj,3.34375,-2.59375,0.07255387,9.340389
3,MLP,mlp.up_proj,3.34375,-2.59375,0.07255387,9.340389
3,MLP,mlp.down_proj,0.6953125,-0.59765625,0.0017685852,1760.5339
4,Attention,self_attn.q_proj,3.5625,-2.796875,0.093489565,8.779588
4,Attention,self_attn.k_proj,3.5625,-2.796875,0.093489565,8.779588
4,Attention,self_attn.v_proj,3.5625,-2.796875,0.093489565,8.779588
4,Attention,self_attn.o_proj,1.15625,-0.890625,0.012583437,138.14395
4,MLP,mlp.gate_proj,3.828125,-2.96875,0.102672376,7.565942
4,MLP,mlp.up_proj,3.828125,-2.96875,0.102672376,7.565942
4,MLP,mlp.down_proj,0.6875,-1.328125,0.0031130211,1125.9844
5,Attention,self_attn.q_proj,4.125,-3.03125,0.117914975,5.6545343
5,Attention,self_attn.k_proj,4.125,-3.03125,0.117914975,5.6545343
5,Attention,self_attn.v_proj,4.125,-3.03125,0.117914975,5.6545343
5,Attention,self_attn.o_proj,1.3828125,-1.578125,0.023456162,35.111923
5,MLP,mlp.gate_proj,4.15625,-2.984375,0.12712851,5.4782057
5,MLP,mlp.up_proj,4.15625,-2.984375,0.12712851,5.4782057
5,MLP,mlp.down_proj,1.4375,-2.03125,0.006228526,541.4788
6,Attention,self_attn.q_proj,4.875,-3.21875,0.1512787,5.997182
6,Attention,self_attn.k_proj,4.875,-3.21875,0.1512787,5.997182
6,Attention,self_attn.v_proj,4.875,-3.21875,0.1512787,5.997182
6,Attention,self_attn.o_proj,1.40625,-1.9921875,0.041656315,13.28323
6,MLP,mlp.gate_proj,5.3125,-3.46875,0.1681043,5.8213654
6,MLP,mlp.up_proj,5.3125,-3.46875,0.1681043,5.8213654
6,MLP,mlp.down_proj,2.90625,-1.703125,0.009958159,398.55746
7,Attention,self_attn.q_proj,5.875,-3.734375,0.18501228,6.9648523
7,Attention,self_attn.k_proj,5.875,-3.734375,0.18501228,6.9648523
7,Attention,self_attn.v_proj,5.875,-3.734375,0.18501228,6.9648523
7,Attention,self_attn.o_proj,1.796875,-1.46875,0.047378786,11.943172
7,MLP,mlp.gate_proj,6.0625,-3.90625,0.20403989,5.9648876
7,MLP,mlp.up_proj,6.0625,-3.90625,0.20403989,5.9648876
7,MLP,mlp.down_proj,2.796875,-3.203125,0.015592705,249.6303
8,Attention,self_attn.q_proj,8.375,-4.21875,0.21159954,8.743213
8,Attention,self_attn.k_proj,8.375,-4.21875,0.21159954,8.743213
8,Attention,self_attn.v_proj,8.375,-4.21875,0.21159954,8.743213
8,Attention,self_attn.o_proj,1.9375,-1.90625,0.05809953,10.373314
8,MLP,mlp.gate_proj,9.75,-4.4375,0.22363405,9.834497
8,MLP,mlp.up_proj,9.75,-4.4375,0.22363405,9.834497
8,MLP,mlp.down_proj,7.28125,-9.0,0.016734442,5110.317
9,Attention,self_attn.q_proj,18.0,-4.625,0.23313202,39.427444
9,Attention,self_attn.k_proj,18.0,-4.625,0.23313202,39.427444
9,Attention,self_attn.v_proj,18.0,-4.625,0.23313202,39.427444
9,Attention,self_attn.o_proj,2.4375,-1.875,0.059403777,13.752859
9,MLP,mlp.gate_proj,26.25,-4.875,0.2505299,119.41448
9,MLP,mlp.up_proj,26.25,-4.875,0.2505299,119.41448
9,MLP,mlp.down_proj,18.0,-12.75,0.020206448,25588.76
10,Attention,self_attn.q_proj,41.5,-5.0,0.25143605,618.1372
10,Attention,self_attn.k_proj,41.5,-5.0,0.25143605,618.1372
10,Attention,self_attn.v_proj,41.5,-5.0,0.25143605,618.1372
10,Attention,self_attn.o_proj,2.65625,-2.140625,0.05985836,12.306193
10,MLP,mlp.gate_proj,46.25,-5.21875,0.2669067,766.8348
10,MLP,mlp.up_proj,46.25,-5.21875,0.2669067,766.8348
10,MLP,mlp.down_proj,2.609375,-45.25,0.022506103,254862.92
11,Attention,self_attn.q_proj,60.25,-6.03125,0.2653367,1825.5133
11,Attention,self_attn.k_proj,60.25,-6.03125,0.2653367,1825.5133
11,Attention,self_attn.v_proj,60.25,-6.03125,0.2653367,1825.5133
11,Attention,self_attn.o_proj,2.03125,-2.515625,0.08718397,9.363512
11,MLP,mlp.gate_proj,61.25,-6.09375,0.2787688,1608.6217
11,MLP,mlp.up_proj,61.25,-6.09375,0.2787688,1608.6217
11,MLP,mlp.down_proj,11.375,-15.8125,0.022489691,14401.237
12,Attention,self_attn.q_proj,64.0,-6.71875,0.27792957,1818.174
12,Attention,self_attn.k_proj,64.0,-6.71875,0.27792957,1818.174
12,Attention,self_attn.v_proj,64.0,-6.71875,0.27792957,1818.174
12,Attention,self_attn.o_proj,4.21875,-4.78125,0.066216305,37.61882
12,MLP,mlp.gate_proj,64.5,-6.8125,0.29334426,1548.4377
12,MLP,mlp.up_proj,64.5,-6.8125,0.29334426,1548.4377
12,MLP,mlp.down_proj,6.875,-16.75,0.02522663,15846.789
13,Attention,self_attn.q_proj,69.5,-7.5625,0.2942624,1846.3042
13,Attention,self_attn.k_proj,69.5,-7.5625,0.2942624,1846.3042
13,Attention,self_attn.v_proj,69.5,-7.5625,0.2942624,1846.3042
13,Attention,self_attn.o_proj,21.5,-15.6875,0.14176555,308.93277
13,MLP,mlp.gate_proj,69.0,-7.4375,0.3048054,1617.9021
13,MLP,mlp.up_proj,69.0,-7.4375,0.3048054,1617.9021
13,MLP,mlp.down_proj,19.75,-18.125,0.027136754,18736.479
14,Attention,self_attn.q_proj,71.5,-7.96875,0.29896882,1833.6188
14,Attention,self_attn.k_proj,71.5,-7.96875,0.29896882,1833.6188
14,Attention,self_attn.v_proj,71.5,-7.96875,0.29896882,1833.6188
14,Attention,self_attn.o_proj,4.53125,-7.375,0.104729146,21.595867
14,MLP,mlp.gate_proj,71.5,-8.0,0.31777787,1526.9172
14,MLP,mlp.up_proj,71.5,-8.0,0.31777787,1526.9172
14,MLP,mlp.down_proj,6.34375,-5.8125,0.027632052,341.74338
15,Attention,self_attn.q_proj,72.0,-8.1875,0.31254435,1618.6232
15,Attention,self_attn.k_proj,72.0,-8.1875,0.31254435,1618.6232
15,Attention,self_attn.v_proj,72.0,-8.1875,0.31254435,1618.6232
15,Attention,self_attn.o_proj,8.875,-5.46875,0.077784054,162.03636
15,MLP,mlp.gate_proj,72.0,-8.25,0.32658044,1417.1718
15,MLP,mlp.up_proj,72.0,-8.25,0.32658044,1417.1718
15,MLP,mlp.down_proj,8.5,-8.0,0.028495982,1268.4316
16,Attention,self_attn.q_proj,72.5,-8.3125,0.3235032,1441.2163
16,Attention,self_attn.k_proj,72.5,-8.3125,0.3235032,1441.2163
16,Attention,self_attn.v_proj,72.5,-8.3125,0.3235032,1441.2163
16,Attention,self_attn.o_proj,7.21875,-4.84375,0.0694526,66.09131
16,MLP,mlp.gate_proj,72.5,-8.375,0.3418412,1225.8015
16,MLP,mlp.up_proj,72.5,-8.375,0.3418412,1225.8015
16,MLP,mlp.down_proj,13.75,-36.75,0.030839745,58736.36
17,Attention,self_attn.q_proj,72.5,-8.625,0.34132138,1210.4309
17,Attention,self_attn.k_proj,72.5,-8.625,0.34132138,1210.4309
17,Attention,self_attn.v_proj,72.5,-8.625,0.34132138,1210.4309
17,Attention,self_attn.o_proj,26.5,-1.9140625,0.07249798,4568.9683
17,MLP,mlp.gate_proj,72.5,-8.625,0.34961125,1121.783
17,MLP,mlp.up_proj,72.5,-8.625,0.34961125,1121.783
17,MLP,mlp.down_proj,44.5,-3.984375,0.03095151,83923.35
18,Attention,self_attn.q_proj,72.5,-8.4375,0.35385448,1067.9954
18,Attention,self_attn.k_proj,72.5,-8.4375,0.35385448,1067.9954
18,Attention,self_attn.v_proj,72.5,-8.4375,0.35385448,1067.9954
18,Attention,self_attn.o_proj,4.875,-4.125,0.0921461,24.806461
18,MLP,mlp.gate_proj,72.5,-8.4375,0.37537035,886.60284
18,MLP,mlp.up_proj,72.5,-8.4375,0.37537035,886.60284
18,MLP,mlp.down_proj,22.625,-6.375,0.036711995,12186.212
19,Attention,self_attn.q_proj,72.5,-8.25,0.37987274,842.6514
19,Attention,self_attn.k_proj,72.5,-8.25,0.37987274,842.6514
19,Attention,self_attn.v_proj,72.5,-8.25,0.37987274,842.6514
19,Attention,self_attn.o_proj,6.21875,-12.5625,0.10623227,209.27974
19,MLP,mlp.gate_proj,72.5,-8.1875,0.39905387,712.2567
19,MLP,mlp.up_proj,72.5,-8.1875,0.39905387,712.2567
19,MLP,mlp.down_proj,6.09375,-27.0,0.042343505,11917.14
20,Attention,self_attn.q_proj,72.0,-8.0625,0.41005868,628.1979
20,Attention,self_attn.k_proj,72.0,-8.0625,0.41005868,628.1979
20,Attention,self_attn.v_proj,72.0,-8.0625,0.41005868,628.1979
20,Attention,self_attn.o_proj,4.65625,-10.75,0.11643882,62.020393
20,MLP,mlp.gate_proj,72.0,-8.125,0.42608222,542.1471
20,MLP,mlp.up_proj,72.0,-8.125,0.42608222,542.1471
20,MLP,mlp.down_proj,4.75,-9.5625,0.04808511,197.7904
21,Attention,self_attn.q_proj,69.0,-8.625,0.4408973,402.72412
21,Attention,self_attn.k_proj,69.0,-8.625,0.4408973,402.72412
21,Attention,self_attn.v_proj,69.0,-8.625,0.4408973,402.72412
21,Attention,self_attn.o_proj,7.8125,-5.4375,0.10836448,86.89669
21,MLP,mlp.gate_proj,68.5,-8.5625,0.45774615,344.9725
21,MLP,mlp.up_proj,68.5,-8.5625,0.45774615,344.9725
21,MLP,mlp.down_proj,7.71875,-18.125,0.056657933,477.7573
22,Attention,self_attn.q_proj,63.5,-8.375,0.47297284,223.47456
22,Attention,self_attn.k_proj,63.5,-8.375,0.47297284,223.47456
22,Attention,self_attn.v_proj,63.5,-8.375,0.47297284,223.47456
22,Attention,self_attn.o_proj,5.125,-4.1875,0.113978714,17.555
22,MLP,mlp.gate_proj,63.0,-8.4375,0.4905846,190.98244
22,MLP,mlp.up_proj,63.0,-8.4375,0.4905846,190.98244
22,MLP,mlp.down_proj,24.5,-12.25,0.06681238,893.2063
23,Attention,self_attn.q_proj,55.5,-8.75,0.501958,103.31625
23,Attention,self_attn.k_proj,55.5,-8.75,0.501958,103.31625
23,Attention,self_attn.v_proj,55.5,-8.75,0.501958,103.31625
23,Attention,self_attn.o_proj,4.21875,-7.84375,0.1580595,11.543979
23,MLP,mlp.gate_proj,55.0,-8.375,0.5223684,85.934746
23,MLP,mlp.up_proj,55.0,-8.375,0.5223684,85.934746
23,MLP,mlp.down_proj,13.625,-14.1875,0.080378816,258.19025
24,Attention,self_attn.q_proj,49.0,-9.25,0.5456919,47.801533
24,Attention,self_attn.k_proj,49.0,-9.25,0.5456919,47.801533
24,Attention,self_attn.v_proj,49.0,-9.25,0.5456919,47.801533
24,Attention,self_attn.o_proj,6.65625,-9.375,0.09216507,94.38821
24,MLP,mlp.gate_proj,48.75,-9.25,0.57390654,39.378845
24,MLP,mlp.up_proj,48.75,-9.25,0.57390654,39.378845
24,MLP,mlp.down_proj,30.75,-22.625,0.0855954,1303.7538
25,Attention,self_attn.q_proj,46.5,-9.75,0.59821486,28.608059
25,Attention,self_attn.k_proj,46.5,-9.75,0.59821486,28.608059
25,Attention,self_attn.v_proj,46.5,-9.75,0.59821486,28.608059
25,Attention,self_attn.o_proj,4.625,-5.6875,0.08863989,34.356537
25,MLP,mlp.gate_proj,46.25,-9.75,0.6164372,25.274683
25,MLP,mlp.up_proj,46.25,-9.75,0.6164372,25.274683
25,MLP,mlp.down_proj,45.75,-20.375,0.093509294,1170.0856
26,Attention,self_attn.q_proj,44.5,-9.6875,0.655079,17.512135
26,Attention,self_attn.k_proj,44.5,-9.6875,0.655079,17.512135
26,Attention,self_attn.v_proj,44.5,-9.6875,0.655079,17.512135
26,Attention,self_attn.o_proj,3.765625,-2.796875,0.08356912,18.15551
26,MLP,mlp.gate_proj,44.5,-10.1875,0.67430454,15.795595
26,MLP,mlp.up_proj,44.5,-10.1875,0.67430454,15.795595
26,MLP,mlp.down_proj,19.75,-41.25,0.11012781,1049.2817
27,Attention,self_attn.q_proj,42.75,-10.4375,0.7215715,10.964515
27,Attention,self_attn.k_proj,42.75,-10.4375,0.7215715,10.964515
27,Attention,self_attn.v_proj,42.75,-10.4375,0.7215715,10.964515
27,Attention,self_attn.o_proj,3.359375,-2.859375,0.075182095,21.670671
27,MLP,mlp.gate_proj,42.75,-10.25,0.747643,9.532726
27,MLP,mlp.up_proj,42.75,-10.25,0.747643,9.532726
27,MLP,mlp.down_proj,35.25,-163.0,0.13564327,8224.923
28,Attention,self_attn.q_proj,42.0,-10.1875,0.78793323,7.4086714
28,Attention,self_attn.k_proj,42.0,-10.1875,0.78793323,7.4086714
28,Attention,self_attn.v_proj,42.0,-10.1875,0.78793323,7.4086714
28,Attention,self_attn.o_proj,3.96875,-4.34375,0.10303842,20.77494
28,MLP,mlp.gate_proj,42.0,-9.875,0.8184865,6.471856
28,MLP,mlp.up_proj,42.0,-9.875,0.8184865,6.471856
28,MLP,mlp.down_proj,179.0,-137.0,0.26067352,3964.8938
29,Attention,self_attn.q_proj,40.0,-9.5625,0.8440363,5.5581455
29,Attention,self_attn.k_proj,40.0,-9.5625,0.8440363,5.5581455
29,Attention,self_attn.v_proj,40.0,-9.5625,0.8440363,5.5581455
29,Attention,self_attn.o_proj,3.453125,-3.125,0.08254601,21.264153
29,MLP,mlp.gate_proj,39.5,-14.125,0.8597701,5.9245825
29,MLP,mlp.up_proj,39.5,-14.125,0.8597701,5.9245825
29,MLP,mlp.down_proj,30.375,-29.0,0.24984522,124.13664
0,Attention,self_attn.q_proj,0.203125,-0.203125,0.020656612,0.25558925
0,Attention,self_attn.k_proj,0.203125,-0.203125,0.020656612,0.25558925
0,Attention,self_attn.v_proj,0.203125,-0.203125,0.020656612,0.25558925
0,Attention,self_attn.o_proj,0.40429688,-0.40234375,0.0035792051,220.97025
0,MLP,mlp.gate_proj,0.69921875,-0.41796875,0.017634036,44.423927
0,MLP,mlp.up_proj,0.69921875,-0.41796875,0.017634036,44.423927
0,MLP,mlp.down_proj,0.10839844,-0.034423828,0.0002247065,1703.9908
1,Attention,self_attn.q_proj,1.296875,-1.171875,0.034056403,18.159353
1,Attention,self_attn.k_proj,1.296875,-1.171875,0.034056403,18.159353
1,Attention,self_attn.v_proj,1.296875,-1.171875,0.034056403,18.159353
1,Attention,self_attn.o_proj,0.33984375,-0.40039062,0.0054842248,42.53267
1,MLP,mlp.gate_proj,1.3984375,-1.2109375,0.037673656,16.664162
1,MLP,mlp.up_proj,1.3984375,-1.2109375,0.037673656,16.664162
1,MLP,mlp.down_proj,0.55859375,-0.14160156,0.0005755013,15329.72
2,Attention,self_attn.q_proj,1.5625,-1.578125,0.052461714,10.597541
2,Attention,self_attn.k_proj,1.5625,-1.578125,0.052461714,10.597541
2,Attention,self_attn.v_proj,1.5625,-1.578125,0.052461714,10.597541
2,Attention,self_attn.o_proj,0.55859375,-1.3984375,0.0067612734,614.8165
2,MLP,mlp.gate_proj,1.6015625,-1.7578125,0.05787514,9.209933
2,MLP,mlp.up_proj,1.6015625,-1.7578125,0.05787514,9.209933
2,MLP,mlp.down_proj,0.3125,-2.09375,0.0011120604,152232.3
3,Attention,self_attn.q_proj,3.140625,-2.359375,0.073619865,7.960614
3,Attention,self_attn.k_proj,3.140625,-2.359375,0.073619865,7.960614
3,Attention,self_attn.v_proj,3.140625,-2.359375,0.073619865,7.960614
3,Attention,self_attn.o_proj,0.953125,-2.078125,0.009071264,1119.5144
3,MLP,mlp.gate_proj,3.34375,-2.59375,0.079199366,7.7175436
3,MLP,mlp.up_proj,3.34375,-2.59375,0.079199366,7.7175436
3,MLP,mlp.down_proj,0.6953125,-0.43164062,0.0020608325,1176.3163
4,Attention,self_attn.q_proj,3.5625,-2.796875,0.101099424,6.6946297
4,Attention,self_attn.k_proj,3.5625,-2.796875,0.101099424,6.6946297
4,Attention,self_attn.v_proj,3.5625,-2.796875,0.101099424,6.6946297
4,Attention,self_attn.o_proj,1.15625,-0.890625,0.012945921,126.499466
4,MLP,mlp.gate_proj,3.828125,-2.96875,0.11008555,6.1132135
4,MLP,mlp.up_proj,3.828125,-2.96875,0.11008555,6.1132135
4,MLP,mlp.down_proj,0.5625,-1.328125,0.0035134621,796.13885
5,Attention,self_attn.q_proj,4.125,-3.03125,0.12642516,4.7265987
5,Attention,self_attn.k_proj,4.125,-3.03125,0.12642516,4.7265987
5,Attention,self_attn.v_proj,4.125,-3.03125,0.12642516,4.7265987
5,Attention,self_attn.o_proj,1.3828125,-1.578125,0.023706965,35.27068
5,MLP,mlp.gate_proj,4.15625,-2.984375,0.13548684,5.1009235
5,MLP,mlp.up_proj,4.15625,-2.984375,0.13548684,5.1009235
5,MLP,mlp.down_proj,1.0546875,-1.8125,0.0069203083,312.7843
6,Attention,self_attn.q_proj,4.875,-3.21875,0.16154344,5.1145697
6,Attention,self_attn.k_proj,4.875,-3.21875,0.16154344,5.1145697
6,Attention,self_attn.v_proj,4.875,-3.21875,0.16154344,5.1145697
6,Attention,self_attn.o_proj,1.5390625,-1.71875,0.04457632,12.417531
6,MLP,mlp.gate_proj,5.3125,-3.296875,0.17950556,5.6484976
6,MLP,mlp.up_proj,5.3125,-3.296875,0.17950556,5.6484976
6,MLP,mlp.down_proj,2.953125,-1.703125,0.011370411,249.07327
7,Attention,self_attn.q_proj,5.875,-3.703125,0.19822499,5.7541924
7,Attention,self_attn.k_proj,5.875,-3.703125,0.19822499,5.7541924
7,Attention,self_attn.v_proj,5.875,-3.703125,0.19822499,5.7541924
7,Attention,self_attn.o_proj,1.59375,-1.671875,0.048061613,13.08255
7,MLP,mlp.gate_proj,6.0625,-3.90625,0.21612567,5.512638
7,MLP,mlp.up_proj,6.0625,-3.90625,0.21612567,5.512638
7,MLP,mlp.down_proj,3.015625,-3.21875,0.017561223,190.91064
8,Attention,self_attn.q_proj,8.375,-4.21875,0.22523774,7.13385
8,Attention,self_attn.k_proj,8.375,-4.21875,0.22523774,7.13385
8,Attention,self_attn.v_proj,8.375,-4.21875,0.22523774,7.13385
8,Attention,self_attn.o_proj,1.8359375,-1.6796875,0.060218073,10.534043
8,MLP,mlp.gate_proj,9.625,-4.34375,0.23684695,8.636712
8,MLP,mlp.up_proj,9.625,-4.34375,0.23684695,8.636712
8,MLP,mlp.down_proj,1.6484375,-11.75,0.018468397,4194.7676
9,Attention,self_attn.q_proj,17.875,-4.65625,0.24656111,25.79066
9,Attention,self_attn.k_proj,17.875,-4.65625,0.24656111,25.79066
9,Attention,self_attn.v_proj,17.875,-4.65625,0.24656111,25.79066
9,Attention,self_attn.o_proj,1.90625,-1.9453125,0.06298058,10.051815
9,MLP,mlp.gate_proj,26.25,-4.78125,0.26301616,76.86535
9,MLP,mlp.up_proj,26.25,-4.78125,0.26301616,76.86535
9,MLP,mlp.down_proj,17.0,-2.4375,0.02225058,16458.68
10,Attention,self_attn.q_proj,42.0,-5.0,0.26422036,407.40646
10,Attention,self_attn.k_proj,42.0,-5.0,0.26422036,407.40646
10,Attention,self_attn.v_proj,42.0,-5.0,0.26422036,407.40646
10,Attention,self_attn.o_proj,2.75,-2.21875,0.0629482,11.10438
10,MLP,mlp.gate_proj,46.5,-5.09375,0.27925178,509.27783
10,MLP,mlp.up_proj,46.5,-5.09375,0.27925178,509.27783
10,MLP,mlp.down_proj,3.34375,-40.5,0.024627922,180891.2
11,Attention,self_attn.q_proj,60.5,-6.0625,0.27614704,1261.7894
11,Attention,self_attn.k_proj,60.5,-6.0625,0.27614704,1261.7894
11,Attention,self_attn.v_proj,60.5,-6.0625,0.27614704,1261.7894
11,Attention,self_attn.o_proj,2.046875,-2.078125,0.09050335,9.380389
11,MLP,mlp.gate_proj,61.0,-6.15625,0.2904291,1101.5519
11,MLP,mlp.up_proj,61.0,-6.15625,0.2904291,1101.5519
11,MLP,mlp.down_proj,10.125,-15.0625,0.02424281,10138.505
12,Attention,self_attn.q_proj,63.25,-6.59375,0.28774962,1284.8518
12,Attention,self_attn.k_proj,63.25,-6.59375,0.28774962,1284.8518
12,Attention,self_attn.v_proj,63.25,-6.59375,0.28774962,1284.8518
12,Attention,self_attn.o_proj,4.125,-4.46875,0.07002725,21.878832
12,MLP,mlp.gate_proj,63.5,-6.65625,0.3048211,1074.8346
12,MLP,mlp.up_proj,63.5,-6.65625,0.3048211,1074.8346
12,MLP,mlp.down_proj,6.125,-13.9375,0.027419304,7423.1426
13,Attention,self_attn.q_proj,67.5,-7.3125,0.30528134,1279.2407
13,Attention,self_attn.k_proj,67.5,-7.3125,0.30528134,1279.2407
13,Attention,self_attn.v_proj,67.5,-7.3125,0.30528134,1279.2407
13,Attention,self_attn.o_proj,21.125,-13.8125,0.15055184,194.81502
13,MLP,mlp.gate_proj,67.0,-7.21875,0.31673768,1108.5452
13,MLP,mlp.up_proj,67.0,-7.21875,0.31673768,1108.5452
13,MLP,mlp.down_proj,19.5,-16.375,0.029637586,13338.092
14,Attention,self_attn.q_proj,69.0,-7.8125,0.313522,1224.2892
14,Attention,self_attn.k_proj,69.0,-7.8125,0.313522,1224.2892
14,Attention,self_attn.v_proj,69.0,-7.8125,0.313522,1224.2892
14,Attention,self_attn.o_proj,4.46875,-7.4375,0.110101536,16.566086
14,MLP,mlp.gate_proj,69.0,-7.875,0.33317807,1011.24316
14,MLP,mlp.up_proj,69.0,-7.875,0.33317807,1011.24316
14,MLP,mlp.down_proj,6.0625,-5.375,0.030683057,236.96887
15,Attention,self_attn.q_proj,69.5,-8.1875,0.3261395,1096.3527
15,Attention,self_attn.k_proj,69.5,-8.1875,0.3261395,1096.3527
15,Attention,self_attn.v_proj,69.5,-8.1875,0.3261395,1096.3527
15,Attention,self_attn.o_proj,8.625,-5.4375,0.08333358,81.72774
15,MLP,mlp.gate_proj,69.5,-8.25,0.34323078,931.1499
15,MLP,mlp.up_proj,69.5,-8.25,0.34323078,931.1499
15,MLP,mlp.down_proj,8.9375,-6.875,0.032003436,749.16473
16,Attention,self_attn.q_proj,70.0,-8.3125,0.34020337,951.87244
16,Attention,self_attn.k_proj,70.0,-8.3125,0.34020337,951.87244
16,Attention,self_attn.v_proj,70.0,-8.3125,0.34020337,951.87244
16,Attention,self_attn.o_proj,6.53125,-4.5625,0.070590205,37.447712
16,MLP,mlp.gate_proj,70.0,-8.3125,0.35916895,800.8673
16,MLP,mlp.up_proj,70.0,-8.3125,0.35916895,800.8673
16,MLP,mlp.down_proj,13.375,-35.25,0.0339671,38006.168
17,Attention,self_attn.q_proj,70.0,-8.625,0.35943758,787.29846
17,Attention,self_attn.k_proj,70.0,-8.625,0.35943758,787.29846
17,Attention,self_attn.v_proj,70.0,-8.625,0.35943758,787.29846
17,Attention,self_attn.o_proj,25.75,-1.9921875,0.070202,3584.495
17,MLP,mlp.gate_proj,70.0,-8.625,0.36620018,739.36646
17,MLP,mlp.up_proj,70.0,-8.625,0.36620018,739.36646
17,MLP,mlp.down_proj,42.5,-3.3125,0.03430348,53982.188
18,Attention,self_attn.q_proj,70.0,-8.4375,0.36950397,710.235
18,Attention,self_attn.k_proj,70.0,-8.4375,0.36950397,710.235
18,Attention,self_attn.v_proj,70.0,-8.4375,0.36950397,710.235
18,Attention,self_attn.o_proj,4.65625,-3.921875,0.093594745,16.791697
18,MLP,mlp.gate_proj,70.0,-8.4375,0.39107397,587.09564
18,MLP,mlp.up_proj,70.0,-8.4375,0.39107397,587.09564
18,MLP,mlp.down_proj,22.375,-6.21875,0.040394112,6717.1445
19,Attention,self_attn.q_proj,70.0,-8.3125,0.39565408,557.2942
19,Attention,self_attn.k_proj,70.0,-8.3125,0.39565408,557.2942
19,Attention,self_attn.v_proj,70.0,-8.3125,0.39565408,557.2942
19,Attention,self_attn.o_proj,5.8125,-11.6875,0.10764715,116.5397
19,MLP,mlp.gate_proj,70.0,-8.25,0.4166842,461.933
19,MLP,mlp.up_proj,70.0,-8.25,0.4166842,461.933
19,MLP,mlp.down_proj,6.4375,-27.5,0.047046497,6795.0923
20,Attention,self_attn.q_proj,69.5,-8.125,0.42676193,410.5732
20,Attention,self_attn.k_proj,69.5,-8.125,0.42676193,410.5732
20,Attention,self_attn.v_proj,69.5,-8.125,0.42676193,410.5732
20,Attention,self_attn.o_proj,4.59375,-10.5,0.112332635,51.265152
20,MLP,mlp.gate_proj,69.5,-8.125,0.44084138,359.81424
20,MLP,mlp.up_proj,69.5,-8.125,0.44084138,359.81424
20,MLP,mlp.down_proj,7.5,-8.4375,0.052486617,164.28334
21,Attention,self_attn.q_proj,67.0,-8.125,0.45410293,272.19537
21,Attention,self_attn.k_proj,67.0,-8.125,0.45410293,272.19537
21,Attention,self_attn.v_proj,67.0,-8.125,0.45410293,272.19537
21,Attention,self_attn.o_proj,7.40625,-5.34375,0.10280223,74.51479
21,MLP,mlp.gate_proj,66.5,-8.1875,0.46803033,238.05928
21,MLP,mlp.up_proj,66.5,-8.1875,0.46803033,238.05928
21,MLP,mlp.down_proj,8.4375,-7.75,0.060866196,115.86838
22,Attention,self_attn.q_proj,61.75,-8.0625,0.48140004,157.77576
22,Attention,self_attn.k_proj,61.75,-8.0625,0.48140004,157.77576
22,Attention,self_attn.v_proj,61.75,-8.0625,0.48140004,157.77576
22,Attention,self_attn.o_proj,4.90625,-4.03125,0.11928058,14.482548
22,MLP,mlp.gate_proj,61.25,-8.25,0.5007489,133.01715
22,MLP,mlp.up_proj,61.25,-8.25,0.5007489,133.01715
22,MLP,mlp.down_proj,17.5,-9.6875,0.07137243,460.78558
23,Attention,self_attn.q_proj,54.0,-8.375,0.5127638,71.87546
23,Attention,self_attn.k_proj,54.0,-8.375,0.5127638,71.87546
23,Attention,self_attn.v_proj,54.0,-8.375,0.5127638,71.87546
23,Attention,self_attn.o_proj,4.09375,-7.625,0.1597456,9.875718
23,MLP,mlp.gate_proj,53.5,-8.875,0.5315662,60.632065
23,MLP,mlp.up_proj,53.5,-8.875,0.5315662,60.632065
23,MLP,mlp.down_proj,11.25,-18.25,0.08690542,252.55644
24,Attention,self_attn.q_proj,48.5,-9.4375,0.5570393,34.001316
24,Attention,self_attn.k_proj,48.5,-9.4375,0.5570393,34.001316
24,Attention,self_attn.v_proj,48.5,-9.4375,0.5570393,34.001316
24,Attention,self_attn.o_proj,6.625,-9.0625,0.086327404,75.70028
24,MLP,mlp.gate_proj,48.25,-9.75,0.5874709,27.86933
24,MLP,mlp.up_proj,48.25,-9.75,0.5874709,27.86933
24,MLP,mlp.down_proj,29.125,-19.5,0.09786538,640.74786
25,Attention,self_attn.q_proj,46.0,-10.25,0.61965454,19.720755
25,Attention,self_attn.k_proj,46.0,-10.25,0.61965454,19.720755
25,Attention,self_attn.v_proj,46.0,-10.25,0.61965454,19.720755
25,Attention,self_attn.o_proj,4.59375,-5.5,0.08377099,32.23766
25,MLP,mlp.gate_proj,45.75,-10.375,0.63749796,17.58309
25,MLP,mlp.up_proj,45.75,-10.375,0.63749796,17.58309
25,MLP,mlp.down_proj,26.875,-22.5,0.10834542,409.38675
26,Attention,self_attn.q_proj,44.0,-11.0,0.6820444,12.181671
26,Attention,self_attn.k_proj,44.0,-11.0,0.6820444,12.181671
26,Attention,self_attn.v_proj,44.0,-11.0,0.6820444,12.181671
26,Attention,self_attn.o_proj,3.59375,-2.359375,0.0787849,17.497473
26,MLP,mlp.gate_proj,44.0,-11.5,0.6978183,11.291841
26,MLP,mlp.up_proj,44.0,-11.5,0.6978183,11.291841
26,MLP,mlp.down_proj,21.125,-40.5,0.12838133,581.1652
27,Attention,self_attn.q_proj,42.25,-11.8125,0.7451743,7.967121
27,Attention,self_attn.k_proj,42.25,-11.8125,0.7451743,7.967121
27,Attention,self_attn.v_proj,42.25,-11.8125,0.7451743,7.967121
27,Attention,self_attn.o_proj,3.53125,-2.984375,0.07839717,21.755981
27,MLP,mlp.gate_proj,42.25,-11.625,0.7715627,6.9243774
27,MLP,mlp.up_proj,42.25,-11.625,0.7715627,6.9243774
27,MLP,mlp.down_proj,36.5,-71.0,0.15785094,1372.8254
28,Attention,self_attn.q_proj,41.5,-11.625,0.80653524,5.533745
28,Attention,self_attn.k_proj,41.5,-11.625,0.80653524,5.533745
28,Attention,self_attn.v_proj,41.5,-11.625,0.80653524,5.533745
28,Attention,self_attn.o_proj,4.1875,-4.53125,0.1066482,16.840647
28,MLP,mlp.gate_proj,41.5,-11.375,0.83675814,4.830926
28,MLP,mlp.up_proj,41.5,-11.375,0.83675814,4.830926
28,MLP,mlp.down_proj,193.0,-79.0,0.27695122,2182.792
29,Attention,self_attn.q_proj,39.5,-10.375,0.8592722,4.0900354
29,Attention,self_attn.k_proj,39.5,-10.375,0.8592722,4.0900354
29,Attention,self_attn.v_proj,39.5,-10.375,0.8592722,4.0900354
29,Attention,self_attn.o_proj,3.46875,-3.3125,0.08809757,16.977053
29,MLP,mlp.gate_proj,39.0,-14.0,0.86988795,4.41293
29,MLP,mlp.up_proj,39.0,-14.0,0.86988795,4.41293
29,MLP,mlp.down_proj,25.5,-26.625,0.25544706,74.65494
0,Attention,self_attn.q_proj,0.203125,-0.203125,0.021438383,0.077969074
0,Attention,self_attn.k_proj,0.203125,-0.203125,0.021438383,0.077969074
0,Attention,self_attn.v_proj,0.203125,-0.203125,0.021438383,0.077969074
0,Attention,self_attn.o_proj,0.40820312,-0.40234375,0.0037469026,201.61455
0,MLP,mlp.gate_proj,0.58203125,-0.41796875,0.01828765,21.749077
0,MLP,mlp.up_proj,0.58203125,-0.41796875,0.01828765,21.749077
0,MLP,mlp.down_proj,0.10839844,-0.033691406,0.00020479289,1918.8617
1,Attention,self_attn.q_proj,1.140625,-0.9921875,0.033067282,16.53325
1,Attention,self_attn.k_proj,1.140625,-0.9921875,0.033067282,16.53325
1,Attention,self_attn.v_proj,1.140625,-0.9921875,0.033067282,16.53325
1,Attention,self_attn.o_proj,0.27929688,-0.44726562,0.005989159,39.713615
1,MLP,mlp.gate_proj,1.2421875,-1.0390625,0.03734653,14.291166
1,MLP,mlp.up_proj,1.2421875,-1.0390625,0.03734653,14.291166
1,MLP,mlp.down_proj,0.55859375,-0.18554688,0.00057027396,14998.916
2,Attention,self_attn.q_proj,1.40625,-1.578125,0.052196093,9.220035
2,Attention,self_attn.k_proj,1.40625,-1.578125,0.052196093,9.220035
2,Attention,self_attn.v_proj,1.40625,-1.578125,0.052196093,9.220035
2,Attention,self_attn.o_proj,0.48046875,-1.3984375,0.007632098,450.9352
2,MLP,mlp.gate_proj,1.484375,-1.7578125,0.058548935,7.815566
2,MLP,mlp.up_proj,1.484375,-1.7578125,0.058548935,7.815566
2,MLP,mlp.down_proj,0.31640625,-2.09375,0.0011423177,137219.4
3,Attention,self_attn.q_proj,3.140625,-2.359375,0.07488642,6.8161993
3,Attention,self_attn.k_proj,3.140625,-2.359375,0.07488642,6.8161993
3,Attention,self_attn.v_proj,3.140625,-2.359375,0.07488642,6.8161993
3,Attention,self_attn.o_proj,0.953125,-2.078125,0.010045964,887.7991
3,MLP,mlp.gate_proj,3.34375,-2.59375,0.081950635,6.3370495
3,MLP,mlp.up_proj,3.34375,-2.59375,0.081950635,6.3370495
3,MLP,mlp.down_proj,0.6953125,-0.63671875,0.0021688833,1201.6
4,Attention,self_attn.q_proj,3.5625,-2.796875,0.10334079,5.4291887
4,Attention,self_attn.k_proj,3.5625,-2.796875,0.10334079,5.4291887
4,Attention,self_attn.v_proj,3.5625,-2.796875,0.10334079,5.4291887
4,Attention,self_attn.o_proj,1.15625,-0.890625,0.013386736,111.26235
4,MLP,mlp.gate_proj,3.828125,-2.96875,0.113277845,4.9740796
4,MLP,mlp.up_proj,3.828125,-2.96875,0.113277845,4.9740796
4,MLP,mlp.down_proj,0.6640625,-1.328125,0.0037129498,712.21155
5,Attention,self_attn.q_proj,4.125,-3.03125,0.13026041,3.9130907
5,Attention,self_attn.k_proj,4.125,-3.03125,0.13026041,3.9130907
5,Attention,self_attn.v_proj,4.125,-3.03125,0.13026041,3.9130907
5,Attention,self_attn.o_proj,1.3828125,-1.578125,0.02538848,29.623543
5,MLP,mlp.gate_proj,4.15625,-2.984375,0.1404593,4.367496
5,MLP,mlp.up_proj,4.15625,-2.984375,0.1404593,4.367496
5,MLP,mlp.down_proj,1.0859375,-1.8125,0.0074506495,413.9889
6,Attention,self_attn.q_proj,4.875,-3.53125,0.16266581,4.5393324
6,Attention,self_attn.k_proj,4.875,-3.53125,0.16266581,4.5393324
6,Attention,self_attn.v_proj,4.875,-3.53125,0.16266581,4.5393324
6,Attention,self_attn.o_proj,1.734375,-1.1953125,0.046768412,11.739061
6,MLP,mlp.gate_proj,5.3125,-3.84375,0.18191706,5.212579
6,MLP,mlp.up_proj,5.3125,-3.84375,0.18191706,5.212579
6,MLP,mlp.down_proj,2.421875,-4.4375,0.011801944,688.193
7,Attention,self_attn.q_proj,5.875,-4.28125,0.19704138,5.0933027
7,Attention,self_attn.k_proj,5.875,-4.28125,0.19704138,5.0933027
7,Attention,self_attn.v_proj,5.875,-4.28125,0.19704138,5.0933027
7,Attention,self_attn.o_proj,1.671875,-1.53125,0.050400626,11.511737
7,MLP,mlp.gate_proj,6.0625,-4.53125,0.2168654,5.0323277
7,MLP,mlp.up_proj,6.0625,-4.53125,0.2168654,5.0323277
7,MLP,mlp.down_proj,2.8125,-2.90625,0.017958803,197.17282
8,Attention,self_attn.q_proj,8.25,-4.96875,0.2227316,6.7678585
8,Attention,self_attn.k_proj,8.25,-4.96875,0.2227316,6.7678585
8,Attention,self_attn.v_proj,8.25,-4.96875,0.2227316,6.7678585
8,Attention,self_attn.o_proj,1.8203125,-1.8359375,0.063633606,8.739785
8,MLP,mlp.gate_proj,9.5625,-5.21875,0.2347928,8.623977
8,MLP,mlp.up_proj,9.5625,-5.21875,0.2347928,8.623977
8,MLP,mlp.down_proj,1.375,-10.25,0.018512106,4590.5356
9,Attention,self_attn.q_proj,17.75,-5.34375,0.24068516,27.273235
9,Attention,self_attn.k_proj,17.75,-5.34375,0.24068516,27.273235
9,Attention,self_attn.v_proj,17.75,-5.34375,0.24068516,27.273235
9,Attention,self_attn.o_proj,2.109375,-1.9140625,0.064676434,9.371064
9,MLP,mlp.gate_proj,26.25,-5.53125,0.2589257,85.9308
9,MLP,mlp.up_proj,26.25,-5.53125,0.2589257,85.9308
9,MLP,mlp.down_proj,17.875,-2.828125,0.022484096,18493.61
10,Attention,self_attn.q_proj,41.5,-5.78125,0.25891146,472.93707
10,Attention,self_attn.k_proj,41.5,-5.78125,0.25891146,472.93707
10,Attention,self_attn.v_proj,41.5,-5.78125,0.25891146,472.93707
10,Attention,self_attn.o_proj,2.234375,-2.4375,0.0640897,11.148876
10,MLP,mlp.gate_proj,46.25,-5.90625,0.27452368,583.7757
10,MLP,mlp.up_proj,46.25,-5.90625,0.27452368,583.7757
10,MLP,mlp.down_proj,1.7109375,-44.25,0.024753425,212593.11
11,Attention,self_attn.q_proj,60.0,-6.03125,0.27174294,1404.7393
11,Attention,self_attn.k_proj,60.0,-6.03125,0.27174294,1404.7393
11,Attention,self_attn.v_proj,60.0,-6.03125,0.27174294,1404.7393
11,Attention,self_attn.o_proj,2.1875,-2.921875,0.093362115,12.077611
11,MLP,mlp.gate_proj,60.75,-6.25,0.28684935,1204.0653
11,MLP,mlp.up_proj,60.75,-6.25,0.28684935,1204.0653
11,MLP,mlp.down_proj,11.4375,-15.9375,0.024239607,11812.213
12,Attention,self_attn.q_proj,63.5,-6.5,0.28410742,1396.4362
12,Attention,self_attn.k_proj,63.5,-6.5,0.28410742,1396.4362
12,Attention,self_attn.v_proj,63.5,-6.5,0.28410742,1396.4362
12,Attention,self_attn.o_proj,4.1875,-4.71875,0.07309907,21.545197
12,MLP,mlp.gate_proj,63.75,-6.625,0.30256003,1140.9906
12,MLP,mlp.up_proj,63.75,-6.625,0.30256003,1140.9906
12,MLP,mlp.down_proj,6.125,-14.9375,0.02773299,9072.722
13,Attention,self_attn.q_proj,68.0,-7.1875,0.3024156,1360.2332
13,Attention,self_attn.k_proj,68.0,-7.1875,0.3024156,1360.2332
13,Attention,self_attn.v_proj,68.0,-7.1875,0.3024156,1360.2332
13,Attention,self_attn.o_proj,21.25,-14.375,0.14716692,224.80086
13,MLP,mlp.gate_proj,67.5,-7.09375,0.31217915,1193.6407
13,MLP,mlp.up_proj,67.5,-7.09375,0.31217915,1193.6407
13,MLP,mlp.down_proj,20.125,-17.875,0.029423939,14914.966
14,Attention,self_attn.q_proj,69.5,-7.65625,0.30849206,1321.4293
14,Attention,self_attn.k_proj,69.5,-7.65625,0.30849206,1321.4293
14,Attention,self_attn.v_proj,69.5,-7.65625,0.30849206,1321.4293
14,Attention,self_attn.o_proj,4.5,-7.40625,0.11436728,16.692915
14,MLP,mlp.gate_proj,69.5,-7.71875,0.32913995,1074.972
14,MLP,mlp.up_proj,69.5,-7.71875,0.32913995,1074.972
14,MLP,mlp.down_proj,6.75,-5.375,0.030813897,394.5219
15,Attention,self_attn.q_proj,70.0,-8.0,0.32209265,1163.6624
15,Attention,self_attn.k_proj,70.0,-8.0,0.32209265,1163.6624
15,Attention,self_attn.v_proj,70.0,-8.0,0.32209265,1163.6624
15,Attention,self_attn.o_proj,8.25,-5.25,0.086045876,63.492996
15,MLP,mlp.gate_proj,70.0,-8.0625,0.34040722,972.8884
15,MLP,mlp.up_proj,70.0,-8.0625,0.34040722,972.8884
15,MLP,mlp.down_proj,8.5625,-7.3125,0.032473385,701.2754
16,Attention,self_attn.q_proj,70.5,-8.125,0.3382388,988.4339
16,Attention,self_attn.k_proj,70.5,-8.125,0.3382388,988.4339
16,Attention,self_attn.v_proj,70.5,-8.125,0.3382388,988.4339
16,Attention,self_attn.o_proj,6.34375,-4.59375,0.074281946,32.501602
16,MLP,mlp.gate_proj,70.5,-8.1875,0.35862392,821.06335
16,MLP,mlp.up_proj,70.5,-8.1875,0.35862392,821.06335
16,MLP,mlp.down_proj,13.6875,-35.0,0.03481624,37206.402
17,Attention,self_attn.q_proj,70.5,-8.5,0.3582682,810.90686
17,Attention,self_attn.k_proj,70.5,-8.5,0.3582682,810.90686
17,Attention,self_attn.v_proj,70.5,-8.5,0.3582682,810.90686
17,Attention,self_attn.o_proj,25.875,-2.1875,0.07173787,3483.3262
17,MLP,mlp.gate_proj,70.5,-8.5,0.3645202,763.3321
17,MLP,mlp.up_proj,70.5,-8.5,0.3645202,763.3321
17,MLP,mlp.down_proj,42.5,-2.765625,0.0345777,56298.562
18,Attention,self_attn.q_proj,70.5,-8.3125,0.36655703,740.50525
18,Attention,self_attn.k_proj,70.5,-8.3125,0.36655703,740.50525
18,Attention,self_attn.v_proj,70.5,-8.3125,0.36655703,740.50525
18,Attention,self_attn.o_proj,4.53125,-3.8125,0.09230466,16.385723
18,MLP,mlp.gate_proj,70.5,-8.3125,0.38968334,605.23114
18,MLP,mlp.up_proj,70.5,-8.3125,0.38968334,605.23114
18,MLP,mlp.down_proj,21.75,-6.0625,0.040975217,6384.839
19,Attention,self_attn.q_proj,70.5,-8.1875,0.39465508,571.1341
19,Attention,self_attn.k_proj,70.5,-8.1875,0.39465508,571.1341
19,Attention,self_attn.v_proj,70.5,-8.1875,0.39465508,571.1341
19,Attention,self_attn.o_proj,5.90625,-11.8125,0.11089582,113.489426
19,MLP,mlp.gate_proj,70.5,-8.125,0.41461337,478.91046
19,MLP,mlp.up_proj,70.5,-8.125,0.41461337,478.91046
19,MLP,mlp.down_proj,6.28125,-26.75,0.04729171,6627.1597
20,Attention,self_attn.q_proj,70.0,-8.0,0.42345804,428.86554
20,Attention,self_attn.k_proj,70.0,-8.0,0.42345804,428.86554
20,Attention,self_attn.v_proj,70.0,-8.0,0.42345804,428.86554
20,Attention,self_attn.o_proj,4.5625,-10.0,0.115731835,37.73687
20,MLP,mlp.gate_proj,70.0,-8.0,0.43829775,372.30984
20,MLP,mlp.up_proj,70.0,-8.0,0.43829775,372.30984
20,MLP,mlp.down_proj,5.875,-10.0,0.052407485,181.63763
21,Attention,self_attn.q_proj,67.0,-8.1875,0.4500407,283.3614
21,Attention,self_attn.k_proj,67.0,-8.1875,0.4500407,283.3614
21,Attention,self_attn.v_proj,67.0,-8.1875,0.4500407,283.3614
21,Attention,self_attn.o_proj,7.3125,-5.15625,0.105130985,61.55342
21,MLP,mlp.gate_proj,66.5,-8.0,0.46482512,247.4473
21,MLP,mlp.up_proj,66.5,-8.0,0.46482512,247.4473
21,MLP,mlp.down_proj,9.125,-6.96875,0.060279623,112.99593
22,Attention,self_attn.q_proj,61.5,-7.96875,0.4770746,164.32536
22,Attention,self_attn.k_proj,61.5,-7.96875,0.4770746,164.32536
22,Attention,self_attn.v_proj,61.5,-7.96875,0.4770746,164.32536
22,Attention,self_attn.o_proj,4.84375,-3.984375,0.12352862,12.099639
22,MLP,mlp.gate_proj,61.0,-8.0,0.4941523,140.81628
22,MLP,mlp.up_proj,61.0,-8.0,0.4941523,140.81628
22,MLP,mlp.down_proj,17.375,-11.4375,0.070334196,500.058
23,Attention,self_attn.q_proj,54.0,-8.3125,0.5028705,77.41545
23,Attention,self_attn.k_proj,54.0,-8.3125,0.5028705,77.41545
23,Attention,self_attn.v_proj,54.0,-8.3125,0.5028705,77.41545
23,Attention,self_attn.o_proj,4.125,-7.625,0.16856894,8.444458
23,MLP,mlp.gate_proj,53.5,-8.6875,0.52432156,64.021324
23,MLP,mlp.up_proj,53.5,-8.6875,0.52432156,64.021324
23,MLP,mlp.down_proj,11.375,-14.25,0.08492273,212.05995
24,Attention,self_attn.q_proj,48.75,-9.0,0.5474566,36.297783
24,Attention,self_attn.k_proj,48.75,-9.0,0.5474566,36.297783
24,Attention,self_attn.v_proj,48.75,-9.0,0.5474566,36.297783
24,Attention,self_attn.o_proj,6.625,-9.0625,0.08715992,63.235237
24,MLP,mlp.gate_proj,48.5,-9.25,0.5765506,29.868992
24,MLP,mlp.up_proj,48.5,-9.25,0.5765506,29.868992
24,MLP,mlp.down_proj,30.75,-15.375,0.09433551,668.76117
25,Attention,self_attn.q_proj,46.25,-9.75,0.6120652,20.47037
25,Attention,self_attn.k_proj,46.25,-9.75,0.6120652,20.47037
25,Attention,self_attn.v_proj,46.25,-9.75,0.6120652,20.47037
25,Attention,self_attn.o_proj,4.40625,-5.34375,0.08727401,27.131176
25,MLP,mlp.gate_proj,46.0,-9.9375,0.63061863,18.15804
25,MLP,mlp.up_proj,46.0,-9.9375,0.63061863,18.15804
25,MLP,mlp.down_proj,43.0,-21.125,0.10562784,665.18097
26,Attention,self_attn.q_proj,44.25,-10.5,0.67972803,12.256637
26,Attention,self_attn.k_proj,44.25,-10.5,0.67972803,12.256637
26,Attention,self_attn.v_proj,44.25,-10.5,0.67972803,12.256637
26,Attention,self_attn.o_proj,3.46875,-2.625,0.07852117,17.642035
26,MLP,mlp.gate_proj,44.25,-10.75,0.6926032,11.496155
26,MLP,mlp.up_proj,44.25,-10.75,0.6926032,11.496155
26,MLP,mlp.down_proj,21.5,-40.25,0.12592824,617.3952
27,Attention,self_attn.q_proj,42.5,-10.5,0.7385558,8.118573
27,Attention,self_attn.k_proj,42.5,-10.5,0.7385558,8.118573
27,Attention,self_attn.v_proj,42.5,-10.5,0.7385558,8.118573
27,Attention,self_attn.o_proj,3.984375,-3.828125,0.07901907,21.540754
27,MLP,mlp.gate_proj,42.5,-10.6875,0.76321006,7.070281
27,MLP,mlp.up_proj,42.5,-10.6875,0.76321006,7.070281
27,MLP,mlp.down_proj,73.0,-70.0,0.15443271,2204.1323
28,Attention,self_attn.q_proj,41.75,-10.25,0.80120456,5.5530386
28,Attention,self_attn.k_proj,41.75,-10.25,0.80120456,5.5530386
28,Attention,self_attn.v_proj,41.75,-10.25,0.80120456,5.5530386
28,Attention,self_attn.o_proj,4.03125,-4.25,0.10783991,17.319387
28,MLP,mlp.gate_proj,41.75,-10.1875,0.83062446,4.91864
28,MLP,mlp.up_proj,41.75,-10.1875,0.83062446,4.91864
28,MLP,mlp.down_proj,121.0,-83.0,0.27949795,790.3077
29,Attention,self_attn.q_proj,39.75,-9.1875,0.8530488,4.707781
29,Attention,self_attn.k_proj,39.75,-9.1875,0.8530488,4.707781
29,Attention,self_attn.v_proj,39.75,-9.1875,0.8530488,4.707781
29,Attention,self_attn.o_proj,3.5,-2.84375,0.08812513,17.523962
29,MLP,mlp.gate_proj,39.25,-14.125,0.85834193,6.053958
29,MLP,mlp.up_proj,39.25,-14.125,0.85834193,6.053958
29,MLP,mlp.down_proj,37.75,-32.5,0.2601652,106.67953
0,Attention,self_attn.q_proj,0.203125,-0.203125,0.019457614,0.39664102
0,Attention,self_attn.k_proj,0.203125,-0.203125,0.019457614,0.39664102
0,Attention,self_attn.v_proj,0.203125,-0.203125,0.019457614,0.39664102
0,Attention,self_attn.o_proj,0.40039062,-0.40234375,0.0038657417,167.24907
0,MLP,mlp.gate_proj,0.6875,-0.41796875,0.01604555,56.743336
0,MLP,mlp.up_proj,0.6875,-0.41796875,0.01604555,56.743336
0,MLP,mlp.down_proj,0.10839844,-0.033447266,0.0001677589,3529.5205
1,Attention,self_attn.q_proj,1.171875,-0.9765625,0.028109478,23.822758
1,Attention,self_attn.k_proj,1.171875,-0.9765625,0.028109478,23.822758
1,Attention,self_attn.v_proj,1.171875,-0.9765625,0.028109478,23.822758
1,Attention,self_attn.o_proj,0.3828125,-0.40234375,0.0055315336,44.117718
1,MLP,mlp.gate_proj,1.234375,-1.0390625,0.03207171,19.930733
1,MLP,mlp.up_proj,1.234375,-1.0390625,0.03207171,19.930733
1,MLP,mlp.down_proj,0.55859375,-0.16113281,0.00043179942,33536.24
2,Attention,self_attn.q_proj,1.421875,-1.578125,0.04342999,14.427887
2,Attention,self_attn.k_proj,1.421875,-1.578125,0.04342999,14.427887
2,Attention,self_attn.v_proj,1.421875,-1.578125,0.04342999,14.427887
2,Attention,self_attn.o_proj,0.49023438,-1.3984375,0.0071713617,593.70984
2,MLP,mlp.gate_proj,1.484375,-1.7578125,0.048934534,11.7942915
2,MLP,mlp.up_proj,1.484375,-1.7578125,0.048934534,11.7942915
2,MLP,mlp.down_proj,0.29101562,-2.09375,0.0008448943,280801.7
3,Attention,self_attn.q_proj,3.140625,-2.359375,0.06156889,11.48004
3,Attention,self_attn.k_proj,3.140625,-2.359375,0.06156889,11.48004
3,Attention,self_attn.v_proj,3.140625,-2.359375,0.06156889,11.48004
3,Attention,self_attn.o_proj,0.953125,-2.078125,0.009640822,1046.2284
3,MLP,mlp.gate_proj,3.34375,-2.59375,0.06824473,10.211797
3,MLP,mlp.up_proj,3.34375,-2.59375,0.06824473,10.211797
3,MLP,mlp.down_proj,0.6953125,-0.640625,0.001636182,1934.1995
4,Attention,self_attn.q_proj,3.5625,-2.796875,0.08715662,9.489218
4,Attention,self_attn.k_proj,3.5625,-2.796875,0.08715662,9.489218
4,Attention,self_attn.v_proj,3.5625,-2.796875,0.08715662,9.489218
4,Attention,self_attn.o_proj,1.15625,-0.890625,0.012823404,121.37564
4,MLP,mlp.gate_proj,3.828125,-2.96875,0.09651912,8.128375
4,MLP,mlp.up_proj,3.828125,-2.96875,0.09651912,8.128375
4,MLP,mlp.down_proj,0.515625,-1.328125,0.0029542125,1211.3954
5,Attention,self_attn.q_proj,4.125,-3.03125,0.11158081,6.0752716
5,Attention,self_attn.k_proj,4.125,-3.03125,0.11158081,6.0752716
5,Attention,self_attn.v_proj,4.125,-3.03125,0.11158081,6.0752716
5,Attention,self_attn.o_proj,1.3828125,-1.578125,0.023175603,37.172234
5,MLP,mlp.gate_proj,4.15625,-2.984375,0.120475985,5.9993696
5,MLP,mlp.up_proj,4.15625,-2.984375,0.120475985,5.9993696
5,MLP,mlp.down_proj,0.8515625,-1.8125,0.0058003073,435.78775
6,Attention,self_attn.q_proj,4.875,-3.21875,0.14259396,6.4096613
6,Attention,self_attn.k_proj,4.875,-3.21875,0.14259396,6.4096613
6,Attention,self_attn.v_proj,4.875,-3.21875,0.14259396,6.4096613
6,Attention,self_attn.o_proj,1.171875,-1.2421875,0.040830236,11.750843
6,MLP,mlp.gate_proj,5.3125,-3.375,0.15986729,6.633381
6,MLP,mlp.up_proj,5.3125,-3.375,0.15986729,6.633381
6,MLP,mlp.down_proj,2.125,-1.703125,0.00926611,310.80856
7,Attention,self_attn.q_proj,5.875,-3.75,0.17612083,7.437886
7,Attention,self_attn.k_proj,5.875,-3.75,0.17612083,7.437886
7,Attention,self_attn.v_proj,5.875,-3.75,0.17612083,7.437886
7,Attention,self_attn.o_proj,1.65625,-1.2890625,0.046939816,10.655609
7,MLP,mlp.gate_proj,6.0625,-3.8125,0.19434917,6.6275473
7,MLP,mlp.up_proj,6.0625,-3.8125,0.19434917,6.6275473
7,MLP,mlp.down_proj,3.96875,-2.828125,0.014499462,273.97275
8,Attention,self_attn.q_proj,8.375,-4.21875,0.20278738,8.693745
8,Attention,self_attn.k_proj,8.375,-4.21875,0.20278738,8.693745
8,Attention,self_attn.v_proj,8.375,-4.21875,0.20278738,8.693745
8,Attention,self_attn.o_proj,1.625,-2.328125,0.057481192,10.245595
8,MLP,mlp.gate_proj,10.0,-4.34375,0.215505,9.726943
8,MLP,mlp.up_proj,10.0,-4.34375,0.215505,9.726943
8,MLP,mlp.down_proj,1.453125,-13.1875,0.015813464,12232.363
9,Attention,self_attn.q_proj,18.125,-4.59375,0.22458789,34.207584
9,Attention,self_attn.k_proj,18.125,-4.59375,0.22458789,34.207584
9,Attention,self_attn.v_proj,18.125,-4.59375,0.22458789,34.207584
9,Attention,self_attn.o_proj,1.8984375,-1.90625,0.05949257,9.439864
9,MLP,mlp.gate_proj,26.5,-4.6875,0.24199663,102.820366
9,MLP,mlp.up_proj,26.5,-4.6875,0.24199663,102.820366
9,MLP,mlp.down_proj,19.25,-3.6875,0.01912427,34305.945
10,Attention,self_attn.q_proj,42.0,-4.875,0.24304308,587.71155
10,Attention,self_attn.k_proj,42.0,-4.875,0.24304308,587.71155
10,Attention,self_attn.v_proj,42.0,-4.875,0.24304308,587.71155
10,Attention,self_attn.o_proj,2.25,-1.8125,0.058287382,10.938356
10,MLP,mlp.gate_proj,46.75,-5.09375,0.2585305,724.4557
10,MLP,mlp.up_proj,46.75,-5.09375,0.2585305,724.4557
10,MLP,mlp.down_proj,2.0625,-44.25,0.021381471,293809.94
11,Attention,self_attn.q_proj,60.5,-6.03125,0.25765485,1798.7375
11,Attention,self_attn.k_proj,60.5,-6.03125,0.25765485,1798.7375
11,Attention,self_attn.v_proj,60.5,-6.03125,0.25765485,1798.7375
11,Attention,self_attn.o_proj,2.296875,-1.828125,0.085804045,10.920013
11,MLP,mlp.gate_proj,61.5,-6.09375,0.27167636,1568.9497
11,MLP,mlp.up_proj,61.5,-6.09375,0.27167636,1568.9497
11,MLP,mlp.down_proj,11.4375,-15.9375,0.021614328,17037.785
12,Attention,self_attn.q_proj,64.5,-6.59375,0.2709785,1789.9093
12,Attention,self_attn.k_proj,64.5,-6.59375,0.2709785,1789.9093
12,Attention,self_attn.v_proj,64.5,-6.59375,0.2709785,1789.9093
12,Attention,self_attn.o_proj,3.671875,-4.46875,0.065834254,23.29723
12,MLP,mlp.gate_proj,65.0,-6.6875,0.28747052,1496.9476
12,MLP,mlp.up_proj,65.0,-6.6875,0.28747052,1496.9476
12,MLP,mlp.down_proj,7.0,-15.0,0.024375303,13714.857
13,Attention,self_attn.q_proj,69.5,-7.4375,0.2877454,1801.1998
13,Attention,self_attn.k_proj,69.5,-7.4375,0.2877454,1801.1998
13,Attention,self_attn.v_proj,69.5,-7.4375,0.2877454,1801.1998
13,Attention,self_attn.o_proj,21.0,-14.1875,0.14350986,213.29166
13,MLP,mlp.gate_proj,69.0,-7.34375,0.2992546,1557.1304
13,MLP,mlp.up_proj,69.0,-7.34375,0.2992546,1557.1304
13,MLP,mlp.down_proj,20.0,-17.75,0.026236871,20893.893
14,Attention,self_attn.q_proj,71.5,-7.90625,0.29506046,1746.4586
14,Attention,self_attn.k_proj,71.5,-7.90625,0.29506046,1746.4586
14,Attention,self_attn.v_proj,71.5,-7.90625,0.29506046,1746.4586
14,Attention,self_attn.o_proj,4.46875,-7.5625,0.10572105,17.629625
14,MLP,mlp.gate_proj,71.5,-7.9375,0.31302807,1455.311
14,MLP,mlp.up_proj,71.5,-7.9375,0.31302807,1455.311
14,MLP,mlp.down_proj,6.28125,-5.59375,0.02710186,352.06805
15,Attention,self_attn.q_proj,72.0,-8.125,0.30681935,1568.2733
15,Attention,self_attn.k_proj,72.0,-8.125,0.30681935,1568.2733
15,Attention,self_attn.v_proj,72.0,-8.125,0.30681935,1568.2733
15,Attention,self_attn.o_proj,9.25,-5.8125,0.07601512,101.15277
15,MLP,mlp.gate_proj,72.0,-8.25,0.32059115,1368.7705
15,MLP,mlp.up_proj,72.0,-8.25,0.32059115,1368.7705
15,MLP,mlp.down_proj,8.6875,-8.0625,0.027877316,1312.3584
16,Attention,self_attn.q_proj,72.5,-8.375,0.31785142,1401.5317
16,Attention,self_attn.k_proj,72.5,-8.375,0.31785142,1401.5317
16,Attention,self_attn.v_proj,72.5,-8.375,0.31785142,1401.5317
16,Attention,self_attn.o_proj,5.46875,-5.0625,0.069560476,30.408447
16,MLP,mlp.gate_proj,72.5,-8.3125,0.33760983,1170.0087
16,MLP,mlp.up_proj,72.5,-8.3125,0.33760983,1170.0087
16,MLP,mlp.down_proj,13.5,-35.25,0.030267285,51112.16
17,Attention,self_attn.q_proj,72.5,-8.5625,0.33845967,1144.5448
17,Attention,self_attn.k_proj,72.5,-8.5625,0.33845967,1144.5448
17,Attention,self_attn.v_proj,72.5,-8.5625,0.33845967,1144.5448
17,Attention,self_attn.o_proj,25.375,-1.7578125,0.07469592,2736.1196
17,MLP,mlp.gate_proj,72.5,-8.5625,0.34731215,1051.71
17,MLP,mlp.up_proj,72.5,-8.5625,0.34731215,1051.71
17,MLP,mlp.down_proj,43.5,-2.96875,0.030638287,80373.84
18,Attention,self_attn.q_proj,72.5,-8.5,0.35214993,995.9347
18,Attention,self_attn.k_proj,72.5,-8.5,0.35214993,995.9347
18,Attention,self_attn.v_proj,72.5,-8.5,0.35214993,995.9347
18,Attention,self_attn.o_proj,4.96875,-4.21875,0.08918342,17.549967
18,MLP,mlp.gate_proj,72.5,-8.375,0.37167022,837.1217
18,MLP,mlp.up_proj,72.5,-8.375,0.37167022,837.1217
18,MLP,mlp.down_proj,21.875,-6.21875,0.03606778,10788.953
19,Attention,self_attn.q_proj,72.5,-8.25,0.37640598,792.42224
19,Attention,self_attn.k_proj,72.5,-8.25,0.37640598,792.42224
19,Attention,self_attn.v_proj,72.5,-8.25,0.37640598,792.42224
19,Attention,self_attn.o_proj,5.84375,-11.75,0.102468364,134.10838
19,MLP,mlp.gate_proj,72.5,-8.375,0.3958383,664.4314
19,MLP,mlp.up_proj,72.5,-8.375,0.3958383,664.4314
19,MLP,mlp.down_proj,7.09375,-29.0,0.041554224,12015.104
20,Attention,self_attn.q_proj,72.0,-8.375,0.40719518,583.12836
20,Attention,self_attn.k_proj,72.0,-8.375,0.40719518,583.12836
20,Attention,self_attn.v_proj,72.0,-8.375,0.40719518,583.12836
20,Attention,self_attn.o_proj,4.625,-10.6875,0.1154756,39.890163
20,MLP,mlp.gate_proj,72.0,-8.3125,0.42281997,503.0642
20,MLP,mlp.up_proj,72.0,-8.3125,0.42281997,503.0642
20,MLP,mlp.down_proj,7.125,-9.4375,0.047303382,207.84802
21,Attention,self_attn.q_proj,69.0,-8.1875,0.4388153,370.89502
21,Attention,self_attn.k_proj,69.0,-8.1875,0.4388153,370.89502
21,Attention,self_attn.v_proj,69.0,-8.1875,0.4388153,370.89502
21,Attention,self_attn.o_proj,7.84375,-5.59375,0.10689315,67.83941
21,MLP,mlp.gate_proj,68.5,-8.25,0.45510677,317.85638
21,MLP,mlp.up_proj,68.5,-8.25,0.45510677,317.85638
21,MLP,mlp.down_proj,7.25,-6.09375,0.055739056,118.20159
22,Attention,self_attn.q_proj,63.5,-8.5625,0.4691697,207.7854
22,Attention,self_attn.k_proj,63.5,-8.5625,0.4691697,207.7854
22,Attention,self_attn.v_proj,63.5,-8.5625,0.4691697,207.7854
22,Attention,self_attn.o_proj,5.03125,-4.15625,0.110956855,15.197964
22,MLP,mlp.gate_proj,63.0,-8.75,0.48725396,175.89711
22,MLP,mlp.up_proj,63.0,-8.75,0.48725396,175.89711
22,MLP,mlp.down_proj,16.875,-9.4375,0.065498084,577.50934
23,Attention,self_attn.q_proj,55.25,-8.9375,0.4989945,94.10635
23,Attention,self_attn.k_proj,55.25,-8.9375,0.4989945,94.10635
23,Attention,self_attn.v_proj,55.25,-8.9375,0.4989945,94.10635
23,Attention,self_attn.o_proj,4.40625,-8.0625,0.1551784,10.57029
23,MLP,mlp.gate_proj,54.75,-9.25,0.5199474,77.72199
23,MLP,mlp.up_proj,54.75,-9.25,0.5199474,77.72199
23,MLP,mlp.down_proj,13.9375,-13.75,0.07947806,241.82039
24,Attention,self_attn.q_proj,49.0,-9.5,0.5436507,43.256996
24,Attention,self_attn.k_proj,49.0,-9.5,0.5436507,43.256996
24,Attention,self_attn.v_proj,49.0,-9.5,0.5436507,43.256996
24,Attention,self_attn.o_proj,6.625,-9.25,0.091844656,76.50561
24,MLP,mlp.gate_proj,48.75,-9.5,0.57207614,35.542225
24,MLP,mlp.up_proj,48.75,-9.5,0.57207614,35.542225
24,MLP,mlp.down_proj,29.5,-20.75,0.08550808,1062.9242
25,Attention,self_attn.q_proj,46.5,-9.8125,0.59763086,25.807074
25,Attention,self_attn.k_proj,46.5,-9.8125,0.59763086,25.807074
25,Attention,self_attn.v_proj,46.5,-9.8125,0.59763086,25.807074
25,Attention,self_attn.o_proj,4.71875,-5.75,0.08794544,27.736198
25,MLP,mlp.gate_proj,46.25,-9.9375,0.61825365,22.530783
25,MLP,mlp.up_proj,46.25,-9.9375,0.61825365,22.530783
25,MLP,mlp.down_proj,26.25,-23.875,0.09508169,644.2651
26,Attention,self_attn.q_proj,44.25,-10.125,0.6619259,15.229082
26,Attention,self_attn.k_proj,44.25,-10.125,0.6619259,15.229082
26,Attention,self_attn.v_proj,44.25,-10.125,0.6619259,15.229082
26,Attention,self_attn.o_proj,3.71875,-2.5625,0.082954176,16.139702
26,MLP,mlp.gate_proj,44.25,-10.4375,0.6804593,13.73522
26,MLP,mlp.up_proj,44.25,-10.4375,0.6804593,13.73522
26,MLP,mlp.down_proj,41.5,-42.25,0.11498904,1118.7073
27,Attention,self_attn.q_proj,42.5,-9.9375,0.73207146,9.409717
27,Attention,self_attn.k_proj,42.5,-9.9375,0.73207146,9.409717
27,Attention,self_attn.v_proj,42.5,-9.9375,0.73207146,9.409717
27,Attention,self_attn.o_proj,2.90625,-3.625,0.07700442,19.338322
27,MLP,mlp.gate_proj,42.5,-9.8125,0.7580799,8.178888
27,MLP,mlp.up_proj,42.5,-9.8125,0.7580799,8.178888
27,MLP,mlp.down_proj,27.75,-98.0,0.14204195,3172.137
28,Attention,self_attn.q_proj,41.75,-9.8125,0.8014476,6.3035917
28,Attention,self_attn.k_proj,41.75,-9.8125,0.8014476,6.3035917
28,Attention,self_attn.v_proj,41.75,-9.8125,0.8014476,6.3035917
28,Attention,self_attn.o_proj,4.375,-3.90625,0.09755713,20.894878
28,MLP,mlp.gate_proj,41.75,-9.6875,0.83275115,5.5329666
28,MLP,mlp.up_proj,41.75,-9.6875,0.83275115,5.5329666
28,MLP,mlp.down_proj,222.0,-116.0,0.2684832,4330.3604
29,Attention,self_attn.q_proj,39.75,-9.5625,0.8574203,5.152791
29,Attention,self_attn.k_proj,39.75,-9.5625,0.8574203,5.152791
29,Attention,self_attn.v_proj,39.75,-9.5625,0.8574203,5.152791
29,Attention,self_attn.o_proj,3.5625,-3.40625,0.08440336,19.964052
29,MLP,mlp.gate_proj,39.25,-13.375,0.8720379,6.207778
29,MLP,mlp.up_proj,39.25,-13.375,0.8720379,6.207778
29,MLP,mlp.down_proj,24.25,-23.375,0.25197852,104.554825
0,Attention,self_attn.q_proj,0.203125,-0.203125,0.02133334,0.15862465
0,Attention,self_attn.k_proj,0.203125,-0.203125,0.02133334,0.15862465
0,Attention,self_attn.v_proj,0.203125,-0.203125,0.02133334,0.15862465
0,Attention,self_attn.o_proj,0.40234375,-0.40234375,0.0037521548,180.14832
0,MLP,mlp.gate_proj,0.609375,-0.41796875,0.01778278,23.332178
0,MLP,mlp.up_proj,0.609375,-0.41796875,0.01778278,23.332178
0,MLP,mlp.down_proj,0.10839844,-0.03466797,0.00019565775,2115.4485
1,Attention,self_attn.q_proj,1.359375,-1.015625,0.032056384,17.432077
1,Attention,self_attn.k_proj,1.359375,-1.015625,0.032056384,17.432077
1,Attention,self_attn.v_proj,1.359375,-1.015625,0.032056384,17.432077
1,Attention,self_attn.o_proj,0.48046875,-0.40039062,0.0058879773,41.01282
1,MLP,mlp.gate_proj,1.4375,-1.0390625,0.03638784,15.042347
1,MLP,mlp.up_proj,1.4375,-1.0390625,0.03638784,15.042347
1,MLP,mlp.down_proj,0.55859375,-0.13964844,0.00054704706,16949.453
2,Attention,self_attn.q_proj,1.625,-1.578125,0.050800197,10.008088
2,Attention,self_attn.k_proj,1.625,-1.578125,0.050800197,10.008088
2,Attention,self_attn.v_proj,1.625,-1.578125,0.050800197,10.008088
2,Attention,self_attn.o_proj,0.515625,-1.3984375,0.0075226384,460.62317
2,MLP,mlp.gate_proj,1.6640625,-1.7578125,0.056967642,8.60104
2,MLP,mlp.up_proj,1.6640625,-1.7578125,0.056967642,8.60104
2,MLP,mlp.down_proj,0.24609375,-2.09375,0.001085593,160518.97
3,Attention,self_attn.q_proj,3.140625,-2.359375,0.07246501,7.689492
3,Attention,self_attn.k_proj,3.140625,-2.359375,0.07246501,7.689492
3,Attention,self_attn.v_proj,3.140625,-2.359375,0.07246501,7.689492
3,Attention,self_attn.o_proj,0.953125,-2.078125,0.009802126,996.6463
3,MLP,mlp.gate_proj,3.34375,-2.59375,0.07923955,7.2663126
3,MLP,mlp.up_proj,3.34375,-2.59375,0.07923955,7.2663126
3,MLP,mlp.down_proj,0.6953125,-0.43945312,0.0020662383,1134.2068
4,Attention,self_attn.q_proj,3.5625,-2.796875,0.10061248,6.095171
4,Attention,self_attn.k_proj,3.5625,-2.796875,0.10061248,6.095171
4,Attention,self_attn.v_proj,3.5625,-2.796875,0.10061248,6.095171
4,Attention,self_attn.o_proj,1.15625,-0.890625,0.013355673,106.801094
4,MLP,mlp.gate_proj,3.828125,-2.96875,0.1110754,5.5101347
4,MLP,mlp.up_proj,3.828125,-2.96875,0.1110754,5.5101347
4,MLP,mlp.down_proj,0.57421875,-1.328125,0.0035855218,771.7507
5,Attention,self_attn.q_proj,4.125,-3.03125,0.12754121,4.366499
5,Attention,self_attn.k_proj,4.125,-3.03125,0.12754121,4.366499
5,Attention,self_attn.v_proj,4.125,-3.03125,0.12754121,4.366499
5,Attention,self_attn.o_proj,1.3828125,-1.578125,0.025467545,30.200233
5,MLP,mlp.gate_proj,4.15625,-2.984375,0.13787769,4.849684
5,MLP,mlp.up_proj,4.15625,-2.984375,0.13787769,4.849684
5,MLP,mlp.down_proj,1.3828125,-1.8125,0.007197496,303.90787
6,Attention,self_attn.q_proj,4.875,-3.21875,0.1602406,4.995305
6,Attention,self_attn.k_proj,4.875,-3.21875,0.1602406,4.995305
6,Attention,self_attn.v_proj,4.875,-3.21875,0.1602406,4.995305
6,Attention,self_attn.o_proj,1.5390625,-1.53125,0.04670657,11.991188
6,MLP,mlp.gate_proj,5.3125,-3.5625,0.18019466,5.694668
6,MLP,mlp.up_proj,5.3125,-3.5625,0.18019466,5.694668
6,MLP,mlp.down_proj,2.765625,-1.828125,0.01166007,336.9952
7,Attention,self_attn.q_proj,5.875,-3.890625,0.19548541,5.52351
7,Attention,self_attn.k_proj,5.875,-3.890625,0.19548541,5.52351
7,Attention,self_attn.v_proj,5.875,-3.890625,0.19548541,5.52351
7,Attention,self_attn.o_proj,1.625,-1.703125,0.0507773,11.779591
7,MLP,mlp.gate_proj,6.0625,-4.1875,0.21582659,5.421752
7,MLP,mlp.up_proj,6.0625,-4.1875,0.21582659,5.421752
7,MLP,mlp.down_proj,2.765625,-3.0625,0.017934578,160.74725
8,Attention,self_attn.q_proj,7.96875,-4.5,0.22240204,6.8250656
8,Attention,self_attn.k_proj,7.96875,-4.5,0.22240204,6.8250656
8,Attention,self_attn.v_proj,7.96875,-4.5,0.22240204,6.8250656
8,Attention,self_attn.o_proj,1.625,-1.8125,0.063667335,8.9308195
8,MLP,mlp.gate_proj,9.375,-4.875,0.23481822,8.553842
8,MLP,mlp.up_proj,9.375,-4.875,0.23481822,8.553842
8,MLP,mlp.down_proj,1.765625,-10.75,0.018502802,4040.1162
9,Attention,self_attn.q_proj,17.5,-5.1875,0.24149473,23.470833
9,Attention,self_attn.k_proj,17.5,-5.1875,0.24149473,23.470833
9,Attention,self_attn.v_proj,17.5,-5.1875,0.24149473,23.470833
9,Attention,self_attn.o_proj,1.8984375,-2.171875,0.06671799,9.881507
9,MLP,mlp.gate_proj,26.0,-5.375,0.2604992,68.534904
9,MLP,mlp.up_proj,26.0,-5.375,0.2604992,68.534904
9,MLP,mlp.down_proj,17.25,-3.46875,0.022779686,15701.747
10,Attention,self_attn.q_proj,41.5,-5.53125,0.2608348,381.09283
10,Attention,self_attn.k_proj,41.5,-5.53125,0.2608348,381.09283
10,Attention,self_attn.v_proj,41.5,-5.53125,0.2608348,381.09283
10,Attention,self_attn.o_proj,2.140625,-1.7734375,0.06672689,10.037393
10,MLP,mlp.gate_proj,46.0,-5.625,0.27783272,464.08582
10,MLP,mlp.up_proj,46.0,-5.625,0.27783272,464.08582
10,MLP,mlp.down_proj,2.234375,-40.5,0.025514977,159615.5
11,Attention,self_attn.q_proj,60.0,-6.03125,0.27456737,1187.4049
11,Attention,self_attn.k_proj,60.0,-6.03125,0.27456737,1187.4049
11,Attention,self_attn.v_proj,60.0,-6.03125,0.27456737,1187.4049
11,Attention,self_attn.o_proj,1.8984375,-2.1875,0.096479565,8.495578
11,MLP,mlp.gate_proj,60.5,-6.09375,0.28960067,1020.603
11,MLP,mlp.up_proj,60.5,-6.09375,0.28960067,1020.603
11,MLP,mlp.down_proj,10.75,-15.25,0.024842652,9751.974
12,Attention,self_attn.q_proj,62.5,-6.5,0.28636014,1207.1237
12,Attention,self_attn.k_proj,62.5,-6.5,0.28636014,1207.1237
12,Attention,self_attn.v_proj,62.5,-6.5,0.28636014,1207.1237
12,Attention,self_attn.o_proj,4.0625,-4.5625,0.074597724,16.681154
12,MLP,mlp.gate_proj,62.75,-6.5625,0.30468118,988.51227
12,MLP,mlp.up_proj,62.75,-6.5625,0.30468118,988.51227
12,MLP,mlp.down_proj,6.0625,-14.375,0.028189983,7410.108
13,Attention,self_attn.q_proj,66.5,-7.25,0.30393925,1201.5076
13,Attention,self_attn.k_proj,66.5,-7.25,0.30393925,1201.5076
13,Attention,self_attn.v_proj,66.5,-7.25,0.30393925,1201.5076
13,Attention,self_attn.o_proj,21.125,-14.8125,0.15030856,177.99034
13,MLP,mlp.gate_proj,66.0,-7.15625,0.31462386,1042.7747
13,MLP,mlp.up_proj,66.0,-7.15625,0.31462386,1042.7747
13,MLP,mlp.down_proj,20.0,-16.875,0.030151157,13752.739
14,Attention,self_attn.q_proj,68.0,-7.75,0.3091697,1188.908
14,Attention,self_attn.k_proj,68.0,-7.75,0.3091697,1188.908
14,Attention,self_attn.v_proj,68.0,-7.75,0.3091697,1188.908
14,Attention,self_attn.o_proj,4.34375,-7.40625,0.1148796,14.70731
14,MLP,mlp.gate_proj,68.0,-7.78125,0.3289475,974.14935
14,MLP,mlp.up_proj,68.0,-7.78125,0.3289475,974.14935
14,MLP,mlp.down_proj,6.21875,-5.53125,0.031066054,243.24367
15,Attention,self_attn.q_proj,69.0,-8.0625,0.32204652,1062.0295
15,Attention,self_attn.k_proj,69.0,-8.0625,0.32204652,1062.0295
15,Attention,self_attn.v_proj,69.0,-8.0625,0.32204652,1062.0295
15,Attention,self_attn.o_proj,8.125,-5.03125,0.08603294,53.66379
15,MLP,mlp.gate_proj,69.0,-8.125,0.34013605,886.4661
15,MLP,mlp.up_proj,69.0,-8.125,0.34013605,886.4661
15,MLP,mlp.down_proj,8.75,-7.03125,0.032667994,722.54517
16,Attention,self_attn.q_proj,69.5,-8.1875,0.33772928,905.052
16,Attention,self_attn.k_proj,69.5,-8.1875,0.33772928,905.052
16,Attention,self_attn.v_proj,69.5,-8.1875,0.33772928,905.052
16,Attention,self_attn.o_proj,6.28125,-4.46875,0.07378915,26.768929
16,MLP,mlp.gate_proj,69.5,-8.1875,0.35720193,754.459
16,MLP,mlp.up_proj,69.5,-8.1875,0.35720193,754.459
16,MLP,mlp.down_proj,13.6875,-35.0,0.035095718,35728.08
17,Attention,self_attn.q_proj,69.5,-8.5,0.3576486,740.2887
17,Attention,self_attn.k_proj,69.5,-8.5,0.3576486,740.2887
17,Attention,self_attn.v_proj,69.5,-8.5,0.3576486,740.2887
17,Attention,self_attn.o_proj,25.625,-2.015625,0.07133973,3005.3523
17,MLP,mlp.gate_proj,69.5,-8.5,0.3641909,694.81146
17,MLP,mlp.up_proj,69.5,-8.5,0.3641909,694.81146
17,MLP,mlp.down_proj,42.0,-4.75,0.034975275,54209.77
18,Attention,self_attn.q_proj,69.5,-8.3125,0.36573946,677.56946
18,Attention,self_attn.k_proj,69.5,-8.3125,0.36573946,677.56946
18,Attention,self_attn.v_proj,69.5,-8.3125,0.36573946,677.56946
18,Attention,self_attn.o_proj,4.40625,-3.71875,0.09366203,14.242332
18,MLP,mlp.gate_proj,69.5,-8.3125,0.39008662,545.5318
18,MLP,mlp.up_proj,69.5,-8.3125,0.39008662,545.5318
18,MLP,mlp.down_proj,22.0,-6.0625,0.04170822,5650.41
19,Attention,self_attn.q_proj,69.5,-8.1875,0.39568686,513.2472
19,Attention,self_attn.k_proj,69.5,-8.1875,0.39568686,513.2472
19,Attention,self_attn.v_proj,69.5,-8.1875,0.39568686,513.2472
19,Attention,self_attn.o_proj,5.875,-11.8125,0.11338237,82.47771
19,MLP,mlp.gate_proj,69.5,-8.25,0.41731924,423.8305
19,MLP,mlp.up_proj,69.5,-8.25,0.41731924,423.8305
19,MLP,mlp.down_proj,6.53125,-27.375,0.048232105,6510.7583
20,Attention,self_attn.q_proj,69.0,-8.25,0.42509413,383.92047
20,Attention,self_attn.k_proj,69.0,-8.25,0.42509413,383.92047
20,Attention,self_attn.v_proj,69.0,-8.25,0.42509413,383.92047
20,Attention,self_attn.o_proj,4.65625,-9.75,0.11377196,36.01502
20,MLP,mlp.gate_proj,69.0,-8.5,0.43957147,334.92813
20,MLP,mlp.up_proj,69.0,-8.5,0.43957147,334.92813
20,MLP,mlp.down_proj,5.34375,-9.0,0.05302235,153.59698
21,Attention,self_attn.q_proj,66.5,-8.5,0.45037255,258.33398
21,Attention,self_attn.k_proj,66.5,-8.5,0.45037255,258.33398
21,Attention,self_attn.v_proj,66.5,-8.5,0.45037255,258.33398
21,Attention,self_attn.o_proj,7.4375,-5.40625,0.10321008,63.748688
21,MLP,mlp.gate_proj,66.0,-8.4375,0.46632603,222.67717
21,MLP,mlp.up_proj,66.0,-8.4375,0.46632603,222.67717
21,MLP,mlp.down_proj,6.21875,-6.65625,0.061266117,107.77301
22,Attention,self_attn.q_proj,61.25,-8.9375,0.47861436,149.19176
22,Attention,self_attn.k_proj,61.25,-8.9375,0.47861436,149.19176
22,Attention,self_attn.v_proj,61.25,-8.9375,0.47861436,149.19176
22,Attention,self_attn.o_proj,4.8125,-3.984375,0.12353697,12.359581
22,MLP,mlp.gate_proj,61.0,-9.125,0.4973164,126.75052
22,MLP,mlp.up_proj,61.0,-9.125,0.4973164,126.75052
22,MLP,mlp.down_proj,17.125,-10.625,0.07151664,460.40692
23,Attention,self_attn.q_proj,54.0,-9.375,0.5070238,70.113976
23,Attention,self_attn.k_proj,54.0,-9.375,0.5070238,70.113976
23,Attention,self_attn.v_proj,54.0,-9.375,0.5070238,70.113976
23,Attention,self_attn.o_proj,4.1875,-7.6875,0.16708697,8.17538
23,MLP,mlp.gate_proj,53.5,-9.6875,0.52630275,59.06975
23,MLP,mlp.up_proj,53.5,-9.6875,0.52630275,59.06975
23,MLP,mlp.down_proj,13.1875,-12.875,0.086725175,225.54616
24,Attention,self_attn.q_proj,48.75,-9.25,0.54976594,33.85614
24,Attention,self_attn.k_proj,48.75,-9.25,0.54976594,33.85614
24,Attention,self_attn.v_proj,48.75,-9.25,0.54976594,33.85614
24,Attention,self_attn.o_proj,6.375,-8.75,0.08523258,64.245735
24,MLP,mlp.gate_proj,48.5,-9.75,0.57895815,27.963093
24,MLP,mlp.up_proj,48.5,-9.75,0.57895815,27.963093
24,MLP,mlp.down_proj,29.125,-16.875,0.09774219,613.46295
25,Attention,self_attn.q_proj,46.25,-10.1875,0.6136092,19.486292
25,Attention,self_attn.k_proj,46.25,-10.1875,0.6136092,19.486292
25,Attention,self_attn.v_proj,46.25,-10.1875,0.6136092,19.486292
25,Attention,self_attn.o_proj,4.71875,-5.65625,0.08541792,28.23734
25,MLP,mlp.gate_proj,46.0,-10.375,0.63581413,16.995865
25,MLP,mlp.up_proj,46.0,-10.375,0.63581413,16.995865
25,MLP,mlp.down_proj,26.625,-17.125,0.10861721,369.4037
26,Attention,self_attn.q_proj,44.25,-10.5625,0.6828311,11.686863
26,Attention,self_attn.k_proj,44.25,-10.5625,0.6828311,11.686863
26,Attention,self_attn.v_proj,44.25,-10.5625,0.6828311,11.686863
26,Attention,self_attn.o_proj,3.734375,-3.0625,0.08013028,18.589436
26,MLP,mlp.gate_proj,44.0,-10.8125,0.70074755,10.67859
26,MLP,mlp.up_proj,44.0,-10.8125,0.70074755,10.67859
26,MLP,mlp.down_proj,26.75,-41.25,0.12938347,614.6852
27,Attention,self_attn.q_proj,42.25,-10.25,0.7535284,7.3323927
27,Attention,self_attn.k_proj,42.25,-10.25,0.7535284,7.3323927
27,Attention,self_attn.v_proj,42.25,-10.25,0.7535284,7.3323927
27,Attention,self_attn.o_proj,2.9375,-3.390625,0.07617487,21.91672
27,MLP,mlp.gate_proj,42.25,-10.1875,0.7769162,6.4691534
27,MLP,mlp.up_proj,42.25,-10.1875,0.7769162,6.4691534
27,MLP,mlp.down_proj,59.75,-70.0,0.15956333,1388.629
28,Attention,self_attn.q_proj,41.5,-10.1875,0.8177304,5.0299587
28,Attention,self_attn.k_proj,41.5,-10.1875,0.8177304,5.0299587
28,Attention,self_attn.v_proj,41.5,-10.1875,0.8177304,5.0299587
28,Attention,self_attn.o_proj,3.765625,-3.96875,0.10784785,17.245285
28,MLP,mlp.gate_proj,41.5,-9.625,0.8480602,4.4541063
28,MLP,mlp.up_proj,41.5,-9.625,0.8480602,4.4541063
28,MLP,mlp.down_proj,148.0,-133.0,0.28582084,2316.3572
29,Attention,self_attn.q_proj,39.5,-9.375,0.8737753,4.1258626
29,Attention,self_attn.k_proj,39.5,-9.375,0.8737753,4.1258626
29,Attention,self_attn.v_proj,39.5,-9.375,0.8737753,4.1258626
29,Attention,self_attn.o_proj,3.140625,-3.078125,0.09326477,15.639223
29,MLP,mlp.gate_proj,39.25,-13.75,0.8819541,5.011389
29,MLP,mlp.up_proj,39.25,-13.75,0.8819541,5.011389
29,MLP,mlp.down_proj,36.0,-39.5,0.26288927,100.856125
0,Attention,self_attn.q_proj,0.203125,-0.203125,0.021202251,0.07841802
0,Attention,self_attn.k_proj,0.203125,-0.203125,0.021202251,0.07841802
0,Attention,self_attn.v_proj,0.203125,-0.203125,0.021202251,0.07841802
0,Attention,self_attn.o_proj,0.40234375,-0.40234375,0.0037020473,174.14696
0,MLP,mlp.gate_proj,0.66015625,-0.41796875,0.01791117,23.894224
0,MLP,mlp.up_proj,0.66015625,-0.41796875,0.01791117,23.894224
0,MLP,mlp.down_proj,0.10839844,-0.034179688,0.00018911397,2349.974
1,Attention,self_attn.q_proj,1.1953125,-1.015625,0.03153618,16.38454
1,Attention,self_attn.k_proj,1.1953125,-1.015625,0.03153618,16.38454
1,Attention,self_attn.v_proj,1.1953125,-1.015625,0.03153618,16.38454
1,Attention,self_attn.o_proj,0.27539062,-0.40039062,0.0058320966,38.913944
1,MLP,mlp.gate_proj,1.265625,-1.0390625,0.03566494,13.848505
1,MLP,mlp.up_proj,1.265625,-1.0390625,0.03566494,13.848505
1,MLP,mlp.down_proj,0.55859375,-0.13574219,0.00052866613,18722.3
2,Attention,self_attn.q_proj,1.484375,-1.578125,0.04943932,9.435288
2,Attention,self_attn.k_proj,1.484375,-1.578125,0.04943932,9.435288
2,Attention,self_attn.v_proj,1.484375,-1.578125,0.04943932,9.435288
2,Attention,self_attn.o_proj,0.4765625,-1.3984375,0.007626426,476.04974
2,MLP,mlp.gate_proj,1.484375,-1.7578125,0.055722423,7.883751
2,MLP,mlp.up_proj,1.484375,-1.7578125,0.055722423,7.883751
2,MLP,mlp.down_proj,0.32421875,-2.09375,0.0010443409,184789.5
3,Attention,self_attn.q_proj,3.140625,-2.359375,0.07093164,7.364188
3,Attention,self_attn.k_proj,3.140625,-2.359375,0.07093164,7.364188
3,Attention,self_attn.v_proj,3.140625,-2.359375,0.07093164,7.364188
3,Attention,self_attn.o_proj,0.953125,-2.078125,0.009790098,985.0335
3,MLP,mlp.gate_proj,3.34375,-2.59375,0.077571824,6.8951073
3,MLP,mlp.up_proj,3.34375,-2.59375,0.077571824,6.8951073
3,MLP,mlp.down_proj,0.6953125,-0.6171875,0.0019643751,1305.2339
4,Attention,self_attn.q_proj,3.5625,-2.796875,0.09824477,5.7772846
4,Attention,self_attn.k_proj,3.5625,-2.796875,0.09824477,5.7772846
4,Attention,self_attn.v_proj,3.5625,-2.796875,0.09824477,5.7772846
4,Attention,self_attn.o_proj,1.15625,-0.890625,0.013861824,101.939354
4,MLP,mlp.gate_proj,3.828125,-2.96875,0.108751014,5.1225986
4,MLP,mlp.up_proj,3.828125,-2.96875,0.108751014,5.1225986
4,MLP,mlp.down_proj,0.48828125,-1.328125,0.0035100332,819.89764
5,Attention,self_attn.q_proj,4.125,-3.03125,0.12685728,3.8393397
5,Attention,self_attn.k_proj,4.125,-3.03125,0.12685728,3.8393397
5,Attention,self_attn.v_proj,4.125,-3.03125,0.12685728,3.8393397
5,Attention,self_attn.o_proj,1.3828125,-1.578125,0.025593447,30.38913
5,MLP,mlp.gate_proj,4.15625,-2.984375,0.13622783,4.2633514
5,MLP,mlp.up_proj,4.15625,-2.984375,0.13622783,4.2633514
5,MLP,mlp.down_proj,1.3515625,-1.8125,0.0069864118,346.55103
6,Attention,self_attn.q_proj,4.875,-3.28125,0.15759932,4.5048385
6,Attention,self_attn.k_proj,4.875,-3.28125,0.15759932,4.5048385
6,Attention,self_attn.v_proj,4.875,-3.28125,0.15759932,4.5048385
6,Attention,self_attn.o_proj,1.734375,-1.34375,0.045961402,12.967156
6,MLP,mlp.gate_proj,5.3125,-3.65625,0.17650737,5.0586615
6,MLP,mlp.up_proj,5.3125,-3.65625,0.17650737,5.0586615
6,MLP,mlp.down_proj,2.609375,-1.703125,0.011108491,250.5038
7,Attention,self_attn.q_proj,5.875,-4.0,0.1911945,4.9273934
7,Attention,self_attn.k_proj,5.875,-4.0,0.1911945,4.9273934
7,Attention,self_attn.v_proj,5.875,-4.0,0.1911945,4.9273934
7,Attention,self_attn.o_proj,1.703125,-1.3515625,0.04988035,11.550804
7,MLP,mlp.gate_proj,6.0625,-4.28125,0.21150088,4.6548643
7,MLP,mlp.up_proj,6.0625,-4.28125,0.21150088,4.6548643
7,MLP,mlp.down_proj,2.84375,-3.03125,0.017043594,180.40984
8,Attention,self_attn.q_proj,8.375,-4.65625,0.2165755,6.846547
8,Attention,self_attn.k_proj,8.375,-4.65625,0.2165755,6.846547
8,Attention,self_attn.v_proj,8.375,-4.65625,0.2165755,6.846547
8,Attention,self_attn.o_proj,1.8046875,-1.8671875,0.06271218,10.40075
8,MLP,mlp.gate_proj,9.5,-4.96875,0.2291365,8.42404
8,MLP,mlp.up_proj,9.5,-4.96875,0.2291365,8.42404
8,MLP,mlp.down_proj,1.7265625,-10.125,0.017674556,5305.2856
9,Attention,self_attn.q_proj,17.75,-5.03125,0.23456378,33.24457
9,Attention,self_attn.k_proj,17.75,-5.03125,0.23456378,33.24457
9,Attention,self_attn.v_proj,17.75,-5.03125,0.23456378,33.24457
9,Attention,self_attn.o_proj,2.265625,-1.875,0.06402528,9.208029
9,MLP,mlp.gate_proj,26.25,-5.21875,0.2539035,103.598175
9,MLP,mlp.up_proj,26.25,-5.21875,0.2539035,103.598175
9,MLP,mlp.down_proj,17.125,-2.53125,0.021592576,19722.678
10,Attention,self_attn.q_proj,42.0,-5.375,0.25253376,561.5305
10,Attention,self_attn.k_proj,42.0,-5.375,0.25253376,561.5305
10,Attention,self_attn.v_proj,42.0,-5.375,0.25253376,561.5305
10,Attention,self_attn.o_proj,2.59375,-2.09375,0.062424667,10.230832
10,MLP,mlp.gate_proj,46.5,-5.53125,0.26806974,689.67865
10,MLP,mlp.up_proj,46.5,-5.53125,0.26806974,689.67865
10,MLP,mlp.down_proj,1.8984375,-43.25,0.02347233,212685.4
11,Attention,self_attn.q_proj,60.5,-5.96875,0.26380983,1704.4692
11,Attention,self_attn.k_proj,60.5,-5.96875,0.26380983,1704.4692
11,Attention,self_attn.v_proj,60.5,-5.96875,0.26380983,1704.4692
11,Attention,self_attn.o_proj,1.828125,-2.484375,0.09133049,9.814535
11,MLP,mlp.gate_proj,61.25,-6.03125,0.27954894,1452.7166
11,MLP,mlp.up_proj,61.25,-6.03125,0.27954894,1452.7166
11,MLP,mlp.down_proj,11.375,-15.8125,0.023141144,12567.527
12,Attention,self_attn.q_proj,64.0,-6.53125,0.27702677,1698.1287
12,Attention,self_attn.k_proj,64.0,-6.53125,0.27702677,1698.1287
12,Attention,self_attn.v_proj,64.0,-6.53125,0.27702677,1698.1287
12,Attention,self_attn.o_proj,4.0,-4.59375,0.070932284,25.730528
12,MLP,mlp.gate_proj,64.5,-6.59375,0.29508045,1396.0618
12,MLP,mlp.up_proj,64.5,-6.59375,0.29508045,1396.0618
12,MLP,mlp.down_proj,7.0,-15.0,0.026421126,11922.742
13,Attention,self_attn.q_proj,69.0,-7.3125,0.29169843,1728.3546
13,Attention,self_attn.k_proj,69.0,-7.3125,0.29169843,1728.3546
13,Attention,self_attn.v_proj,69.0,-7.3125,0.29169843,1728.3546
13,Attention,self_attn.o_proj,21.25,-14.75,0.14395615,267.54385
13,MLP,mlp.gate_proj,68.5,-7.21875,0.3026301,1502.0107
13,MLP,mlp.up_proj,68.5,-7.21875,0.3026301,1502.0107
13,MLP,mlp.down_proj,20.25,-18.125,0.027690759,17777.707
14,Attention,self_attn.q_proj,70.5,-7.71875,0.2965823,1710.2921
14,Attention,self_attn.k_proj,70.5,-7.71875,0.2965823,1710.2921
14,Attention,self_attn.v_proj,70.5,-7.71875,0.2965823,1710.2921
14,Attention,self_attn.o_proj,4.5625,-7.46875,0.111662865,17.930595
14,MLP,mlp.gate_proj,70.5,-7.78125,0.31854337,1368.2808
14,MLP,mlp.up_proj,70.5,-7.78125,0.31854337,1368.2808
14,MLP,mlp.down_proj,6.40625,-5.75,0.028933736,295.0372
15,Attention,self_attn.q_proj,71.0,-8.0625,0.31126967,1491.4714
15,Attention,self_attn.k_proj,71.0,-8.0625,0.31126967,1491.4714
15,Attention,self_attn.v_proj,71.0,-8.0625,0.31126967,1491.4714
15,Attention,self_attn.o_proj,8.5625,-5.375,0.082392685,101.83832
15,MLP,mlp.gate_proj,71.0,-8.125,0.32854554,1257.9108
15,MLP,mlp.up_proj,71.0,-8.125,0.32854554,1257.9108
15,MLP,mlp.down_proj,8.8125,-7.4375,0.030180601,983.99524
16,Attention,self_attn.q_proj,71.5,-8.125,0.32606223,1281.633
16,Attention,self_attn.k_proj,71.5,-8.125,0.32606223,1281.633
16,Attention,self_attn.v_proj,71.5,-8.125,0.32606223,1281.633
16,Attention,self_attn.o_proj,7.53125,-4.9375,0.075093225,39.248127
16,MLP,mlp.gate_proj,71.5,-8.1875,0.34683967,1057.6392
16,MLP,mlp.up_proj,71.5,-8.1875,0.34683967,1057.6392
16,MLP,mlp.down_proj,13.625,-36.5,0.032640252,52043.89
17,Attention,self_attn.q_proj,71.5,-8.5,0.34628305,1045.7072
17,Attention,self_attn.k_proj,71.5,-8.5,0.34628305,1045.7072
17,Attention,self_attn.v_proj,71.5,-8.5,0.34628305,1045.7072
17,Attention,self_attn.o_proj,26.25,-2.125,0.074864715,3890.3533
17,MLP,mlp.gate_proj,71.5,-8.5,0.35420057,970.1846
17,MLP,mlp.up_proj,71.5,-8.5,0.35420057,970.1846
17,MLP,mlp.down_proj,43.75,-3.578125,0.03277008,79729.44
18,Attention,self_attn.q_proj,71.5,-8.3125,0.35710797,932.87683
18,Attention,self_attn.k_proj,71.5,-8.3125,0.35710797,932.87683
18,Attention,self_attn.v_proj,71.5,-8.3125,0.35710797,932.87683
18,Attention,self_attn.o_proj,4.9375,-4.125,0.09229767,19.770342
18,MLP,mlp.gate_proj,71.5,-8.3125,0.3811419,753.0996
18,MLP,mlp.up_proj,71.5,-8.3125,0.3811419,753.0996
18,MLP,mlp.down_proj,22.625,-6.40625,0.039087307,8820.1
19,Attention,self_attn.q_proj,71.5,-8.1875,0.38538474,714.74
19,Attention,self_attn.k_proj,71.5,-8.1875,0.38538474,714.74
19,Attention,self_attn.v_proj,71.5,-8.1875,0.38538474,714.74
19,Attention,self_attn.o_proj,6.03125,-12.125,0.111990035,140.29175
19,MLP,mlp.gate_proj,71.5,-8.125,0.4058528,595.9035
19,MLP,mlp.up_proj,71.5,-8.125,0.4058528,595.9035
19,MLP,mlp.down_proj,6.21875,-27.0,0.045390934,8794.674
20,Attention,self_attn.q_proj,71.0,-8.0625,0.4151906,530.5672
20,Attention,self_attn.k_proj,71.0,-8.0625,0.4151906,530.5672
20,Attention,self_attn.v_proj,71.0,-8.0625,0.4151906,530.5672
20,Attention,self_attn.o_proj,4.65625,-10.75,0.116825104,46.20304
20,MLP,mlp.gate_proj,71.0,-8.0625,0.43109107,456.89493
20,MLP,mlp.up_proj,71.0,-8.0625,0.43109107,456.89493
20,MLP,mlp.down_proj,6.1875,-9.3125,0.050436266,172.21341
21,Attention,self_attn.q_proj,68.0,-7.9375,0.44416714,344.26193
21,Attention,self_attn.k_proj,68.0,-7.9375,0.44416714,344.26193
21,Attention,self_attn.v_proj,68.0,-7.9375,0.44416714,344.26193
21,Attention,self_attn.o_proj,7.375,-5.3125,0.10746784,67.51198
21,MLP,mlp.gate_proj,67.5,-7.90625,0.46044955,295.4985
21,MLP,mlp.up_proj,67.5,-7.90625,0.46044955,295.4985
21,MLP,mlp.down_proj,6.8125,-6.25,0.058854472,104.7041
22,Attention,self_attn.q_proj,62.25,-7.875,0.47244623,196.85982
22,Attention,self_attn.k_proj,62.25,-7.875,0.47244623,196.85982
22,Attention,self_attn.v_proj,62.25,-7.875,0.47244623,196.85982
22,Attention,self_attn.o_proj,4.96875,-4.0625,0.122253194,12.744895
22,MLP,mlp.gate_proj,61.75,-7.90625,0.49062142,166.4204
22,MLP,mlp.up_proj,61.75,-7.90625,0.49062142,166.4204
22,MLP,mlp.down_proj,17.625,-9.125,0.06901405,539.82684
23,Attention,self_attn.q_proj,54.25,-8.1875,0.4986364,91.94101
23,Attention,self_attn.k_proj,54.25,-8.1875,0.4986364,91.94101
23,Attention,self_attn.v_proj,54.25,-8.1875,0.4986364,91.94101
23,Attention,self_attn.o_proj,4.25,-7.78125,0.1667613,8.996799
23,MLP,mlp.gate_proj,53.75,-8.5,0.5201558,75.71214
23,MLP,mlp.up_proj,53.75,-8.5,0.5201558,75.71214
23,MLP,mlp.down_proj,14.5,-14.125,0.08284199,266.54773
24,Attention,self_attn.q_proj,49.0,-9.25,0.54203403,42.51763
24,Attention,self_attn.k_proj,49.0,-9.25,0.54203403,42.51763
24,Attention,self_attn.v_proj,49.0,-9.25,0.54203403,42.51763
24,Attention,self_attn.o_proj,6.65625,-9.375,0.09209363,64.24889
24,MLP,mlp.gate_proj,48.75,-8.875,0.5741586,34.062325
24,MLP,mlp.up_proj,48.75,-8.875,0.5741586,34.062325
24,MLP,mlp.down_proj,30.5,-19.75,0.0920986,923.6078
25,Attention,self_attn.q_proj,46.5,-9.0,0.6074555,23.226864
25,Attention,self_attn.k_proj,46.5,-9.0,0.6074555,23.226864
25,Attention,self_attn.v_proj,46.5,-9.0,0.6074555,23.226864
25,Attention,self_attn.o_proj,4.75,-5.59375,0.09399193,24.473326
25,MLP,mlp.gate_proj,46.25,-9.0,0.6291118,20.103262
25,MLP,mlp.up_proj,46.25,-9.0,0.6291118,20.103262
25,MLP,mlp.down_proj,26.625,-17.875,0.10291662,476.75473
26,Attention,self_attn.q_proj,44.5,-9.375,0.67881054,13.296722
26,Attention,self_attn.k_proj,44.5,-9.375,0.67881054,13.296722
26,Attention,self_attn.v_proj,44.5,-9.375,0.67881054,13.296722
26,Attention,self_attn.o_proj,3.765625,-2.921875,0.08500508,16.469357
26,MLP,mlp.gate_proj,44.5,-9.5625,0.69459224,12.221928
26,MLP,mlp.up_proj,44.5,-9.5625,0.69459224,12.221928
26,MLP,mlp.down_proj,20.375,-41.5,0.12335097,718.57166
27,Attention,self_attn.q_proj,42.75,-10.375,0.7449622,8.313599
27,Attention,self_attn.k_proj,42.75,-10.375,0.7449622,8.313599
27,Attention,self_attn.v_proj,42.75,-10.375,0.7449622,8.313599
27,Attention,self_attn.o_proj,2.953125,-3.9375,0.081957474,18.419867
27,MLP,mlp.gate_proj,42.75,-10.3125,0.769938,7.256171
27,MLP,mlp.up_proj,42.75,-10.3125,0.769938,7.256171
27,MLP,mlp.down_proj,33.75,-87.5,0.15230064,2255.223
28,Attention,self_attn.q_proj,42.0,-10.4375,0.81362027,5.554497
28,Attention,self_attn.k_proj,42.0,-10.4375,0.81362027,5.554497
28,Attention,self_attn.v_proj,42.0,-10.4375,0.81362027,5.554497
28,Attention,self_attn.o_proj,4.125,-4.4375,0.11225072,16.64499
28,MLP,mlp.gate_proj,42.0,-10.375,0.84474754,4.8856344
28,MLP,mlp.up_proj,42.0,-10.375,0.84474754,4.8856344
28,MLP,mlp.down_proj,109.5,-125.0,0.28136134,1365.5138
29,Attention,self_attn.q_proj,40.0,-9.625,0.8720358,4.351204
29,Attention,self_attn.k_proj,40.0,-9.625,0.8720358,4.351204
29,Attention,self_attn.v_proj,40.0,-9.625,0.8720358,4.351204
29,Attention,self_attn.o_proj,3.484375,-2.9375,0.088505834,18.140104
29,MLP,mlp.gate_proj,39.5,-14.0,0.881262,5.261944
29,MLP,mlp.up_proj,39.5,-14.0,0.881262,5.261944
29,MLP,mlp.down_proj,29.875,-36.5,0.26071465,132.26701
0,Attention,self_attn.q_proj,0.203125,-0.203125,0.021433964,0.087613106
0,Attention,self_attn.k_proj,0.203125,-0.203125,0.021433964,0.087613106
0,Attention,self_attn.v_proj,0.203125,-0.203125,0.021433964,0.087613106
0,Attention,self_attn.o_proj,0.41015625,-0.40234375,0.0037158676,219.51543
0,MLP,mlp.gate_proj,0.66015625,-0.41796875,0.018150346,22.769207
0,MLP,mlp.up_proj,0.66015625,-0.41796875,0.018150346,22.769207
0,MLP,mlp.down_proj,0.10839844,-0.034423828,0.00020255668,2015.5782
1,Attention,self_attn.q_proj,1.125,-1.1171875,0.032758642,15.981157
1,Attention,self_attn.k_proj,1.125,-1.1171875,0.032758642,15.981157
1,Attention,self_attn.v_proj,1.125,-1.1171875,0.032758642,15.981157
1,Attention,self_attn.o_proj,0.31640625,-0.40039062,0.0059335497,35.954346
1,MLP,mlp.gate_proj,1.2265625,-1.15625,0.036965176,13.9995575
1,MLP,mlp.up_proj,1.2265625,-1.15625,0.036965176,13.9995575
1,MLP,mlp.down_proj,0.55859375,-0.13183594,0.0005572912,16487.049
2,Attention,self_attn.q_proj,1.421875,-1.578125,0.051546555,9.281199
2,Attention,self_attn.k_proj,1.421875,-1.578125,0.051546555,9.281199
2,Attention,self_attn.v_proj,1.421875,-1.578125,0.051546555,9.281199
2,Attention,self_attn.o_proj,0.4765625,-1.3984375,0.007616584,444.5481
2,MLP,mlp.gate_proj,1.484375,-1.7578125,0.05798484,7.8103876
2,MLP,mlp.up_proj,1.484375,-1.7578125,0.05798484,7.8103876
2,MLP,mlp.down_proj,0.26171875,-2.09375,0.0011186319,145110.27
3,Attention,self_attn.q_proj,3.140625,-2.359375,0.074717805,6.8018723
3,Attention,self_attn.k_proj,3.140625,-2.359375,0.074717805,6.8018723
3,Attention,self_attn.v_proj,3.140625,-2.359375,0.074717805,6.8018723
3,Attention,self_attn.o_proj,0.953125,-2.078125,0.009856175,930.7165
3,MLP,mlp.gate_proj,3.34375,-2.59375,0.08128458,6.501273
3,MLP,mlp.up_proj,3.34375,-2.59375,0.08128458,6.501273
3,MLP,mlp.down_proj,0.6953125,-0.46289062,0.002145644,1203.473
4,Attention,self_attn.q_proj,3.5625,-2.796875,0.10229433,5.6831007
4,Attention,self_attn.k_proj,3.5625,-2.796875,0.10229433,5.6831007
4,Attention,self_attn.v_proj,3.5625,-2.796875,0.10229433,5.6831007
4,Attention,self_attn.o_proj,1.15625,-0.890625,0.013376946,109.340126
4,MLP,mlp.gate_proj,3.828125,-2.96875,0.11214119,5.257908
4,MLP,mlp.up_proj,3.828125,-2.96875,0.11214119,5.257908
4,MLP,mlp.down_proj,0.43945312,-1.328125,0.0036374978,741.149
5,Attention,self_attn.q_proj,4.125,-3.03125,0.12892179,4.143912
5,Attention,self_attn.k_proj,4.125,-3.03125,0.12892179,4.143912
5,Attention,self_attn.v_proj,4.125,-3.03125,0.12892179,4.143912
5,Attention,self_attn.o_proj,1.3828125,-1.578125,0.024666557,31.81044
5,MLP,mlp.gate_proj,4.15625,-2.984375,0.1391541,4.60928
5,MLP,mlp.up_proj,4.15625,-2.984375,0.1391541,4.60928
5,MLP,mlp.down_proj,0.90625,-1.8125,0.0073063276,314.0473
6,Attention,self_attn.q_proj,4.875,-3.53125,0.16152298,4.84071
6,Attention,self_attn.k_proj,4.875,-3.53125,0.16152298,4.84071
6,Attention,self_attn.v_proj,4.875,-3.53125,0.16152298,4.84071
6,Attention,self_attn.o_proj,1.78125,-1.3359375,0.046784207,12.48787
6,MLP,mlp.gate_proj,5.3125,-3.859375,0.18111889,5.5429096
6,MLP,mlp.up_proj,5.3125,-3.859375,0.18111889,5.5429096
6,MLP,mlp.down_proj,2.1875,-2.34375,0.011744704,258.55237
7,Attention,self_attn.q_proj,5.875,-4.28125,0.19656913,5.3411827
7,Attention,self_attn.k_proj,5.875,-4.28125,0.19656913,5.3411827
7,Attention,self_attn.v_proj,5.875,-4.28125,0.19656913,5.3411827
7,Attention,self_attn.o_proj,1.625,-1.7421875,0.049999103,12.011658
7,MLP,mlp.gate_proj,6.0625,-4.625,0.21731266,5.1244745
7,MLP,mlp.up_proj,6.0625,-4.625,0.21731266,5.1244745
7,MLP,mlp.down_proj,2.59375,-3.390625,0.018010594,204.98837
8,Attention,self_attn.q_proj,8.25,-5.125,0.22315466,6.421974
8,Attention,self_attn.k_proj,8.25,-5.125,0.22315466,6.421974
8,Attention,self_attn.v_proj,8.25,-5.125,0.22315466,6.421974
8,Attention,self_attn.o_proj,1.6796875,-1.8359375,0.06301694,9.404955
8,MLP,mlp.gate_proj,9.625,-5.4375,0.2353026,8.039939
8,MLP,mlp.up_proj,9.625,-5.4375,0.2353026,8.039939
8,MLP,mlp.down_proj,1.703125,-9.3125,0.01855067,3355.8616
9,Attention,self_attn.q_proj,17.75,-5.6875,0.24145195,22.145117
9,Attention,self_attn.k_proj,17.75,-5.6875,0.24145195,22.145117
9,Attention,self_attn.v_proj,17.75,-5.6875,0.24145195,22.145117
9,Attention,self_attn.o_proj,1.9140625,-1.9765625,0.06457151,8.9067545
9,MLP,mlp.gate_proj,26.25,-5.875,0.26046532,65.05266
9,MLP,mlp.up_proj,26.25,-5.875,0.26046532,65.05266
9,MLP,mlp.down_proj,17.875,-6.15625,0.022724874,16863.824
10,Attention,self_attn.q_proj,41.5,-6.09375,0.25979468,376.47498
10,Attention,self_attn.k_proj,41.5,-6.09375,0.25979468,376.47498
10,Attention,self_attn.v_proj,41.5,-6.09375,0.25979468,376.47498
10,Attention,self_attn.o_proj,2.25,-1.828125,0.06482041,9.03486
10,MLP,mlp.gate_proj,46.25,-6.28125,0.27662277,455.76678
10,MLP,mlp.up_proj,46.25,-6.28125,0.27662277,455.76678
10,MLP,mlp.down_proj,3.90625,-44.25,0.025032656,184404.25
11,Attention,self_attn.q_proj,60.0,-6.4375,0.27192864,1189.6047
11,Attention,self_attn.k_proj,60.0,-6.4375,0.27192864,1189.6047
11,Attention,self_attn.v_proj,60.0,-6.4375,0.27192864,1189.6047
11,Attention,self_attn.o_proj,2.03125,-2.40625,0.09326428,9.878013
11,MLP,mlp.gate_proj,61.0,-6.6875,0.2883312,1009.9381
11,MLP,mlp.up_proj,61.0,-6.6875,0.2883312,1009.9381
11,MLP,mlp.down_proj,11.4375,-15.9375,0.024531882,10098.267
12,Attention,self_attn.q_proj,64.0,-6.8125,0.28389606,1221.2167
12,Attention,self_attn.k_proj,64.0,-6.8125,0.28389606,1221.2167
12,Attention,self_attn.v_proj,64.0,-6.8125,0.28389606,1221.2167
12,Attention,self_attn.o_proj,3.8125,-4.46875,0.07331244,15.169132
12,MLP,mlp.gate_proj,64.5,-7.0,0.3031855,993.169
12,MLP,mlp.up_proj,64.5,-7.0,0.3031855,993.169
12,MLP,mlp.down_proj,5.875,-14.9375,0.027887207,6771.976
13,Attention,self_attn.q_proj,69.0,-7.28125,0.30041248,1223.0087
13,Attention,self_attn.k_proj,69.0,-7.28125,0.30041248,1223.0087
13,Attention,self_attn.v_proj,69.0,-7.28125,0.30041248,1223.0087
13,Attention,self_attn.o_proj,21.25,-14.1875,0.1476571,173.43814
13,MLP,mlp.gate_proj,68.5,-7.1875,0.31194627,1053.1564
13,MLP,mlp.up_proj,68.5,-7.1875,0.31194627,1053.1564
13,MLP,mlp.down_proj,19.375,-17.875,0.02965142,13373.039
14,Attention,self_attn.q_proj,70.5,-7.78125,0.3058628,1202.9476
14,Attention,self_attn.k_proj,70.5,-7.78125,0.3058628,1202.9476
14,Attention,self_attn.v_proj,70.5,-7.78125,0.3058628,1202.9476
14,Attention,self_attn.o_proj,4.5,-7.375,0.11350831,14.582401
14,MLP,mlp.gate_proj,70.5,-7.84375,0.32817855,960.8796
14,MLP,mlp.up_proj,70.5,-7.84375,0.32817855,960.8796
14,MLP,mlp.down_proj,6.28125,-7.21875,0.0310757,276.06458
15,Attention,self_attn.q_proj,71.0,-8.125,0.31991592,1062.9966
15,Attention,self_attn.k_proj,71.0,-8.125,0.31991592,1062.9966
15,Attention,self_attn.v_proj,71.0,-8.125,0.31991592,1062.9966
15,Attention,self_attn.o_proj,8.3125,-5.1875,0.08582534,43.10219
15,MLP,mlp.gate_proj,71.0,-8.1875,0.33901507,880.5905
15,MLP,mlp.up_proj,71.0,-8.1875,0.33901507,880.5905
15,MLP,mlp.down_proj,10.375,-7.4375,0.03263295,792.51825
16,Attention,self_attn.q_proj,71.5,-8.3125,0.33551848,912.90753
16,Attention,self_attn.k_proj,71.5,-8.3125,0.33551848,912.90753
16,Attention,self_attn.v_proj,71.5,-8.3125,0.33551848,912.90753
16,Attention,self_attn.o_proj,5.0625,-4.5,0.07355968,20.77327
16,MLP,mlp.gate_proj,71.5,-8.25,0.3573352,745.6671
16,MLP,mlp.up_proj,71.5,-8.25,0.3573352,745.6671
16,MLP,mlp.down_proj,13.375,-35.25,0.035039287,33003.355
17,Attention,self_attn.q_proj,71.5,-8.5625,0.35621658,742.3224
17,Attention,self_attn.k_proj,71.5,-8.5625,0.35621658,742.3224
17,Attention,self_attn.v_proj,71.5,-8.5625,0.35621658,742.3224
17,Attention,self_attn.o_proj,25.5,-2.03125,0.0711825,2603.686
17,MLP,mlp.gate_proj,71.5,-8.5625,0.36346778,692.4483
17,MLP,mlp.up_proj,71.5,-8.5625,0.36346778,692.4483
17,MLP,mlp.down_proj,43.0,-3.53125,0.03487787,52667.004
18,Attention,self_attn.q_proj,71.5,-8.5625,0.36510503,674.07935
18,Attention,self_attn.k_proj,71.5,-8.5625,0.36510503,674.07935
18,Attention,self_attn.v_proj,71.5,-8.5625,0.36510503,674.07935
18,Attention,self_attn.o_proj,4.53125,-3.828125,0.092081584,12.584022
18,MLP,mlp.gate_proj,71.5,-8.625,0.38992375,540.1041
18,MLP,mlp.up_proj,71.5,-8.625,0.38992375,540.1041
18,MLP,mlp.down_proj,22.0,-6.5625,0.04146932,5472.178
19,Attention,self_attn.q_proj,71.5,-8.5625,0.39488268,509.93036
19,Attention,self_attn.k_proj,71.5,-8.5625,0.39488268,509.93036
19,Attention,self_attn.v_proj,71.5,-8.5625,0.39488268,509.93036
19,Attention,self_attn.o_proj,5.90625,-11.75,0.11238327,71.92109
19,MLP,mlp.gate_proj,71.5,-8.75,0.41743055,418.16232
19,MLP,mlp.up_proj,71.5,-8.75,0.41743055,418.16232
19,MLP,mlp.down_proj,6.90625,-29.75,0.04838188,6643.2817
20,Attention,self_attn.q_proj,71.0,-8.75,0.4266957,373.77316
20,Attention,self_attn.k_proj,71.0,-8.75,0.4266957,373.77316
20,Attention,self_attn.v_proj,71.0,-8.75,0.4266957,373.77316
20,Attention,self_attn.o_proj,4.5625,-9.5625,0.11694673,26.514738
20,MLP,mlp.gate_proj,71.0,-9.0,0.4422448,323.69836
20,MLP,mlp.up_proj,71.0,-9.0,0.4422448,323.69836
20,MLP,mlp.down_proj,6.75,-8.9375,0.053924214,143.32033
21,Attention,self_attn.q_proj,68.0,-9.0625,0.45502555,244.35266
21,Attention,self_attn.k_proj,68.0,-9.0625,0.45502555,244.35266
21,Attention,self_attn.v_proj,68.0,-9.0625,0.45502555,244.35266
21,Attention,self_attn.o_proj,7.375,-5.25,0.106701314,46.76281
21,MLP,mlp.gate_proj,67.5,-9.0,0.47183552,209.77771
21,MLP,mlp.up_proj,67.5,-9.0,0.47183552,209.77771
21,MLP,mlp.down_proj,9.0,-7.0,0.062868595,103.240364
22,Attention,self_attn.q_proj,62.25,-9.625,0.48428646,139.54393
22,Attention,self_attn.k_proj,62.25,-9.625,0.48428646,139.54393
22,Attention,self_attn.v_proj,62.25,-9.625,0.48428646,139.54393
22,Attention,self_attn.o_proj,4.90625,-4.03125,0.125061,10.327708
22,MLP,mlp.gate_proj,61.75,-9.8125,0.50392365,117.928474
22,MLP,mlp.up_proj,61.75,-9.8125,0.50392365,117.928474
22,MLP,mlp.down_proj,18.0,-9.25,0.07338951,380.19522
23,Attention,self_attn.q_proj,54.0,-9.9375,0.5136023,65.175896
23,Attention,self_attn.k_proj,54.0,-9.9375,0.5136023,65.175896
23,Attention,self_attn.v_proj,54.0,-9.9375,0.5136023,65.175896
23,Attention,self_attn.o_proj,4.09375,-7.71875,0.17191528,7.082184
23,MLP,mlp.gate_proj,53.5,-10.25,0.534878,54.3623
23,MLP,mlp.up_proj,53.5,-10.25,0.534878,54.3623
23,MLP,mlp.down_proj,17.125,-15.25,0.089233555,264.94897
24,Attention,self_attn.q_proj,48.0,-9.6875,0.55819654,31.122517
24,Attention,self_attn.k_proj,48.0,-9.6875,0.55819654,31.122517
24,Attention,self_attn.v_proj,48.0,-9.6875,0.55819654,31.122517
24,Attention,self_attn.o_proj,6.625,-9.0625,0.08899883,51.634754
24,MLP,mlp.gate_proj,47.75,-10.1875,0.5909832,25.170488
24,MLP,mlp.up_proj,47.75,-10.1875,0.5909832,25.170488
24,MLP,mlp.down_proj,29.125,-19.625,0.10065075,563.4886
25,Attention,self_attn.q_proj,45.5,-10.625,0.6297899,17.17396
25,Attention,self_attn.k_proj,45.5,-10.625,0.6297899,17.17396
25,Attention,self_attn.v_proj,45.5,-10.625,0.6297899,17.17396
25,Attention,self_attn.o_proj,4.65625,-5.53125,0.08727281,24.50637
25,MLP,mlp.gate_proj,45.25,-10.875,0.64926,15.170017
25,MLP,mlp.up_proj,45.25,-10.875,0.64926,15.170017
25,MLP,mlp.down_proj,30.0,-29.25,0.11320906,483.03168
26,Attention,self_attn.q_proj,43.5,-11.0625,0.7002225,10.233434
26,Attention,self_attn.k_proj,43.5,-11.0625,0.7002225,10.233434
26,Attention,self_attn.v_proj,43.5,-11.0625,0.7002225,10.233434
26,Attention,self_attn.o_proj,3.40625,-2.265625,0.08109161,15.851652
26,MLP,mlp.gate_proj,43.5,-11.3125,0.7149354,9.515567
26,MLP,mlp.up_proj,43.5,-11.3125,0.7149354,9.515567
26,MLP,mlp.down_proj,26.0,-40.25,0.13307339,475.24533
27,Attention,self_attn.q_proj,41.75,-10.75,0.7619528,6.6998787
27,Attention,self_attn.k_proj,41.75,-10.75,0.7619528,6.6998787
27,Attention,self_attn.v_proj,41.75,-10.75,0.7619528,6.6998787
27,Attention,self_attn.o_proj,3.03125,-3.3125,0.08024905,21.7693
27,MLP,mlp.gate_proj,41.75,-10.6875,0.78802764,5.820425
27,MLP,mlp.up_proj,41.75,-10.6875,0.78802764,5.820425
27,MLP,mlp.down_proj,39.0,-73.0,0.16345137,1372.1982
28,Attention,self_attn.q_proj,41.0,-10.6875,0.8243863,4.6264734
28,Attention,self_attn.k_proj,41.0,-10.6875,0.8243863,4.6264734
28,Attention,self_attn.v_proj,41.0,-10.6875,0.8243863,4.6264734
28,Attention,self_attn.o_proj,3.546875,-5.5625,0.11214863,15.746603
28,MLP,mlp.gate_proj,41.0,-9.9375,0.85528654,4.042992
28,MLP,mlp.up_proj,41.0,-9.9375,0.85528654,4.042992
28,MLP,mlp.down_proj,123.0,-187.0,0.29481316,3674.7185
29,Attention,self_attn.q_proj,39.0,-9.75,0.8794954,3.5694985
29,Attention,self_attn.k_proj,39.0,-9.75,0.8794954,3.5694985
29,Attention,self_attn.v_proj,39.0,-9.75,0.8794954,3.5694985
29,Attention,self_attn.o_proj,3.109375,-2.796875,0.09585208,15.951302
29,MLP,mlp.gate_proj,38.5,-13.875,0.8901786,4.0083327
29,MLP,mlp.up_proj,38.5,-13.875,0.8901786,4.0083327
29,MLP,mlp.down_proj,28.25,-26.375,0.2704694,72.114815
